id,sales
3000888,2.1629626465785976
3000889,0.0
3000890,1.1248227085649085
3000891,874.5533993312389
3000892,0.0
3000893,325.01402035254694
3000894,0.0
3000895,822.468429454496
3000896,435.29368793148586
3000897,131.23375748882884
3000898,169.68399959212633
3000899,89.02802903835926
3000900,2077.347729070484
3000901,26.26232318408745
3000902,0.9523589456314094
3000903,0.0
3000904,0.0
3000905,0.0
3000906,0.0
3000907,0.0
3000908,6.581886112762412
3000909,10.561170218675112
3000910,74.34401841029867
3000911,0.0
3000912,314.27596387970937
3000913,141.56343573102396
3000914,0.0
3000915,0.0
3000916,187.27656518163033
3000917,70.65242085136352
3000918,0.0
3000919,0.0
3000920,25.98312168750488
3000921,2.505271632432116
3000922,0.0
3000923,0.040713487606226506
3000924,381.5690271852038
3000925,0.0
3000926,133.67909511017032
3000927,0.0
3000928,723.5175597357411
3000929,108.63237366640412
3000930,164.71033692578956
3000931,42.71345464798214
3000932,21.301322043201374
3000933,1945.1013933144393
3000934,5.264176991273919
3000935,0.0
3000936,0.0
3000937,0.0
3000938,0.0
3000939,0.0
3000940,0.0
3000941,0.0
3000942,3.812759359877524
3000943,7.468514308921577
3000944,0.0
3000945,211.32841088629277
3000946,162.03391980638602
3000947,0.0
3000948,0.0
3000949,98.50610391940725
3000950,22.334594004613653
3000951,0.0
3000952,0.0
3000953,1.6006025710237783
3000954,14.644435046689914
3000955,5.677253887050268
3000956,9.946900712554442
3000957,1882.8436030761145
3000958,5.677253887050268
3000959,486.21305960585124
3000960,5.677253887050268
3000961,1765.7663360055951
3000962,194.87068662341414
3000963,271.6210543829302
3000964,79.42888952908318
3000965,43.94976207270139
3000966,4961.074875680011
3000967,24.547230391632024
3000968,6.309009735291393
3000969,5.677253887050268
3000970,5.677253887050268
3000971,5.778334943579673
3000972,5.677253887050268
3000973,5.677253887050268
3000974,6.523155448980567
3000975,18.40304283718694
3000976,27.774108471496874
3000977,5.677253887050268
3000978,566.0622867862708
3000979,321.66780851916866
3000980,5.677253887050268
3000981,5.677253887050268
3000982,365.4093158843167
3000983,43.12315146590423
3000984,5.677253887050268
3000985,5.677253887050268
3000986,10.892435546894115
3000987,1.9416156285037571
3000988,0.0
3000989,0.07226068725349766
3000990,512.9664152163804
3000991,0.0
3000992,196.53881995649462
3000993,0.0
3000994,717.7610940337738
3000995,127.60278255275637
3000996,129.66645780759873
3000997,45.84128806117296
3000998,18.888581805008172
3000999,1865.197352371642
3001000,6.98238948737324
3001001,0.18176810407680222
3001002,0.0
3001003,0.0
3001004,0.0
3001005,0.0
3001006,0.0
3001007,0.0
3001008,6.107489820815215
3001009,25.738862554944408
3001010,0.0
3001011,169.87564792839584
3001012,132.1102006248698
3001013,0.0
3001014,0.0
3001015,69.73077258631331
3001016,28.57923686328455
3001017,0.0
3001018,0.0
3001019,2.9749920332344306
3001020,1.7289987633607629
3001021,0.0
3001022,0.0
3001023,593.4498859458812
3001024,0.0
3001025,197.54458097175382
3001026,0.0
3001027,689.9393973159815
3001028,125.50015530272722
3001029,112.38029640110831
3001030,36.054771213437135
3001031,20.457126063907886
3001032,1919.9377798952587
3001033,5.553888682336538
3001034,0.0
3001035,0.0
3001036,0.0
3001037,0.0
3001038,0.0
3001039,0.0
3001040,0.0
3001041,2.3099209363131887
3001042,13.889803730802463
3001043,0.0
3001044,157.56022412048955
3001045,142.5441620614922
3001046,0.0
3001047,0.0
3001048,65.31466174487285
3001049,26.335543589392714
3001050,0.0
3001051,0.0
3001052,2.515984851442952
3001053,1.3962575349988349
3001054,0.0
3001055,1.1479835727861145
3001056,398.0537181214434
3001057,0.0
3001058,214.47221945268055
3001059,0.0
3001060,1024.251943339091
3001061,137.67418001218556
3001062,127.41403680422749
3001063,44.63565110879284
3001064,36.49299092099824
3001065,2220.4043999531305
3001066,8.353035854269175
3001067,0.0
3001068,0.0
3001069,0.0
3001070,0.0
3001071,0.0
3001072,0.0
3001073,0.0
3001074,6.82323515365022
3001075,16.984282132217334
3001076,0.0
3001077,346.9772573097769
3001078,260.02061376659
3001079,0.0
3001080,0.0
3001081,71.00164848195676
3001082,36.188518848152675
3001083,0.0
3001084,0.0
3001085,5.512381766553166
3001086,2.733229498606959
3001087,0.0
3001088,1.510462167459791
3001089,540.7642335787799
3001090,0.0
3001091,169.94668969327822
3001092,0.0
3001093,813.265100513067
3001094,131.483895354288
3001095,157.20771613283458
3001096,51.07678551043074
3001097,21.388207412493735
3001098,2101.5907437952783
3001099,8.475645547535374
3001100,0.0
3001101,0.0
3001102,0.0
3001103,0.0
3001104,0.0
3001105,0.0
3001106,0.0
3001107,3.5212048517641827
3001108,18.67926121235998
3001109,0.0
3001110,125.26570569871808
3001111,172.43680395366653
3001112,0.0
3001113,0.0
3001114,53.926928602927624
3001115,25.265524779793367
3001116,0.0
3001117,0.0
3001118,4.526327845951862
3001119,3.7582753920739522
3001120,0.0
3001121,0.0
3001122,370.4350818318017
3001123,0.0
3001124,183.00575880681404
3001125,0.0
3001126,842.0397033823149
3001127,114.3164029233891
3001128,172.78449849734676
3001129,84.9118294383185
3001130,20.21675642424291
3001131,2137.5572827926026
3001132,7.392548680133448
3001133,0.0
3001134,0.0
3001135,0.0
3001136,0.0
3001137,0.0
3001138,0.0
3001139,0.0
3001140,4.133320531062608
3001141,15.92145530620287
3001142,0.0
3001143,98.33051660304284
3001144,170.4009538066191
3001145,0.0
3001146,0.0
3001147,81.36106204321608
3001148,44.58965464487129
3001149,0.0
3001150,0.0
3001151,2.251930275770845
3001152,1.9359609893348582
3001153,0.0
3001154,0.08842527857956761
3001155,716.8211071223975
3001156,0.0
3001157,181.48327392074495
3001158,0.0
3001159,793.8375330917434
3001160,163.65705507585335
3001161,197.7191497911905
3001162,71.99528817605042
3001163,35.09919314880951
3001164,2335.5227814906157
3001165,5.874515486901991
3001166,0.0
3001167,0.0
3001168,0.0
3001169,0.0
3001170,0.0
3001171,0.0
3001172,0.0
3001173,2.2698241024480756
3001174,25.882838215434838
3001175,0.0
3001176,191.33236818532643
3001177,147.02726537835576
3001178,0.0
3001179,0.0
3001180,142.72383454513928
3001181,41.678835152498245
3001182,0.0
3001183,0.0
3001184,7.238880810516573
3001185,1.6815714007289717
3001186,0.0
3001187,0.2419285452136446
3001188,663.7692918788381
3001189,0.0
3001190,589.3511064673747
3001191,0.0
3001192,554.2870997163678
3001193,211.64696778308996
3001194,135.0647757535984
3001195,108.3243080598688
3001196,47.79846007460842
3001197,1880.7274809415878
3001198,14.280137721165694
3001199,0.0
3001200,0.0
3001201,0.0
3001202,0.0
3001203,0.0
3001204,0.0
3001205,0.0
3001206,6.653400029537714
3001207,33.988721840358174
3001208,0.0
3001209,120.00158252114034
3001210,99.45635397611323
3001211,0.0
3001212,0.0
3001213,99.21828388239847
3001214,43.49045563027283
3001215,0.0
3001216,0.0
3001217,9.397118262866126
3001218,2.347764340649773
3001219,0.0
3001220,0.0
3001221,907.5293652643662
3001222,0.0
3001223,214.67507743669628
3001224,0.0
3001225,739.2517243058287
3001226,98.60159481339498
3001227,124.35840235887437
3001228,45.420535817989276
3001229,23.472321824021943
3001230,1871.9032620097373
3001231,7.847826274435846
3001232,0.03823563433999322
3001233,0.0
3001234,0.0
3001235,0.0
3001236,0.0
3001237,0.0
3001238,0.0
3001239,1.6527245057016247
3001240,47.650328168449434
3001241,0.0
3001242,133.94052656466673
3001243,120.3224028990959
3001244,0.0
3001245,0.0
3001246,58.824269756891574
3001247,30.436791226259295
3001248,0.0
3001249,0.0
3001250,5.459355180001149
3001251,6.524187806476084
3001252,3.044408576270955
3001253,6.64488287000899
3001254,957.3086050300581
3001255,3.044408576270955
3001256,322.2380502883731
3001257,3.044408576270955
3001258,912.6954825046693
3001259,419.96010619880036
3001260,173.57057836572588
3001261,160.4158635774918
3001262,73.65565441916134
3001263,2596.7085434656956
3001264,25.55643766020913
3001265,3.662637213876053
3001266,3.044408576270955
3001267,3.044408576270955
3001268,2.985940961498737
3001269,3.044408576270955
3001270,3.044408576270955
3001271,9.534255351639436
3001272,15.622648640466181
3001273,33.00575947225989
3001274,3.044408576270955
3001275,442.85072079415136
3001276,181.89429630075773
3001277,3.044408576270955
3001278,3.044408576270955
3001279,225.04912240634286
3001280,90.72250105054664
3001281,3.044408576270955
3001282,3.044408576270955
3001283,23.144131669494854
3001284,0.0
3001285,0.0
3001286,0.0
3001287,25.224994464749713
3001288,0.0
3001289,35.691652266104654
3001290,0.0
3001291,38.58676830634162
3001292,34.69765027983266
3001293,14.757059501111598
3001294,6.4790410524893485
3001295,0.0
3001296,47.60483744590371
3001297,0.0
3001298,0.0
3001299,0.0
3001300,0.0
3001301,0.0
3001302,0.0
3001303,0.0
3001304,0.0
3001305,0.0
3001306,0.0
3001307,0.0
3001308,37.31851287676531
3001309,17.660581806156145
3001310,0.0
3001311,0.0
3001312,13.835119420955072
3001313,0.02029625645365485
3001314,0.0
3001315,0.0
3001316,0.0
3001317,0.0
3001318,0.0
3001319,0.0
3001320,27.270938687113713
3001321,0.0
3001322,38.501388027693096
3001323,0.0
3001324,39.43786552904406
3001325,33.264146585130646
3001326,14.432701577943032
3001327,5.641865472950087
3001328,0.0
3001329,56.97252675620416
3001330,0.0
3001331,0.0
3001332,0.0
3001333,0.0
3001334,0.0
3001335,0.0
3001336,0.0
3001337,0.0
3001338,0.0
3001339,0.0
3001340,0.0
3001341,35.52626317962421
3001342,17.900067103111738
3001343,0.0
3001344,0.0
3001345,12.40881057989032
3001346,0.0
3001347,0.0
3001348,0.0
3001349,0.0
3001350,0.0
3001351,0.0
3001352,0.0
3001353,26.903217868826154
3001354,0.0
3001355,36.33510386976128
3001356,0.0
3001357,39.22657832189353
3001358,33.3626959152309
3001359,15.187161460402557
3001360,5.810953227460584
3001361,0.0
3001362,47.18457604458192
3001363,0.0
3001364,0.0
3001365,0.0
3001366,0.0
3001367,0.0
3001368,0.0
3001369,0.0
3001370,0.0
3001371,0.0
3001372,0.0
3001373,0.0
3001374,34.20922242342348
3001375,18.227076288134988
3001376,0.0
3001377,0.0
3001378,13.013147611330863
3001379,0.0
3001380,0.0
3001381,0.0
3001382,0.0
3001383,1.3994469256007473
3001384,0.0
3001385,0.0
3001386,597.024450666867
3001387,0.0
3001388,262.41501708338546
3001389,0.0
3001390,685.691134444836
3001391,249.97066633920338
3001392,127.17057743663713
3001393,69.17389033233992
3001394,62.15556234058955
3001395,1844.7845037691666
3001396,15.549053073506993
3001397,0.0
3001398,0.0
3001399,0.0
3001400,0.0
3001401,0.0
3001402,0.0
3001403,0.0
3001404,3.7115691301531433
3001405,35.566087270290595
3001406,0.0
3001407,1375.678005503059
3001408,138.3723771543003
3001409,0.0
3001410,0.0
3001411,164.85791739380045
3001412,45.84889807300378
3001413,0.0
3001414,0.0
3001415,16.73191741345149
3001416,10.611309716520191
3001417,8.481076600089793
3001418,9.754589910167752
3001419,1778.9545049998396
3001420,8.481076600089793
3001421,515.8208456762703
3001422,8.481076600089793
3001423,1252.2745589177018
3001424,634.5193543523827
3001425,223.33050881997855
3001426,222.40057933993617
3001427,109.01262337675539
3001428,3484.684669614573
3001429,27.74065082104932
3001430,8.907139297872952
3001431,8.481076600089793
3001432,8.481076600089793
3001433,8.422608985317575
3001434,8.481076600089793
3001435,8.481076600089793
3001436,15.136958448125561
3001437,18.826445872360903
3001438,60.71570365901213
3001439,8.481076600089793
3001440,435.31550648956016
3001441,234.72321199365905
3001442,8.481076600089793
3001443,8.481076600089793
3001444,288.584035292514
3001445,125.86010883306155
3001446,8.481076600089793
3001447,8.481076600089793
3001448,48.83523944566405
3001449,1.4878703526034527
3001450,0.0
3001451,0.315886806997846
3001452,1335.7643323447157
3001453,0.0
3001454,267.95001888990384
3001455,0.0
3001456,613.4001288044179
3001457,324.7045144818335
3001458,139.8666774469078
3001459,119.96869890603539
3001460,57.68733927017182
3001461,1767.6725243845608
3001462,14.438971271516808
3001463,0.0
3001464,0.0
3001465,0.0
3001466,0.0
3001467,0.0
3001468,0.0
3001469,5.248932543889077
3001470,23.922445488075862
3001471,96.00115540970266
3001472,0.0
3001473,375.0157475114477
3001474,109.7975920543932
3001475,0.0
3001476,0.0
3001477,133.5124563704198
3001478,83.05952805348522
3001479,0.0
3001480,0.0
3001481,3.8419334392770272
3001482,2.9796874194627687
3001483,0.0
3001484,0.0
3001485,397.94729800309227
3001486,0.0
3001487,249.3582538012392
3001488,0.0
3001489,588.2534524875796
3001490,167.79877299549037
3001491,108.81943300822778
3001492,72.02422708771225
3001493,30.06512922167535
3001494,1706.4875186941438
3001495,8.39353945452453
3001496,0.0
3001497,0.0
3001498,0.0
3001499,0.0
3001500,0.0
3001501,0.0
3001502,0.0
3001503,6.479952592674744
3001504,20.64394594262175
3001505,0.0
3001506,319.67025363722
3001507,182.90112661638952
3001508,0.0
3001509,0.0
3001510,145.6513134876869
3001511,35.55928189862245
3001512,0.0
3001513,0.0
3001514,2.7752656843575636
3001515,2.6571539718725665
3001516,0.0
3001517,1.4504492006633862
3001518,821.8232914354423
3001519,0.0
3001520,340.81437548042663
3001521,0.0
3001522,621.1470471373897
3001523,310.18097541813614
3001524,163.60156981762393
3001525,166.49120789688598
3001526,51.876067663164946
3001527,1915.232728758661
3001528,19.704702639997812
3001529,0.0
3001530,0.0
3001531,0.0
3001532,0.0
3001533,0.0
3001534,0.0
3001535,0.2485715317861783
3001536,9.439860019954743
3001537,55.13616478361019
3001538,0.0
3001539,184.4154629533367
3001540,142.0386628448295
3001541,0.0
3001542,0.0
3001543,179.11199529733852
3001544,70.41330137423269
3001545,0.0
3001546,0.0
3001547,17.54119772661655
3001548,3.405953275192404
3001549,0.0
3001550,0.34083372887482377
3001551,523.1964163137594
3001552,0.0
3001553,343.22337712272383
3001554,0.0
3001555,559.052906749376
3001556,174.96121404141627
3001557,131.02408043544534
3001558,73.65568163443238
3001559,26.639802954022716
3001560,1705.3023649645993
3001561,9.72164971569628
3001562,0.0
3001563,0.0
3001564,0.0
3001565,0.0
3001566,0.0
3001567,0.0
3001568,0.0
3001569,4.110508940830503
3001570,45.64549757465639
3001571,0.0
3001572,95.98359107295698
3001573,144.25298135837141
3001574,0.0
3001575,0.0
3001576,104.08441178023428
3001577,43.44387630470192
3001578,0.0
3001579,0.0
3001580,4.010451494701253
3001581,0.0
3001582,0.0
3001583,0.0
3001584,28.464799467152844
3001585,0.0
3001586,38.46989064066482
3001587,0.0
3001588,41.20163063117065
3001589,32.90976580691749
3001590,15.365249536254439
3001591,6.279869493230004
3001592,0.0
3001593,45.19943914915439
3001594,0.0
3001595,0.0
3001596,0.0
3001597,0.0
3001598,0.0
3001599,0.0
3001600,0.0
3001601,0.0
3001602,0.0
3001603,0.0
3001604,0.0
3001605,36.399303685210576
3001606,17.95581689041338
3001607,0.0
3001608,0.0
3001609,13.68598733433673
3001610,0.06506744197538694
3001611,0.0
3001612,0.0
3001613,0.0
3001614,21.8864886857019
3001615,16.779741090198133
3001616,21.177810350683032
3001617,2912.353791055404
3001618,16.779741090198133
3001619,740.4423217684152
3001620,16.779741090198133
3001621,1835.7138165364609
3001622,1037.7765069420627
3001623,307.65398215860864
3001624,453.1934990176604
3001625,234.06911036892703
3001626,5483.008565107788
3001627,69.6541514029357
3001628,19.347393720835292
3001629,16.779741090198133
3001630,16.779741090198133
3001631,18.00264874181708
3001632,16.779741090198133
3001633,16.779741090198133
3001634,27.923747650540463
3001635,55.557618045712324
3001636,150.62601588575686
3001637,16.779741090198133
3001638,627.0370586408471
3001639,351.9082488735294
3001640,16.779741090198133
3001641,16.779741090198133
3001642,408.8654556861105
3001643,276.453890987995
3001644,16.779741090198133
3001645,16.779741090198133
3001646,101.13316369620868
3001647,0.0
3001648,0.0
3001649,0.0
3001650,354.28575295128724
3001651,0.0
3001652,132.37900860239128
3001653,0.0
3001654,395.1351610945418
3001655,113.04966467896749
3001656,73.630553642571
3001657,50.15177667813177
3001658,14.455846758711198
3001659,1075.3613902659513
3001660,2.1638644892800154
3001661,0.0
3001662,0.0
3001663,0.0
3001664,0.0
3001665,0.0
3001666,0.0
3001667,0.0
3001668,0.4994681597457413
3001669,25.01872809652778
3001670,0.0
3001671,89.1678816907153
3001672,75.45365096377209
3001673,0.0
3001674,0.0
3001675,66.71074941114802
3001676,18.06435325855849
3001677,0.0
3001678,0.0
3001679,0.0
3001680,3.993250272288355
3001681,0.0
3001682,0.5707864170365289
3001683,627.0499783087589
3001684,0.0
3001685,295.5352685357435
3001686,0.0
3001687,791.6647163017899
3001688,190.43510247062682
3001689,141.08098303810058
3001690,66.80609335315727
3001691,19.560801921326906
3001692,2296.0956756531905
3001693,9.858324599932947
3001694,0.0
3001695,0.0
3001696,0.0
3001697,0.0
3001698,0.0
3001699,0.0
3001700,0.0
3001701,3.026969782006846
3001702,20.020944213816975
3001703,0.0
3001704,166.40001203419337
3001705,197.7615338978872
3001706,0.0
3001707,0.0
3001708,77.45315189091068
3001709,43.07021937782336
3001710,0.0
3001711,0.0
3001712,3.9542692712716807
3001713,0.0
3001714,0.0
3001715,0.0
3001716,192.85594218188868
3001717,0.0
3001718,102.80544851565595
3001719,0.0
3001720,421.4878746320744
3001721,77.30981466083456
3001722,65.08395567677732
3001723,31.19681501565895
3001724,15.468296116946114
3001725,1106.5064930017022
3001726,2.4254135005480753
3001727,0.0
3001728,0.0
3001729,0.0
3001730,0.0
3001731,0.0
3001732,0.0
3001733,0.0
3001734,0.03769622610055534
3001735,35.03745077192314
3001736,0.0
3001737,95.57602430299801
3001738,120.00540080645258
3001739,0.0
3001740,0.0
3001741,61.527905024708424
3001742,19.544643078448534
3001743,0.0
3001744,0.0
3001745,0.0
3001746,3.7098220880306316
3001747,0.0
3001748,0.18137662502984386
3001749,562.5490633700297
3001750,0.0
3001751,200.23523368055993
3001752,0.0
3001753,839.7118479060089
3001754,151.9105334460702
3001755,139.0041133642436
3001756,86.771427982671
3001757,33.889753656929884
3001758,2204.2928744485525
3001759,7.146138578183461
3001760,0.10431458429202234
3001761,0.0
3001762,0.0
3001763,0.0
3001764,0.0
3001765,0.0
3001766,0.0
3001767,6.272436102232606
3001768,22.543241561589426
3001769,0.0
3001770,166.28802383293916
3001771,175.12932825752205
3001772,0.0
3001773,0.0
3001774,86.30130931548192
3001775,42.01942652718634
3001776,0.0
3001777,0.0
3001778,1.7169654011442388
3001779,2.7181842889739176
3001780,0.0
3001781,0.28489251783990666
3001782,861.8702714296905
3001783,0.0
3001784,531.342195669789
3001785,0.0
3001786,763.665430784876
3001787,175.49927282717778
3001788,203.56715468037203
3001789,62.54366275259572
3001790,30.519381566043663
3001791,2647.040882663722
3001792,13.759998936544166
3001793,1.0245693286772992
3001794,0.0
3001795,0.0
3001796,0.0
3001797,0.0
3001798,0.0
3001799,0.0
3001800,9.252802441538844
3001801,39.65701371562047
3001802,0.0
3001803,193.7712269368876
3001804,251.96322529418896
3001805,0.0
3001806,0.0
3001807,90.44210348864135
3001808,44.57434170543606
3001809,0.0
3001810,0.0
3001811,1.9512585180832849
3001812,0.0
3001813,0.0
3001814,0.0
3001815,507.1139060346821
3001816,0.0
3001817,109.61747729776056
3001818,0.0
3001819,434.13576861332604
3001820,88.18270975134321
3001821,68.01413317266024
3001822,41.94338404565582
3001823,12.06939590119163
3001824,1239.2855683026148
3001825,3.4183280131514415
3001826,0.0
3001827,0.0
3001828,0.0
3001829,0.0
3001830,0.0
3001831,0.0
3001832,0.0
3001833,0.0
3001834,17.044192298600784
3001835,0.0
3001836,93.7181076665732
3001837,85.55508748931463
3001838,0.0
3001839,0.0
3001840,36.487983655313
3001841,16.0454470271261
3001842,0.0
3001843,0.0
3001844,0.0
3001845,0.0
3001846,0.0
3001847,0.0
3001848,25.29493879420231
3001849,0.0
3001850,37.341028952980096
3001851,0.0
3001852,35.684803442935426
3001853,32.11964192338029
3001854,14.283885305018543
3001855,4.672119050053482
3001856,0.0
3001857,42.704698073467526
3001858,0.0
3001859,0.0
3001860,0.0
3001861,0.0
3001862,0.0
3001863,0.0
3001864,0.0
3001865,0.0
3001866,0.0
3001867,0.0
3001868,0.0
3001869,35.30036621263017
3001870,17.53664472953775
3001871,0.0
3001872,0.0
3001873,12.10873402062374
3001874,0.0
3001875,0.0
3001876,0.0
3001877,0.0
3001878,8.7872376506965
3001879,3.226485914841472
3001880,6.7362465797289595
3001881,845.0223130202484
3001882,3.226485914841472
3001883,427.22966005523267
3001884,3.226485914841472
3001885,1220.8557542155336
3001886,528.6483876100158
3001887,131.71338777792613
3001888,175.2153170992015
3001889,140.5401431656659
3001890,3395.015935869059
3001891,51.42807296769959
3001892,5.122439430710857
3001893,3.226485914841472
3001894,3.226485914841472
3001895,3.6120301436971545
3001896,3.226485914841472
3001897,3.226485914841472
3001898,7.464856391817497
3001899,16.731823658226226
3001900,72.44612985554063
3001901,3.226485914841472
3001902,248.38417636582307
3001903,260.73461751356956
3001904,3.226485914841472
3001905,3.226485914841472
3001906,133.95681766149946
3001907,174.35063329101595
3001908,3.226485914841472
3001909,3.226485914841472
3001910,17.647719214062842
3001911,5.448710964448795
3001912,1.1138545310468269
3001913,3.5921995145823598
3001914,578.0552384684516
3001915,1.1138545310468269
3001916,403.7262696118075
3001917,1.1138545310468269
3001918,878.3013763961532
3001919,446.1715290888905
3001920,145.60736782039064
3001921,115.76535647594011
3001922,139.21634217794187
3001923,2784.552902629359
3001924,24.342679367463322
3001925,2.5961864263933823
3001926,1.1138545310468269
3001927,1.1138545310468269
3001928,1.055386916274609
3001929,1.1138545310468269
3001930,1.1138545310468269
3001931,2.9394074900128055
3001932,21.93440586269397
3001933,49.01059863696169
3001934,1.1138545310468269
3001935,199.7075306187442
3001936,237.83625240255358
3001937,1.1138545310468269
3001938,1.1138545310468269
3001939,93.26594609908096
3001940,122.43965033539142
3001941,1.1138545310468269
3001942,1.1138545310468269
3001943,20.17544267490347
3001944,6.460362913017795
3001945,0.0
3001946,0.5137231392387935
3001947,590.2241388768794
3001948,0.0
3001949,622.3669162918594
3001950,0.0
3001951,1017.2561928637
3001952,180.11766538822587
3001953,97.48859785670348
3001954,95.11159958363667
3001955,36.56104991045831
3001956,2493.2082664518084
3001957,24.17739672067289
3001958,0.27738846600074285
3001959,0.0
3001960,0.0
3001961,0.0
3001962,0.0
3001963,0.0
3001964,0.774958623687406
3001965,7.0336420240005
3001966,34.36701248133695
3001967,0.0
3001968,132.9687045442867
3001969,217.18426196857106
3001970,0.0
3001971,0.0
3001972,89.8037437162702
3001973,54.14666563592678
3001974,0.0
3001975,0.0
3001976,9.353072554877706
3001977,6.636823736827891
3001978,2.634146687381433
3001979,5.861792695230777
3001980,901.4394043627562
3001981,2.634146687381433
3001982,287.6483047765487
3001983,2.634146687381433
3001984,837.6705305321947
3001985,381.88239013914676
3001986,161.80539149484252
3001987,140.2119526058288
3001988,75.16220667564303
3001989,2500.713104949732
3001990,30.03965658471574
3001991,4.034928965933433
3001992,2.634146687381433
3001993,2.634146687381433
3001994,2.765143119779893
3001995,2.634146687381433
3001996,2.634146687381433
3001997,8.745551547226345
3001998,18.60892712193847
3001999,39.38291288979815
3002000,2.634146687381433
3002001,354.2041142987062
3002002,188.80160138300494
3002003,2.634146687381433
3002004,2.634146687381433
3002005,222.6499002302986
3002006,84.4341806947177
3002007,2.634146687381433
3002008,2.634146687381433
3002009,26.71508674197073
3002010,2.4907210581129116
3002011,0.0
3002012,0.4429106114469623
3002013,495.3666535182942
3002014,0.0
3002015,213.6813401640568
3002016,0.0
3002017,703.1736880168321
3002018,142.08241245656606
3002019,121.63951825611184
3002020,78.65529567687604
3002021,22.212654932373418
3002022,1974.7199592135635
3002023,9.386606334820932
3002024,0.0
3002025,0.0
3002026,0.0
3002027,0.0
3002028,0.0
3002029,0.0
3002030,0.0
3002031,2.344146868069936
3002032,15.404500991532348
3002033,0.0
3002034,78.00460133777078
3002035,151.9962449237484
3002036,0.0
3002037,0.0
3002038,68.73632735020938
3002039,34.03423190779194
3002040,0.0
3002041,0.0
3002042,2.154911071332026
3002043,2.479129725644161
3002044,0.0
3002045,0.8365606979650675
3002046,474.931121258558
3002047,0.0
3002048,205.78720550555786
3002049,0.0
3002050,541.3207172690952
3002051,206.00937051160582
3002052,121.43288072140307
3002053,86.41986350528553
3002054,60.30870056125498
3002055,1510.9668285824741
3002056,17.966866557889077
3002057,0.0
3002058,0.0
3002059,0.0
3002060,0.0
3002061,0.0
3002062,0.0
3002063,0.14979479258953377
3002064,10.43140825839736
3002065,30.474150387041117
3002066,0.0
3002067,133.5255376630704
3002068,138.20041513323443
3002069,0.0
3002070,0.0
3002071,81.40280764804541
3002072,56.00815557564393
3002073,0.0
3002074,0.0
3002075,4.396895257744957
3002076,0.0
3002077,0.0
3002078,0.0
3002079,26.169589053874873
3002080,0.0
3002081,35.77399044536599
3002082,0.0
3002083,37.51999424717686
3002084,33.084546942076415
3002085,14.96550379778341
3002086,6.792392666386554
3002087,0.0
3002088,54.79453726465434
3002089,0.0
3002090,0.0
3002091,0.0
3002092,0.0
3002093,0.0
3002094,0.0
3002095,0.0
3002096,0.0
3002097,0.0
3002098,0.0
3002099,0.0
3002100,35.47752714532289
3002101,18.690620846059794
3002102,0.0
3002103,0.0
3002104,13.857387111286615
3002105,0.20299145552359543
3002106,0.0
3002107,0.0
3002108,0.0
3002109,2.8997564457478795
3002110,0.0
3002111,0.0
3002112,1001.5520073339806
3002113,0.0
3002114,197.56046320258818
3002115,0.0
3002116,699.8251286214067
3002117,91.70152235681068
3002118,113.69376293726344
3002119,64.08694488380966
3002120,22.62156478178167
3002121,1966.1572351031346
3002122,6.509837346330585
3002123,0.0
3002124,0.0
3002125,0.0
3002126,0.0
3002127,0.0
3002128,0.0
3002129,0.0
3002130,5.233672159903293
3002131,77.01285522885078
3002132,0.0
3002133,137.30270987002388
3002134,153.11099629502132
3002135,0.0
3002136,0.0
3002137,83.68739105024801
3002138,38.506966413594846
3002139,0.0
3002140,0.0
3002141,0.39639149541989194
3002142,35.93148481269397
3002143,24.392899029395583
3002144,27.59335409739252
3002145,3861.593297300088
3002146,24.392899029395583
3002147,897.1392036028509
3002148,24.392899029395583
3002149,2391.3196169595058
3002150,1420.4576948993492
3002151,468.6356317982222
3002152,566.4221554640563
3002153,355.16002795219725
3002154,7055.287723687198
3002155,96.89320264716956
3002156,27.403280426858327
3002157,24.392899029395583
3002158,24.392899029395583
3002159,25.34656829819304
3002160,24.392899029395583
3002161,24.392899029395583
3002162,28.981655324768052
3002163,48.18324785865921
3002164,211.2494848269413
3002165,24.392899029395583
3002166,785.0090091767588
3002167,410.62284238832416
3002168,24.392899029395583
3002169,24.392899029395583
3002170,485.1400282350655
3002171,421.9280084750162
3002172,24.392899029395583
3002173,24.392899029395583
3002174,122.28412299695681
3002175,29.549901767670026
3002176,17.942083825732837
3002177,23.607609341064155
3002178,2445.0745684466356
3002179,17.942083825732837
3002180,670.9703780625503
3002181,17.942083825732837
3002182,2022.6479939890876
3002183,908.8791591496287
3002184,457.1071314321759
3002185,362.1295236860145
3002186,268.45226527799326
3002187,6349.440621330712
3002188,78.43909924937796
3002189,19.016627724510982
3002190,17.942083825732837
3002191,17.942083825732837
3002192,19.07356670853733
3002193,17.942083825732837
3002194,17.942083825732837
3002195,22.77074771152403
3002196,25.612203363579127
3002197,107.89416554430194
3002198,17.942083825732837
3002199,969.0580363032497
3002200,384.7317115423033
3002201,17.942083825732837
3002202,17.942083825732837
3002203,482.3466806950909
3002204,236.19607341474088
3002205,17.942083825732837
3002206,17.942083825732837
3002207,84.67721250567682
3002208,23.38816442765978
3002209,12.876334887209943
3002210,20.935116244896573
3002211,1727.4813486825926
3002212,12.876334887209943
3002213,419.6090051759488
3002214,12.876334887209943
3002215,1893.5329860941458
3002216,572.2781527500855
3002217,557.0032774132006
3002218,187.05814204173427
3002219,202.26564099303968
3002220,5740.512477568606
3002221,47.397194105804815
3002222,13.943436617021662
3002223,12.876334887209943
3002224,12.876334887209943
3002225,14.27375483365549
3002226,12.876334887209943
3002227,12.876334887209943
3002228,16.480277800385206
3002229,44.4796480057699
3002230,64.20684833667113
3002231,12.876334887209943
3002232,1139.6070092351633
3002233,505.72800217047956
3002234,12.876334887209943
3002235,12.876334887209943
3002236,607.5601081632677
3002237,129.5099478176382
3002238,12.876334887209943
3002239,12.876334887209943
3002240,44.85784244331494
3002241,27.251524204845502
3002242,17.36187314803734
3002243,25.110642573569848
3002244,2270.883675750244
3002245,17.36187314803734
3002246,708.452359585332
3002247,17.36187314803734
3002248,2004.647470150235
3002249,901.9374789153013
3002250,476.35321125979976
3002251,298.74890889806994
3002252,235.7331416343913
3002253,6290.787060501223
3002254,61.06216363384615
3002255,18.59599178100169
3002256,17.36187314803734
3002257,17.36187314803734
3002258,17.97650149031885
3002259,17.36187314803734
3002260,17.36187314803734
3002261,27.56502045266452
3002262,24.287072695694512
3002263,85.41780860817138
3002264,17.36187314803734
3002265,851.9806781482025
3002266,455.7258033715461
3002267,17.36187314803734
3002268,17.36187314803734
3002269,594.4854864859819
3002270,225.15948314862092
3002271,17.36187314803734
3002272,17.36187314803734
3002273,76.55994532221774
3002274,17.29263524260137
3002275,9.290723544336549
3002276,15.095848263405344
3002277,1199.119160286936
3002278,9.290723544336549
3002279,450.89388012514166
3002280,9.290723544336549
3002281,1651.4169522887644
3002282,415.8329899228949
3002283,438.2192277168854
3002284,123.75021703836461
3002285,132.7233681023968
3002286,4825.654110958313
3002287,29.185165153853063
3002288,9.964972284610722
3002289,9.290723544336549
3002290,9.290723544336549
3002291,9.232255929564332
3002292,9.290723544336549
3002293,9.290723544336549
3002294,10.602171272048107
3002295,19.578935650165207
3002296,52.92639204863611
3002297,9.290723544336549
3002298,859.7869845960624
3002299,408.5230806599234
3002300,9.290723544336549
3002301,9.290723544336549
3002302,560.1185096840592
3002303,107.81988745124704
3002304,9.290723544336549
3002305,9.290723544336549
3002306,28.16065128488103
3002307,13.295967076989605
3002308,7.262712663345672
3002309,9.873872418795086
3002310,1695.2893950166572
3002311,7.262712663345672
3002312,443.0437067329541
3002313,7.262712663345672
3002314,1043.9412788564337
3002315,660.872305146032
3002316,205.07980619189144
3002317,247.7047366002651
3002318,173.74907910016356
3002319,3312.742085758442
3002320,45.219328144971875
3002321,8.215744215885271
3002322,7.262712663345672
3002323,7.262712663345672
3002324,7.822496149867247
3002325,7.262712663345672
3002326,7.262712663345672
3002327,12.508204449960946
3002328,14.475938716129397
3002329,74.39069324985606
3002330,7.262712663345672
3002331,393.18136003794376
3002332,215.69273580853886
3002333,7.262712663345672
3002334,7.262712663345672
3002335,197.1054772225895
3002336,201.07128097252007
3002337,7.262712663345672
3002338,7.262712663345672
3002339,51.56901612584388
3002340,5.190274711487562
3002341,0.8143459707002969
3002342,5.289773781522771
3002343,679.2197192364528
3002344,0.8143459707002969
3002345,333.2099941789117
3002346,0.8143459707002969
3002347,1070.9164850817506
3002348,314.80285380564897
3002349,230.20782082934068
3002350,139.4447100417877
3002351,100.3587025931652
3002352,2819.8490781994096
3002353,22.95596255406302
3002354,1.7770327503722365
3002355,0.8143459707002969
3002356,0.8143459707002969
3002357,0.8458361862612995
3002358,0.8143459707002969
3002359,0.8143459707002969
3002360,3.3374495193748634
3002361,31.714554765420424
3002362,43.0181145707691
3002363,0.8143459707002969
3002364,311.35769058844096
3002365,229.0631987830929
3002366,0.8143459707002969
3002367,0.8143459707002969
3002368,183.87981863736266
3002369,94.91988807712815
3002370,0.8143459707002969
3002371,0.8143459707002969
3002372,12.638856863123394
3002373,13.196365760196208
3002374,6.096250297561821
3002375,9.941351497985497
3002376,1212.9248466111276
3002377,6.096250297561821
3002378,450.844617723791
3002379,6.096250297561821
3002380,1422.6899505491094
3002381,473.4096555005574
3002382,334.8071329025745
3002383,116.95508551250745
3002384,126.42067038546787
3002385,4863.215987363201
3002386,41.34338745047653
3002387,6.902993287865563
3002388,6.096250297561821
3002389,6.096250297561821
3002390,6.59121713636711
3002391,6.096250297561821
3002392,6.096250297561821
3002393,6.744213767688693
3002394,16.941535373913965
3002395,84.23529814204034
3002396,6.096250297561821
3002397,833.3254980436751
3002398,328.1479237648888
3002399,6.096250297561821
3002400,6.096250297561821
3002401,251.9770232397802
3002402,141.05705725090846
3002403,6.096250297561821
3002404,6.096250297561821
3002405,24.66177742254627
3002406,17.581331196281695
3002407,10.328750200282938
3002408,14.191559785148868
3002409,2198.5530555287296
3002410,10.328750200282938
3002411,641.2381496312562
3002412,10.328750200282938
3002413,1444.8530055529227
3002414,855.399376340042
3002415,250.33128606819506
3002416,319.7577925250429
3002417,154.0858198798546
3002418,4000.1631084355486
3002419,42.31218513737876
3002420,11.965383704973133
3002421,10.328750200282938
3002422,10.328750200282938
3002423,10.843660623000929
3002424,10.328750200282938
3002425,10.328750200282938
3002426,13.544885375803332
3002427,19.100341783407288
3002428,92.49548608340035
3002429,10.328750200282938
3002430,585.4345638176104
3002431,254.52048726446498
3002432,10.328750200282938
3002433,10.328750200282938
3002434,383.7085264238796
3002435,184.87282491484254
3002436,10.328750200282938
3002437,10.328750200282938
3002438,78.06506239446651
3002439,0.0
3002440,0.0
3002441,0.0
3002442,26.853849505281577
3002443,0.0
3002444,38.0946393975727
3002445,0.0
3002446,35.83501757099147
3002447,33.64069548099023
3002448,14.007106489857383
3002449,6.178914311607146
3002450,0.0
3002451,45.56944743426786
3002452,0.0
3002453,0.0
3002454,0.0
3002455,0.0
3002456,0.0
3002457,0.0
3002458,0.0
3002459,0.0
3002460,0.0
3002461,0.0
3002462,0.0
3002463,36.317668293645724
3002464,17.05475177931732
3002465,0.0
3002466,0.0
3002467,13.478969889652731
3002468,0.0
3002469,0.0
3002470,0.0
3002471,0.0
3002472,0.0
3002473,0.0
3002474,0.0
3002475,27.22618042221099
3002476,0.0
3002477,39.00288342013296
3002478,0.0
3002479,37.69625205314321
3002480,31.796568842661642
3002481,14.078406920307124
3002482,5.1152628603842345
3002483,0.0
3002484,44.82632512825148
3002485,0.0
3002486,0.0
3002487,0.0
3002488,0.0
3002489,0.0
3002490,0.0
3002491,0.0
3002492,0.0
3002493,0.0
3002494,0.0
3002495,0.0
3002496,33.9970569963031
3002497,17.58822552747829
3002498,0.0
3002499,0.0
3002500,12.793975987349967
3002501,0.0
3002502,0.0
3002503,0.0
3002504,0.0
3002505,0.8988465321406447
3002506,0.0
3002507,0.0
3002508,358.57405706876153
3002509,0.0
3002510,171.64841493161438
3002511,0.0
3002512,680.9652660851591
3002513,75.2276447301574
3002514,104.50538904033152
3002515,42.039250820692665
3002516,15.204819148370042
3002517,1743.7782260085146
3002518,6.310717463017507
3002519,0.0
3002520,0.0
3002521,0.0
3002522,0.0
3002523,0.0
3002524,0.0
3002525,0.0
3002526,0.32267876713883625
3002527,20.161270336144593
3002528,0.0
3002529,73.85689213933657
3002530,134.50821754302748
3002531,0.0
3002532,0.0
3002533,42.88880230714557
3002534,43.4336005636601
3002535,0.0
3002536,0.0
3002537,0.04993640742157268
3002538,10.760124217919941
3002539,6.918651869510715
3002540,10.498025139198257
3002541,1065.6801477950255
3002542,6.918651869510715
3002543,368.23227724329263
3002544,6.918651869510715
3002545,1109.4112252855589
3002546,429.7755838910882
3002547,249.22400255910958
3002548,191.52901804884067
3002549,131.00644685749975
3002550,3571.080649953862
3002551,45.32882955979921
3002552,7.324394283118924
3002553,6.918651869510715
3002554,6.918651869510715
3002555,7.014747030061944
3002556,6.918651869510715
3002557,6.918651869510715
3002558,12.854072947696505
3002559,18.20966417513087
3002560,49.945843272691064
3002561,6.918651869510715
3002562,394.44327146700186
3002563,246.65038586228548
3002564,6.918651869510715
3002565,6.918651869510715
3002566,334.12962020750325
3002567,120.5287320806425
3002568,6.918651869510715
3002569,6.918651869510715
3002570,39.626449957018316
3002571,9.17452240005039
3002572,4.894380239418453
3002573,7.103736134931404
3002574,1468.3462209878953
3002575,4.894380239418453
3002576,430.69322251800685
3002577,4.894380239418453
3002578,971.5348334354252
3002579,620.1749700615655
3002580,162.1571434861568
3002581,245.66472812906798
3002582,140.13682407460763
3002583,2761.601727420615
3002584,35.502645709828904
3002585,6.068536278590146
3002586,4.894380239418453
3002587,4.894380239418453
3002588,5.184387182917718
3002589,4.894380239418453
3002590,4.894380239418453
3002591,9.59301024961475
3002592,15.285438320977885
3002593,71.00307347145437
3002594,4.894380239418453
3002595,442.65073949547036
3002596,161.20703020891992
3002597,4.894380239418453
3002598,4.894380239418453
3002599,226.03539569390583
3002600,123.27413779432067
3002601,4.894380239418453
3002602,4.894380239418453
3002603,52.34843216124549
3002604,14.47703731539183
3002605,9.967834783695867
3002606,12.47234187140577
3002607,1581.2691827273895
3002608,9.967834783695867
3002609,466.35137340364247
3002610,9.967834783695867
3002611,1256.5988708886628
3002612,787.8317693348291
3002613,228.0389564925835
3002614,279.3031159983114
3002615,149.34897708599655
3002616,3462.1608580232532
3002617,46.82785982229667
3002618,11.18942806174563
3002619,9.967834783695867
3002620,9.967834783695867
3002621,10.407956766741222
3002622,9.967834783695867
3002623,9.967834783695867
3002624,16.802842079334464
3002625,35.723083668825396
3002626,104.5994427501199
3002627,9.967834783695867
3002628,463.9442366039574
3002629,249.3884191894803
3002630,9.967834783695867
3002631,9.967834783695867
3002632,233.02675519574066
3002633,214.86347224829058
3002634,9.967834783695867
3002635,9.967834783695867
3002636,59.63625114018476
3002637,12.457192436946682
3002638,5.232997413010976
3002639,8.594904498313902
3002640,810.2773924638877
3002641,5.232997413010976
3002642,502.73526807459217
3002643,5.232997413010976
3002644,1399.8447092492352
3002645,274.0073973170031
3002646,363.68121057203405
3002647,110.75577811584037
3002648,44.903475753555696
3002649,4376.772934494938
3002650,19.088147871562672
3002651,6.207183409915121
3002652,5.232997413010976
3002653,5.232997413010976
3002654,5.189487486173285
3002655,5.232997413010976
3002656,5.232997413010976
3002657,5.63617713297122
3002658,16.61165860427922
3002659,30.596181594983484
3002660,5.232997413010976
3002661,321.4422411304915
3002662,311.74837473230167
3002663,5.232997413010976
3002664,5.232997413010976
3002665,329.2521647660967
3002666,66.42902132407092
3002667,5.232997413010976
3002668,5.232997413010976
3002669,19.392021374557558
3002670,1.8738694474162867
3002671,0.0
3002672,0.7059003997108757
3002673,799.6998909995154
3002674,0.0
3002675,277.7580415952244
3002676,0.0
3002677,700.760188410341
3002678,345.115188487424
3002679,122.30271941879448
3002680,125.59611531875572
3002681,67.08829326906154
3002682,1719.1600108520354
3002683,24.566194494194104
3002684,0.6726537152713439
3002685,0.0
3002686,0.0
3002687,0.0
3002688,0.0
3002689,0.0
3002690,0.7976231180365745
3002691,11.417719721617864
3002692,68.32812848951612
3002693,0.0
3002694,262.65471380969944
3002695,114.72940756303618
3002696,0.0
3002697,0.0
3002698,151.01747968583965
3002699,65.64010383843629
3002700,0.0
3002701,0.0
3002702,16.958157213589722
3002703,2.256334815121123
3002704,0.0
3002705,0.0
3002706,361.42973526839705
3002707,0.0
3002708,122.37137753625578
3002709,0.0
3002710,692.5738310475921
3002711,108.0844985998697
3002712,157.3183644869798
3002713,34.39791686356415
3002714,17.096719595948358
3002715,1694.8246194761637
3002716,5.3388895083546375
3002717,0.0
3002718,0.0
3002719,0.0
3002720,0.0
3002721,0.0
3002722,0.0
3002723,0.0
3002724,2.9623506360099725
3002725,10.060903397173421
3002726,0.0
3002727,202.1451188701025
3002728,129.77988738225804
3002729,0.0
3002730,0.0
3002731,92.9254220576801
3002732,22.502267383129627
3002733,0.0
3002734,0.0
3002735,4.797690602058863
3002736,10.992303529396972
3002737,5.6797046926033765
3002738,9.18337776839557
3002739,1751.1525726496097
3002740,5.6797046926033765
3002741,556.3331232828776
3002742,5.6797046926033765
3002743,1608.4620382582345
3002744,180.85728790247109
3002745,270.7141988462913
3002746,69.59731782315315
3002747,39.90421675851066
3002748,4506.9481109740855
3002749,25.797479298901585
3002750,6.717874507221557
3002751,5.6797046926033765
3002752,5.6797046926033765
3002753,5.6120208720937335
3002754,5.6797046926033765
3002755,5.6797046926033765
3002756,6.908103748456687
3002757,15.937232062285368
3002758,30.178292838029414
3002759,5.6797046926033765
3002760,609.2368631387626
3002761,303.906251524783
3002762,5.6797046926033765
3002763,5.6797046926033765
3002764,371.95057516886675
3002765,38.23226476240737
3002766,5.6797046926033765
3002767,5.6797046926033765
3002768,14.213951630292248
3002769,2.4423805712839557
3002770,0.0
3002771,0.024158919163373094
3002772,545.687716803203
3002773,0.0
3002774,219.43413097287262
3002775,0.0
3002776,695.468820196543
3002777,132.6272559888523
3002778,123.62222119727419
3002779,44.58809386212741
3002780,20.511315563447987
3002781,1688.8930101936714
3002782,7.500174399482132
3002783,0.1378305130300408
3002784,0.0
3002785,0.0
3002786,0.0
3002787,0.0
3002788,0.0
3002789,0.0
3002790,5.320533811413844
3002791,20.34535809155172
3002792,0.0
3002793,160.52245351061768
3002794,113.13465979013348
3002795,0.0
3002796,0.0
3002797,82.91363654916499
3002798,25.62206647584304
3002799,0.0
3002800,0.0
3002801,3.2453254835566074
3002802,1.585728412953857
3002803,0.0
3002804,0.0
3002805,614.2145364127217
3002806,0.0
3002807,214.30051415002245
3002808,0.0
3002809,632.3846505439973
3002810,120.38488212192647
3002811,107.53919217163624
3002812,36.261386022366786
3002813,17.782733325325566
3002814,1762.270292522382
3002815,6.506115840358973
3002816,0.0
3002817,0.0
3002818,0.0
3002819,0.0
3002820,0.0
3002821,0.0
3002822,0.0
3002823,4.3445631547889985
3002824,15.269577515147692
3002825,0.0
3002826,161.16576331749138
3002827,127.12997549688137
3002828,0.0
3002829,0.0
3002830,88.74191123106264
3002831,23.25431040891037
3002832,0.0
3002833,0.0
3002834,4.253089770360825
3002835,1.4164375043270931
3002836,0.0
3002837,1.303173799085506
3002838,389.0909689117273
3002839,0.0
3002840,208.95991700580288
3002841,0.0
3002842,914.1138330485121
3002843,137.22324653083024
3002844,123.75103403582413
3002845,43.57878231961203
3002846,30.119737450881956
3002847,2004.8482717046866
3002848,7.446680879814696
3002849,0.0
3002850,0.0
3002851,0.0
3002852,0.0
3002853,0.0
3002854,0.0
3002855,0.0
3002856,6.777907968239822
3002857,31.480899718342563
3002858,0.0
3002859,355.4009978179454
3002860,222.1750473926991
3002861,0.0
3002862,0.0
3002863,75.97354260021051
3002864,30.201295073542205
3002865,0.0
3002866,0.0
3002867,9.65295365696946
3002868,2.029035944982136
3002869,0.0
3002870,0.16550907014465555
3002871,538.3458566752686
3002872,0.0
3002873,177.71590202986152
3002874,0.0
3002875,741.3259237770333
3002876,128.9587643111005
3002877,166.26285791160709
3002878,50.69757139163579
3002879,24.36059599688196
3002880,1939.8290710890267
3002881,11.339059072288096
3002882,0.0
3002883,0.0
3002884,0.0
3002885,0.0
3002886,0.0
3002887,0.0
3002888,0.0
3002889,3.075357872484717
3002890,24.111436811895416
3002891,0.0
3002892,135.7913333041861
3002893,146.4979311178577
3002894,0.0
3002895,0.0
3002896,63.97862149780019
3002897,27.539237079147178
3002898,0.0
3002899,0.0
3002900,7.366734369141774
3002901,3.2434260946125404
3002902,0.0
3002903,0.0
3002904,338.2984500180875
3002905,0.0
3002906,182.2618612242477
3002907,0.0
3002908,790.6606739740598
3002909,116.13102739608817
3002910,147.45139694403582
3002911,79.69940844861914
3002912,20.717233015545133
3002913,1971.0254569927981
3002914,6.883298376642639
3002915,0.0
3002916,0.0
3002917,0.0
3002918,0.0
3002919,0.0
3002920,0.0
3002921,0.0
3002922,3.075340065713366
3002923,21.48437415658507
3002924,0.0
3002925,108.30513154045582
3002926,156.7974923144602
3002927,0.0
3002928,0.0
3002929,81.27745935467239
3002930,38.790853213393376
3002931,0.0
3002932,0.0
3002933,3.7762620707976717
3002934,1.2985865358045667
3002935,0.0
3002936,0.0
3002937,738.3175189437711
3002938,0.0
3002939,166.67606855429085
3002940,0.0
3002941,707.5030755089904
3002942,160.88276377380726
3002943,186.07056626625402
3002944,64.64149609080998
3002945,30.743928004716807
3002946,2059.803527684554
3002947,6.394360048897106
3002948,0.0
3002949,0.0
3002950,0.0
3002951,0.0
3002952,0.0
3002953,0.0
3002954,0.0
3002955,2.1762227599061243
3002956,21.408546988583645
3002957,0.0
3002958,187.73819076415833
3002959,128.55815505642175
3002960,0.0
3002961,0.0
3002962,156.63402459285467
3002963,39.12842211347767
3002964,0.0
3002965,0.0
3002966,7.748175196773719
3002967,2.5067075782396655
3002968,0.0
3002969,0.2818639586520595
3002970,605.4362421262099
3002971,0.0
3002972,582.4982975736209
3002973,0.0
3002974,508.31480187132223
3002975,203.90019284260632
3002976,124.75626898942095
3002977,97.73187172701091
3002978,38.71781745340755
3002979,1500.9107175220395
3002980,15.426748862071303
3002981,0.0
3002982,0.0
3002983,0.0
3002984,0.0
3002985,0.0
3002986,0.0
3002987,0.0
3002988,5.88045959806573
3002989,41.75786119975745
3002990,0.0
3002991,165.45623925362386
3002992,96.59589972827894
3002993,0.0
3002994,0.0
3002995,106.0769474244837
3002996,43.62717528429967
3002997,0.0
3002998,0.0
3002999,11.179159697198704
3003000,1.928661153408798
3003001,0.0
3003002,0.0
3003003,811.8454493442175
3003004,0.0
3003005,168.93569964169106
3003006,0.0
3003007,700.1542091014055
3003008,99.68776207691123
3003009,114.5252399081303
3003010,43.49202179400132
3003011,21.21757528476322
3003012,1664.5777776116283
3003013,7.418676764070609
3003014,0.106267021545978
3003015,0.0
3003016,0.0
3003017,0.0
3003018,0.0
3003019,0.0
3003020,0.0
3003021,1.5825806166188991
3003022,39.42932803142372
3003023,0.0
3003024,125.47627750629425
3003025,122.0903597811453
3003026,0.0
3003027,0.0
3003028,70.67097110052798
3003029,33.732527124342674
3003030,0.0
3003031,0.0
3003032,12.051544284135863
3003033,6.518087692671356
3003034,3.0468593818240635
3003035,5.556035249532717
3003036,927.6287770944713
3003037,3.0468593818240635
3003038,269.8109074768885
3003039,3.0468593818240635
3003040,853.7028196612164
3003041,340.97015936212887
3003042,145.77894684971554
3003043,132.73256802209025
3003044,63.49836079723633
3003045,2311.1753160775424
3003046,23.689158159146963
3003047,3.759400006348108
3003048,3.0468593818240635
3003049,3.0468593818240635
3003050,2.9791755613144204
3003051,3.0468593818240635
3003052,3.0468593818240635
3003053,7.167744869679879
3003054,21.755658502227437
3003055,42.32086676307807
3003056,3.0468593818240635
3003057,405.8669949001489
3003058,154.56159460325264
3003059,3.0468593818240635
3003060,3.0468593818240635
3003061,187.22084427988767
3003062,84.66710538369593
3003063,3.0468593818240635
3003064,3.0468593818240635
3003065,18.697693027216364
3003066,0.0
3003067,0.0
3003068,0.0
3003069,25.201182108877532
3003070,0.0
3003071,35.586620992336414
3003072,0.0
3003073,38.65590961058443
3003074,34.59261942278111
3003075,14.652028227343354
3003076,6.374010195437802
3003077,0.0
3003078,0.1195502358579077
3003079,0.0
3003080,0.0
3003081,0.0
3003082,0.0
3003083,0.0
3003084,0.0
3003085,0.0
3003086,0.0
3003087,0.0
3003088,0.0
3003089,0.0
3003090,37.21348160299707
3003091,17.5555505323879
3003092,0.0
3003093,0.0
3003094,13.730088980620224
3003095,0.0
3003096,0.0
3003097,0.0
3003098,0.0
3003099,0.0
3003100,0.0
3003101,0.0
3003102,27.161968607114883
3003103,0.0
3003104,38.39241711426087
3003105,0.0
3003106,39.32889544904523
3003107,33.15517650513182
3003108,14.323730664510807
3003109,5.532895184592908
3003110,0.0
3003111,6.670346815241736
3003112,0.0
3003113,0.0
3003114,0.0
3003115,0.0
3003116,0.0
3003117,0.0
3003118,0.0
3003119,0.0
3003120,0.0
3003121,0.0
3003122,0.0
3003123,35.417293099625375
3003124,17.791096189679514
3003125,0.0
3003126,0.0
3003127,12.29984049989149
3003128,0.0
3003129,0.0
3003130,0.0
3003131,0.0
3003132,0.0
3003133,0.0
3003134,0.0
3003135,26.891475295398184
3003136,0.0
3003137,36.24214071157045
3003138,0.0
3003139,39.30778940858055
3003140,33.269732757040074
3003141,15.094198302211733
3003142,5.717990069269758
3003143,0.0
3003144,0.6776984230855128
3003145,0.0
3003146,0.0
3003147,0.0
3003148,0.0
3003149,0.0
3003150,0.0
3003151,0.0
3003152,0.0
3003153,0.0
3003154,0.0
3003155,0.0
3003156,34.11625926523266
3003157,18.13411312994416
3003158,0.0
3003159,0.0
3003160,12.920184453140038
3003161,0.0
3003162,0.0
3003163,0.0
3003164,0.0
3003165,1.2896157002377735
3003166,0.0
3003167,0.0
3003168,509.41133712811137
3003169,0.0
3003170,235.59994076874202
3003171,0.0
3003172,600.3645579272999
3003173,227.66752270039137
3003174,122.06063712862552
3003175,57.3991102188415
3003176,57.41934335101
3003177,1684.9131897346447
3003178,14.186371703904205
3003179,0.0
3003180,0.0
3003181,0.0
3003182,0.0
3003183,0.0
3003184,0.0
3003185,0.0
3003186,6.533771197432266
3003187,42.986942879565625
3003188,0.0
3003189,742.1682415936945
3003190,126.37049822654993
3003191,0.0
3003192,0.0
3003193,123.09701290252373
3003194,42.689190659537566
3003195,0.0
3003196,0.0
3003197,14.197395398579014
3003198,11.767169954900636
3003199,8.532732311539606
3003200,10.197443521399343
3003201,1606.526022362295
3003202,8.532732311539606
3003203,456.82922657065336
3003204,8.532732311539606
3003205,1070.6071853652265
3003206,576.3366537905401
3003207,204.11989245391794
3003208,186.14353014111137
3003209,101.76984956625414
3003210,3059.418134908511
3003211,24.796163809843442
3003212,8.849596104471045
3003213,8.532732311539606
3003214,8.532732311539606
3003215,8.465048491029961
3003216,8.532732311539606
3003217,8.532732311539606
3003218,12.36673764275949
3003219,19.905533025461818
3003220,77.05319114369556
3003221,8.532732311539606
3003222,379.2780438460385
3003223,206.32573981553526
3003224,8.532732311539606
3003225,8.532732311539606
3003226,250.32107784611318
3003227,126.8790945335002
3003228,8.532732311539606
3003229,8.532732311539606
3003230,39.657960015920686
3003231,1.0465767431168769
3003232,0.0
3003233,0.16272462496148066
3003234,1429.3489767790043
3003235,0.0
3003236,271.8982062604523
3003237,0.0
3003238,639.4844316682248
3003239,337.21803774024215
3003240,154.88541654836382
3003241,132.69738450630064
3003242,60.711886820745335
3003243,1844.3384528924626
3003244,14.623694676714404
3003245,0.0
3003246,0.0
3003247,0.0
3003248,0.0
3003249,0.0
3003250,0.0
3003251,4.265405502710214
3003252,25.37854250720466
3003253,100.35881371630528
3003254,0.0
3003255,301.1308746921546
3003256,117.52649484706
3003257,0.0
3003258,0.0
3003259,127.72342667998751
3003260,72.46236726150252
3003261,0.0
3003262,0.0
3003263,5.471355813210101
3003264,2.5771476173853394
3003265,0.0
3003266,0.12302705377959144
3003267,373.4566553682384
3003268,0.0
3003269,224.0080289870673
3003270,0.0
3003271,551.9311270623898
3003272,162.6119382415425
3003273,101.73719085925298
3003274,61.1452184693881
3003275,37.7489507831003
3003276,1600.817875513866
3003277,9.80826715165654
3003278,0.20698706038266135
3003279,0.0
3003280,0.0
3003281,0.0
3003282,0.0
3003283,0.0
3003284,0.0
3003285,7.883555587221625
3003286,24.540700156714085
3003287,0.0
3003288,349.39660856490354
3003289,172.28846179127729
3003290,0.0
3003291,0.0
3003292,139.71060271538
3003293,35.207798950620024
3003294,0.0
3003295,0.0
3003296,2.964880710493638
3003297,2.8579210955057226
3003298,0.0
3003299,0.2892278856966395
3003300,735.1221981538702
3003301,0.0
3003302,300.99146418814826
3003303,0.0
3003304,529.9016115768611
3003305,265.81584828252375
3003306,136.72901750460858
3003307,135.9346058947246
3003308,45.70338936042575
3003309,1652.7527688589257
3003310,20.87334189417
3003311,0.2790884548797721
3003312,0.0
3003313,0.0
3003314,0.0
3003315,0.0
3003316,0.0
3003317,0.0
3003318,11.237971696415048
3003319,49.98673652850799
3003320,0.0
3003321,154.23799924406077
3003322,119.46993810318115
3003323,0.0
3003324,0.0
3003325,155.0371171070338
3003326,59.09950292857611
3003327,0.0
3003328,0.0
3003329,13.32850232723794
3003330,1.8889895776679029
3003331,0.0
3003332,0.19306637573833618
3003333,552.3081824473029
3003334,0.0
3003335,334.53520197711725
3003336,0.0
3003337,567.7317224699963
3003338,176.10583072129762
3003339,154.09624350897585
3003340,72.45613298054762
3003341,35.26870467145103
3003342,1654.5949793093414
3003343,11.125002637816518
3003344,0.0
3003345,0.0
3003346,0.0
3003347,0.0
3003348,0.0
3003349,0.0
3003350,0.0
3003351,2.177524565043023
3003352,71.67535138948546
3003353,0.0
3003354,123.7484984559057
3003355,148.30420128287608
3003356,0.0
3003357,0.0
3003358,114.40052595532353
3003359,44.365774848959475
3003360,0.0
3003361,0.0
3003362,5.758751191995852
3003363,0.0
3003364,0.0
3003365,0.0
3003366,28.44098794471406
3003367,0.0
3003368,38.36485978361328
3003369,0.0
3003370,41.270772768846854
3003371,32.804734533149244
3003372,15.260218679202893
3003373,6.174838636178457
3003374,0.0
3003375,0.0
3003376,0.0
3003377,0.0
3003378,0.0
3003379,0.0
3003380,0.0
3003381,0.0
3003382,0.0
3003383,0.0
3003384,0.0
3003385,0.0
3003386,0.0
3003387,36.29427282815903
3003388,17.850785616645137
3003389,0.0
3003390,0.0
3003391,13.580956477285184
3003392,0.0
3003393,0.0
3003394,0.0
3003395,0.0
3003396,21.26514347318767
3003397,16.782191791572068
3003398,20.097991558434238
3003399,2660.3683349624307
3003400,16.782191791572068
3003401,598.0059437712157
3003402,16.782191791572068
3003403,1636.077192126533
3003404,897.6443000050007
3003405,256.413419433992
3003406,374.0890361384437
3003407,200.2747218035374
3003408,4782.483410035753
3003409,65.81675435782272
3003410,18.469889312096342
3003411,16.782191791572068
3003412,16.782191791572068
3003413,17.158252713120064
3003414,16.782191791572068
3003415,16.782191791572068
3003416,24.850155894960256
3003417,55.957468686859436
3003418,135.89944339904517
3003419,16.782191791572068
3003420,502.7307684229086
3003421,295.40452486081176
3003422,16.782191791572068
3003423,16.782191791572068
3003424,390.83119417281335
3003425,265.5371452641381
3003426,16.782191791572068
3003427,16.782191791572068
3003428,79.70745733221823
3003429,0.0
3003430,0.0
3003431,0.0
3003432,341.29533617556524
3003433,0.0
3003434,125.80597023526029
3003435,0.0
3003436,369.90701831417357
3003437,107.41394705631147
3003438,75.03605681740525
3003439,51.61193081277125
3003440,22.510522099693677
3003441,991.4121452277011
3003442,1.738614700907759
3003443,0.0
3003444,0.0
3003445,0.0
3003446,0.0
3003447,0.0
3003448,0.0
3003449,0.0
3003450,0.0
3003451,24.357475898953016
3003452,0.0
3003453,95.63757654275635
3003454,76.30923834506905
3003455,0.0
3003456,0.0
3003457,85.6896135055126
3003458,17.127613190014866
3003459,0.0
3003460,0.0
3003461,0.0
3003462,4.2110855527068
3003463,0.0
3003464,0.5688129935983803
3003465,597.6075126575964
3003466,0.0
3003467,306.7671568961488
3003468,0.0
3003469,778.2733091496638
3003470,199.64722530067135
3003471,150.44520160055143
3003472,64.7247319778905
3003473,25.734406243930604
3003474,2303.6480181336065
3003475,10.618718536245325
3003476,0.0
3003477,0.0
3003478,0.0
3003479,0.0
3003480,0.0
3003481,0.0
3003482,0.0
3003483,2.6790582157239005
3003484,18.871108098670938
3003485,0.0
3003486,215.72902105511977
3003487,186.17069428748556
3003488,0.0
3003489,0.0
3003490,91.68415436614777
3003491,46.179888403408285
3003492,0.0
3003493,0.0
3003494,6.550196887036298
3003495,0.0
3003496,0.0
3003497,0.0
3003498,189.9809953922237
3003499,0.0
3003500,108.07734501306933
3003501,0.0
3003502,428.6224828821097
3003503,81.95458262010656
3003504,99.76831816901323
3003505,33.06368734788689
3003506,13.270784503363323
3003507,1102.674705438291
3003508,1.4319495862877036
3003509,0.0
3003510,0.0
3003511,0.0
3003512,0.0
3003513,0.0
3003514,0.0
3003515,0.0
3003516,0.0
3003517,179.96556261959645
3003518,0.0
3003519,112.39887768228043
3003520,119.06221343740411
3003521,0.0
3003522,0.0
3003523,79.44601797748534
3003524,19.56674026976186
3003525,0.0
3003526,0.0
3003527,0.0
3003528,3.456909497805065
3003529,0.0
3003530,0.002636468190914565
3003531,523.4002061181744
3003532,0.0
3003533,185.08357317940482
3003534,0.0
3003535,794.5898923979275
3003536,150.9558072891865
3003537,138.59171834513754
3003538,72.89637893883545
3003539,28.78214137546123
3003540,1982.7684144933771
3003541,8.40177350156307
3003542,0.0
3003543,0.0
3003544,0.0
3003545,0.0
3003546,0.0
3003547,0.0
3003548,0.0
3003549,6.011132565640596
3003550,33.02023430676881
3003551,0.0
3003552,219.05580769148077
3003553,164.15198566179188
3003554,0.0
3003555,0.0
3003556,101.48061754374567
3003557,33.402045319255926
3003558,0.0
3003559,0.0
3003560,1.3026937845297346
3003561,2.4537884588555654
3003562,0.0
3003563,0.5444016390349748
3003564,870.8682980790951
3003565,0.0
3003566,524.1810507654026
3003567,0.0
3003568,782.9171462227181
3003569,199.0140092323994
3003570,207.50208639788613
3003571,57.07417497622988
3003572,34.64340305894588
3003573,2558.869256383756
3003574,11.267717725029504
3003575,0.3770699847094867
3003576,0.0
3003577,0.0
3003578,0.0
3003579,0.0
3003580,0.0
3003581,0.0
3003582,9.72650519802461
3003583,65.43528159362695
3003584,0.0
3003585,205.93431153635734
3003586,250.78475500119112
3003587,0.0
3003588,0.0
3003589,118.26474068638313
3003590,41.796193689948964
3003591,0.0
3003592,0.0
3003593,2.0312911520795236
3003594,0.0
3003595,0.0
3003596,0.0
3003597,486.07433955179675
3003598,0.0
3003599,117.24634584293815
3003600,0.0
3003601,450.9448405124741
3003602,95.94442914583539
3003603,74.6969623193716
3003604,47.39873485743572
3003605,18.352364025009948
3003606,1207.9560536019815
3003607,4.565774248996767
3003608,0.0
3003609,0.0
3003610,0.0
3003611,0.0
3003612,0.0
3003613,0.0
3003614,0.0
3003615,0.0
3003616,23.65148214157841
3003617,0.0
3003618,137.2797394610296
3003619,91.23633958458393
3003620,0.0
3003621,0.0
3003622,45.527854734576515
3003623,18.8959251943814
3003624,0.0
3003625,0.0
3003626,0.0
3003627,0.0
3003628,0.0
3003629,0.0
3003630,25.271127271763522
3003631,0.0
3003632,37.23599767921185
3003633,0.0
3003634,35.75394558061163
3003635,32.01461106632874
3003636,14.178854447966998
3003637,4.567088401360285
3003638,0.0
3003639,5.899653003020621
3003640,0.0
3003641,0.0
3003642,0.0
3003643,0.0
3003644,0.0
3003645,0.0
3003646,0.0
3003647,0.0
3003648,0.0
3003649,0.0
3003650,0.0
3003651,35.19533577229533
3003652,17.431613872486203
3003653,0.0
3003654,0.0
3003655,12.003703163572194
3003656,0.0
3003657,0.0
3003658,0.0
3003659,0.0
3003660,9.411226288252607
3003661,3.228936824573756
3003662,6.674259089180092
3003663,779.5482207608854
3003664,3.228936824573756
3003665,377.61406882496993
3003666,3.228936824573756
3003667,1045.726532126521
3003668,485.72394368498516
3003669,117.36553612159395
3003670,145.2498110518906
3003671,137.0466841670574
3003672,2854.332417822444
3003673,50.5612828473928
3003674,4.497597487554461
3003675,3.228936824573756
3003676,3.228936824573756
3003677,3.290886299496681
3003678,3.228936824573756
3003679,3.228936824573756
3003680,7.17366783757841
3003681,20.684255975171798
3003682,82.78737567108384
3003683,3.228936824573756
3003684,219.82715560806454
3003685,221.01143094059069
3003686,3.228936824573756
3003687,3.228936824573756
3003688,120.0971316760008
3003689,163.23577113118745
3003690,3.228936824573756
3003691,3.228936824573756
3003692,17.47720745991786
3003693,5.8307728233301805
3003694,1.1163054147343168
3003695,3.150854562604777
3003696,546.706327733773
3003697,1.1163054147343168
3003698,329.30790275657455
3003699,1.1163054147343168
3003700,821.6294038559072
3003701,394.37318390457494
3003702,133.56067634995767
3003703,93.09672735919348
3003704,106.50671856821974
3003705,2499.905727469788
3003706,20.60288339696683
3003707,2.531820499573798
3003708,1.1163054147343168
3003709,1.1163054147343168
3003710,1.0486215942246733
3003711,1.1163054147343168
3003712,1.1163054147343168
3003713,3.1066522596206845
3003714,24.404618694342467
3003715,63.483175979330184
3003716,1.1163054147343168
3003717,169.51787012208132
3003718,202.83980997163397
3003719,1.1163054147343168
3003720,1.1163054147343168
3003721,81.76810447663755
3003722,116.69313965090693
3003723,1.1163054147343168
3003724,1.1163054147343168
3003725,14.8024021552656
3003726,7.589361053883712
3003727,0.0
3003728,0.4123509624106534
3003729,588.6238435975567
3003730,0.0
3003731,618.2985638225978
3003732,0.0
3003733,929.500856608606
3003734,190.733426054351
3003735,111.36473832505577
3003736,86.90585930763449
3003737,38.76066314151061
3003738,2409.3867636549667
3003739,23.475976042257248
3003740,0.14920303159331771
3003741,0.0
3003742,0.0
3003743,0.0
3003744,0.0
3003745,0.0
3003746,0.6114727939415694
3003747,8.258697264053174
3003748,36.74799264626948
3003749,0.0
3003750,160.34947943020532
3003751,196.55217397959484
3003752,0.0
3003753,0.0
3003754,91.55942749191857
3003755,57.002887845681194
3003756,0.0
3003757,0.0
3003758,20.264957408749105
3003759,5.456818313592249
3003760,2.6365976492033036
3003761,4.8639389118232375
3003762,751.5969149272141
3003763,2.6365976492033036
3003764,243.73020726670154
3003765,2.6365976492033036
3003766,779.2687924108013
3003767,294.6558559749291
3003768,141.30285998637214
3003769,109.8163632765931
3003770,62.23201382040241
3003771,2107.2389381024104
3003772,29.20028103025792
3003773,3.2442116037442084
3003774,2.6365976492033036
3003775,2.6365976492033036
3003776,2.608800996519066
3003777,2.6365976492033036
3003778,2.6365976492033036
3003779,4.890555937164363
3003780,12.582332409596107
3003781,37.332646347644584
3003782,2.6365976492033036
3003783,266.52897230833
3003784,161.05473875967948
3003785,2.6365976492033036
3003786,2.6365976492033036
3003787,180.99971828490237
3003788,77.46203504515876
3003789,2.6365976492033036
3003790,2.6365976492033036
3003791,22.553993898195195
3003792,1.59535400726775
3003793,0.0
3003794,0.10779732419727117
3003795,483.46094161538707
3003796,0.0
3003797,196.9220627470124
3003798,0.0
3003799,674.1493545463006
3003800,141.85504344610172
3003801,104.91315415086503
3003802,68.89297948405118
3003803,22.89590980653297
3003804,1870.7781274709143
3003805,8.939731172841224
3003806,0.0
3003807,0.0
3003808,0.0
3003809,0.0
3003810,0.0
3003811,0.0
3003812,0.0
3003813,1.3762735221470552
3003814,21.037387668973853
3003815,0.0
3003816,90.71466647526063
3003817,140.53602225959224
3003818,0.0
3003819,0.0
3003820,82.28558413872325
3003821,32.070700295394595
3003822,0.0
3003823,0.0
3003824,1.3295167177742298
3003825,2.8772196182040712
3003826,0.0
3003827,0.762937406491655
3003828,425.50208149065793
3003829,0.0
3003830,191.07007631625137
3003831,0.0
3003832,510.6000386902217
3003833,183.97739330024928
3003834,116.1124989284899
3003835,72.05546933289499
3003836,56.60066914066599
3003837,1348.013816523306
3003838,18.304882522053777
3003839,0.0
3003840,0.0
3003841,0.0
3003842,0.0
3003843,0.0
3003844,0.0
3003845,1.5704666122206339
3003846,11.391028749908864
3003847,24.911031262860824
3003848,0.0
3003849,132.839941663405
3003850,133.56372644307493
3003851,0.0
3003852,0.0
3003853,87.76788292764799
3003854,44.40715918903692
3003855,0.0
3003856,0.0
3003857,4.036808439737843
3003858,0.0
3003859,0.0
3003860,0.0
3003861,26.060618973876043
3003862,0.0
3003863,35.66501994865046
3003864,0.0
3003865,37.411024167178034
3003866,32.975576445360886
3003867,14.856533301067884
3003868,6.683422169671026
3003869,0.0
3003870,4.462820618607143
3003871,0.0
3003872,0.0
3003873,0.0
3003874,0.0
3003875,0.0
3003876,0.0
3003877,0.0
3003878,0.0
3003879,0.0
3003880,0.0
3003881,0.0
3003882,35.36855706532406
3003883,18.581650349344265
3003884,0.0
3003885,0.0
3003886,13.748417031287785
3003887,0.09402106298724222
3003888,0.0
3003889,0.0
3003890,0.0
3003891,1.6762086203804998
3003892,0.0
3003893,0.0
3003894,939.72304924768
3003895,0.0
3003896,192.70383899958233
3003897,0.0
3003898,727.6724769818416
3003899,101.14039693456229
3003900,121.93432707531655
3003901,63.295284391401026
3003902,20.873433377105858
3003903,1871.877145185554
3003904,6.614139135027152
3003905,0.2379659024552201
3003906,0.0
3003907,0.0
3003908,0.0
3003909,0.0
3003910,0.0
3003911,0.0
3003912,4.154359182475998
3003913,106.83503623482717
3003914,0.0
3003915,131.53298018846814
3003916,147.12558419442462
3003917,0.0
3003918,0.0
3003919,93.18460459880035
3003920,36.34700495814693
3003921,0.0
3003922,0.0
3003923,0.44851087696072645
3003924,33.9359651280659
3003925,21.515949810551135
3003926,24.986929654143573
3003927,3349.1877344775567
3003928,21.515949810551135
3003929,728.3962402927576
3003930,21.515949810551135
3003931,2003.5802658794444
3003932,1134.1080153081398
3003933,387.16478795367624
3003934,440.88054999715126
3003935,261.09709594466506
3003936,6676.4519225378435
3003937,79.26982226200907
3003938,24.20019537559268
3003939,21.515949810551135
3003940,21.515949810551135
3003941,22.48533235350204
3003942,21.515949810551135
3003943,21.515949810551135
3003944,24.15586728022839
3003945,35.701757780809686
3003946,210.56443899359198
3003947,21.515949810551135
3003948,700.6468014755038
3003949,515.9932979850528
3003950,21.515949810551135
3003951,21.515949810551135
3003952,386.87531642213855
3003953,329.78586163176806
3003954,21.515949810551135
3003955,21.515949810551135
3003956,90.68014649677546
3003957,25.134709976075143
3003958,16.952384073934812
3003959,21.276721726084677
3003960,2162.7124560162374
3003961,16.952384073934812
3003962,547.2881035320581
3003963,16.952384073934812
3003964,1672.5977204334333
3003965,743.4647916388006
3003966,375.1820910202706
3003967,280.40856262245916
3003968,201.36081575963834
3003969,5224.859589360843
3003970,70.19092150153286
3003971,17.891559049566265
3003972,16.952384073934812
3003973,16.952384073934812
3003974,17.931558594156648
3003975,16.952384073934812
3003976,16.952384073934812
3003977,22.353874118495277
3003978,24.41138309557145
3003979,120.5403468617142
3003980,16.952384073934812
3003981,768.378911870146
3003982,315.7529255791682
3003983,16.952384073934812
3003984,16.952384073934812
3003985,376.29464373035154
3003986,211.2689803866515
3003987,16.952384073934812
3003988,16.952384073934812
3003989,64.0644370910876
3003990,20.140834139301486
3003991,12.878785588583877
3003992,18.522642641827105
3003993,1423.8826141047566
3003994,12.878785588583877
3003995,357.7635909052308
3003996,12.878785588583877
3003997,1665.2578195410185
3003998,505.6123485202065
3003999,472.49053507283753
3004000,150.30666224796664
3004001,135.5366757148946
3004002,4992.070497740827
3004003,41.76554629563182
3004004,13.878207868743093
3004005,12.878785588583877
3004006,12.878785588583877
3004007,14.329184424559443
3004008,12.878785588583877
3004009,12.878785588583877
3004010,15.336785733861326
3004011,40.117742435322064
3004012,70.83765889434571
3004013,12.878785588583877
3004014,1008.9497998928723
3004015,442.68095595584083
3004016,12.878785588583877
3004017,12.878785588583877
3004018,539.3630391008454
3004019,121.98818992506563
3004020,12.878785588583877
3004021,12.878785588583877
3004022,39.814556787834384
3004023,24.228272348633354
3004024,17.364323849411274
3004025,22.310297919880707
3004026,2040.8887318009786
3004027,17.364323849411274
3004028,594.2967473947335
3004029,17.364323849411274
3004030,1761.7255060728737
3004031,767.0589201604727
3004032,385.2281325434951
3004033,240.93080636630643
3004034,201.0718022645864
3004035,5178.340832128551
3004036,47.908649631464044
3004037,18.325572368855045
3004038,17.364323849411274
3004039,17.364323849411274
3004040,17.879989858348193
3004041,17.364323849411274
3004042,17.364323849411274
3004043,21.64071785000227
3004044,25.327739574496956
3004045,99.74745026765419
3004046,17.364323849411274
3004047,731.2972676154741
3004048,381.3736432868672
3004049,17.364323849411274
3004050,17.364323849411274
3004051,501.6746500016496
3004052,211.7314970325451
3004053,17.364323849411274
3004054,17.364323849411274
3004055,65.70939106687625
3004056,16.276742699275626
3004057,9.293174245710484
3004058,12.966415269484255
3004059,1128.7391251722272
3004060,9.293174245710484
3004061,390.1602972471131
3004062,9.293174245710484
3004063,1560.0644927177266
3004064,389.35041483448794
3004065,402.3608786700317
3004066,102.65390131142674
3004067,123.0509721911905
3004068,4407.614640440793
3004069,30.391064304297753
3004070,9.75416724495032
3004071,9.293174245710484
3004072,9.293174245710484
3004073,9.225490425200839
3004074,9.293174245710484
3004075,9.293174245710484
3004076,10.526147663270756
3004077,20.291748211920197
3004078,65.86907678387446
3004079,9.293174245710484
3004080,763.44175552451
3004081,359.22533246225584
3004082,9.293174245710484
3004083,9.293174245710484
3004084,499.92862143547177
3004085,94.00148326341537
3004086,9.293174245710484
3004087,9.293174245710484
3004088,25.512007603290275
3004089,11.678842057747431
3004090,7.265163573077956
3004091,10.537471290181294
3004092,1481.341716530127
3004093,7.265163573077956
3004094,363.7281642199279
3004095,7.265163573077956
3004096,882.2679134707762
3004097,537.3571813154749
3004098,172.1241600284142
3004099,188.8981496102632
3004100,120.43954529352978
3004101,2659.0510232944916
3004102,41.835400525962484
3004103,7.9006870336485004
3004104,7.265163573077956
3004105,7.265163573077956
3004106,7.71601293429859
3004107,7.265163573077956
3004108,7.265163573077956
3004109,10.731019062680332
3004110,14.320356796605774
3004111,81.2322080953278
3004112,7.265163573077956
3004113,322.7918052685095
3004114,171.13073635530705
3004115,7.265163573077956
3004116,7.265163573077956
3004117,171.8800265296491
3004118,164.8710059328846
3004119,7.265163573077956
3004120,7.265163573077956
3004121,42.11390444920583
3004122,5.260401480864159
3004123,0.8167968283429929
3004124,4.325218376495354
3004125,637.4182331793567
3004126,0.8167968283429929
3004127,296.9035439950458
3004128,0.8167968283429929
3004129,957.4234433265348
3004130,273.31951620281757
3004131,212.43444811517764
3004132,120.31843303187259
3004133,84.32008786795562
3004134,2610.7464482887062
3004135,21.801272502469704
3004136,1.534953240898444
3004137,0.8167968283429929
3004138,0.8167968283429929
3004139,0.8195150461632812
3004140,0.8167968283429929
3004141,0.8167968283429929
3004142,2.548987037778412
3004143,27.65781586305796
3004144,51.19543623394894
3004145,0.8167968283429929
3004146,264.3651320134194
3004147,206.96238299785628
3004148,0.8167968283429929
3004149,0.8167968283429929
3004150,162.91507525520674
3004151,85.7168566057217
3004152,0.8167968283429929
3004153,0.8167968283429929
3004154,12.727932943994412
3004155,11.43338023220413
3004156,6.0987009989357555
3004157,9.169885190694053
3004158,1123.6720104600877
3004159,6.0987009989357555
3004160,375.2836593392768
3004161,6.0987009989357555
3004162,1335.1660670186388
3004163,421.8061471519683
3004164,305.10809403752984
3004165,101.03780166176614
3004166,104.49741724096859
3004167,4193.317992210676
3004168,41.14374363870387
3004169,6.75907641698857
3004170,6.0987009989357555
3004171,6.0987009989357555
3004172,6.92349255851957
3004173,6.0987009989357555
3004174,6.0987009989357555
3004175,6.703092869689591
3004176,24.282889197377102
3004177,90.21757691393981
3004178,6.0987009989357555
3004179,816.9796869736334
3004180,269.7099897566614
3004181,6.0987009989357555
3004182,6.0987009989357555
3004183,209.61977732210656
3004184,122.31420685008834
3004185,6.0987009989357555
3004186,6.0987009989357555
3004187,24.182380094459468
3004188,19.230222193935727
3004189,10.331201110015222
3004190,13.269145145877374
3004191,2070.709390806631
3004192,10.331201110015222
3004193,520.5244082701788
3004194,10.331201110015222
3004195,1154.0868681728653
3004196,709.2456233863097
3004197,207.52041999680304
3004198,256.07719770921597
3004199,144.40115388799035
3004200,3374.655155273069
3004201,39.525552028313605
3004202,11.19682924583627
3004203,10.331201110015222
3004204,10.331201110015222
3004205,10.916669662646601
3004206,10.331201110015222
3004207,10.331201110015222
3004208,14.313381741700397
3004209,16.434468079500284
3004210,100.53185111474042
3004211,10.331201110015222
3004212,522.8007962429165
3004213,200.46294982583504
3004214,10.331201110015222
3004215,10.331201110015222
3004216,305.9696515594898
3004217,156.13503195077269
3004218,10.331201110015222
3004219,10.331201110015222
3004220,64.30209383307124
3004221,0.0
3004222,0.0
3004223,0.0
3004224,26.842105264986813
3004225,0.0
3004226,38.00167623938187
3004227,0.0
3004228,35.916227824245084
3004229,33.547732322799405
3004230,13.914143331666558
3004231,6.08595115341632
3004232,0.0
3004233,0.056078312708105926
3004234,0.0
3004235,0.0
3004236,0.0
3004237,0.0
3004238,0.0
3004239,0.0
3004240,0.0
3004241,0.0
3004242,0.0
3004243,0.0
3004244,0.0
3004245,36.2247051354549
3004246,16.961788621126495
3004247,0.0
3004248,0.0
3004249,13.386006731461906
3004250,0.0
3004251,0.0
3004252,0.0
3004253,0.0
3004254,0.0
3004255,0.0
3004256,0.0
3004257,27.105142226634744
3004258,0.0
3004259,38.88184522455671
3004260,0.0
3004261,37.575213857566965
3004262,31.675530647085395
3004263,13.957368724730875
3004264,4.994224664807987
3004265,0.0
3004266,1.45897301125391
3004267,0.0
3004268,0.0
3004269,0.0
3004270,0.0
3004271,0.0
3004272,0.0
3004273,0.0
3004274,0.0
3004275,0.0
3004276,0.0
3004277,0.0
3004278,33.876018800726854
3004279,17.467187331902043
3004280,0.0
3004281,0.0
3004282,12.67293779177372
3004283,0.0
3004284,0.0
3004285,0.0
3004286,0.0
3004287,0.7950003735040285
3004288,0.0
3004289,0.0
3004290,373.3344601106552
3004291,0.0
3004292,150.90424110827217
3004293,0.0
3004294,686.4322945638967
3004295,69.78332022156837
3004296,105.36004544160095
3004297,39.83995120330586
3004298,13.551525745675539
3004299,1686.6963316920558
3004300,6.591696071547251
3004301,0.0
3004302,0.0
3004303,0.0
3004304,0.0
3004305,0.0
3004306,0.0
3004307,0.0
3004308,1.8435877180284397
3004309,25.31431896334767
3004310,0.0
3004311,74.06476714025986
3004312,121.44886569184878
3004313,0.0
3004314,0.0
3004315,40.299552436530234
3004316,47.64921424756508
3004317,0.0
3004318,0.0
3004319,0.11505366587249899
3004320,10.521449967683843
3004321,6.921102779242998
3004322,10.101945026038763
3004323,956.4452853731221
3004324,6.921102779242998
3004325,314.1157558726872
3004326,6.921102779242998
3004327,908.3617057750794
3004328,361.1778953379576
3004329,194.28452922257807
3004330,147.92303051441147
3004331,100.55707484659948
3004332,2778.83061899321
3004333,35.646819046195866
3004334,7.483756254920962
3004335,6.921102779242998
3004336,6.921102779242998
3004337,6.878348438624233
3004338,6.921102779242998
3004339,6.921102779242998
3004340,10.18172533637864
3004341,17.806079436886453
3004342,62.41888670145419
3004343,6.921102779242998
3004344,323.489326048004
3004345,194.9444106482195
3004346,6.921102779242998
3004347,6.921102779242998
3004348,271.99129893494586
3004349,92.99608830106223
3004350,6.921102779242998
3004351,6.921102779242998
3004352,32.17041043386489
3004353,8.523899286600159
3004354,4.896831149150737
3004355,6.996927022362858
3004356,1362.2785840904187
3004357,4.896831149150737
3004358,369.718770406575
3004359,4.896831149150737
3004360,856.8453780120624
3004361,590.5078421891263
3004362,152.74988869201087
3004363,215.99570482474505
3004364,111.80441935060118
3004365,2388.0947320546356
3004366,47.36892972950439
3004367,5.951442549315996
3004368,4.896831149150737
3004369,4.896831149150737
3004370,5.039445298292006
3004371,4.896831149150737
3004372,4.896831149150737
3004373,10.323991705336343
3004374,14.809833106740783
3004375,89.08211027955784
3004376,4.896831149150737
3004377,424.93123155779074
3004378,141.25996079968178
3004379,4.896831149150737
3004380,4.896831149150737
3004381,195.4317288931184
3004382,111.07283502145864
3004383,4.896831149150737
3004384,4.896831149150737
3004385,45.83262463869721
3004386,13.086733330816555
3004387,9.97028569342815
3004388,12.060647198301929
3004389,1493.1149704931474
3004390,9.97028569342815
3004391,407.44461210414386
3004392,9.97028569342815
3004393,1023.5583562626139
3004394,645.9919778675352
3004395,199.49423414481117
3004396,217.22495451485767
3004397,118.68039634135637
3004398,2925.067737967972
3004399,44.536812902281284
3004400,12.179686000983114
3004401,9.97028569342815
3004402,9.97028569342815
3004403,10.256600487368983
3004404,9.97028569342815
3004405,9.97028569342815
3004406,12.655033308024194
3004407,35.56713572122401
3004408,121.87817148704161
3004409,9.97028569342815
3004410,487.6584071242474
3004411,206.73095213924003
3004412,9.97028569342815
3004413,9.97028569342815
3004414,174.3293592025448
3004415,171.0972320458594
3004416,9.97028569342815
3004417,9.97028569342815
3004418,45.217786266010954
3004419,14.351413259088764
3004420,5.2354483227432596
3004421,7.956016826874947
3004422,856.8420216450612
3004423,5.2354483227432596
3004424,499.3294993200335
3004425,5.2354483227432596
3004426,1249.142529372688
3004427,256.4221982744107
3004428,359.4037978154724
3004429,109.54932764785802
3004430,42.44704363818688
3004431,3905.3097327649975
3004432,23.50194194557347
3004433,6.596401481634267
3004434,5.2354483227432596
3004435,5.2354483227432596
3004436,5.2325811499499
3004437,5.2354483227432596
3004438,5.2354483227432596
3004439,5.903108191705006
3004440,13.08914465835682
3004441,36.440899849096525
3004442,5.2354483227432596
3004443,363.1587211115938
3004444,287.04346576773236
3004445,5.2354483227432596
3004446,5.2354483227432596
3004447,344.13466681177806
3004448,65.22791132568032
3004449,5.2354483227432596
3004450,5.2354483227432596
3004451,27.289878283535224
3004452,2.733311291989555
3004453,0.0
3004454,1.074244679050056
3004455,868.6159531776186
3004456,0.0
3004457,281.5103343282113
3004458,0.0
3004459,708.3495429946757
3004460,393.8181525304741
3004461,134.2905531914071
3004462,152.38143670606416
3004463,75.28613901888984
3004464,1787.5281563890649
3004465,23.940965051412444
3004466,0.7976976135273279
3004467,0.0
3004468,0.0
3004469,0.0
3004470,0.0
3004471,0.0
3004472,3.936653006280693
3004473,11.415287572329673
3004474,101.28526526905898
3004475,0.0
3004476,434.55094735372643
3004477,110.08931915180582
3004478,0.0
3004479,0.0
3004480,205.81418564886542
3004481,68.49902892380254
3004482,0.0
3004483,0.0
3004484,26.016779221012733
3004485,2.3119032365997976
3004486,0.0
3004487,0.0
3004488,467.4756948272424
3004489,0.0
3004490,121.85476540615531
3004491,0.0
3004492,673.1802181803527
3004493,103.19039005286285
3004494,137.68608791896318
3004495,34.84553141665078
3004496,18.911268018740373
3004497,1680.193543263939
3004498,4.517997065712902
3004499,0.0
3004500,0.0
3004501,0.0
3004502,0.0
3004503,0.0
3004504,0.0
3004505,0.0
3004506,2.376597934912287
3004507,16.470619258979887
3004508,0.0
3004509,180.97902391312036
3004510,126.02688818042559
3004511,0.0
3004512,0.0
3004513,91.8539375055736
3004514,18.83904656672827
3004515,0.0
3004516,0.0
3004517,4.916986400473021
3004518,11.987751515016186
3004519,5.7133048843834375
3004520,8.068008438486402
3004521,2275.118758516396
3004522,5.7133048843834375
3004523,478.61717770506397
3004524,5.7133048843834375
3004525,1696.099615794056
3004526,188.0744365493526
3004527,242.0652574328834
3004528,68.39310169323693
3004529,41.6701250478106
3004530,4510.465889580261
3004531,25.278273351271714
3004532,6.622523996470823
3004533,5.7133048843834375
3004534,5.7133048843834375
3004535,5.645621063873794
3004536,5.7133048843834375
3004537,5.7133048843834375
3004538,6.79964943252204
3004539,16.565913978395702
3004540,43.10610247680211
3004541,5.7133048843834375
3004542,544.3632881052398
3004543,277.2668674230592
3004544,5.7133048843834375
3004545,5.7133048843834375
3004546,374.94051559819144
3004547,38.108116412850194
3004548,5.7133048843834375
3004549,5.7133048843834375
3004550,10.51936953590073
3004551,2.2734876446328496
3004552,0.0
3004553,0.07500811367497007
3004554,567.0710143818205
3004555,0.0
3004556,197.63510148125326
3004557,0.0
3004558,716.21165233111
3004559,131.6942320723102
3004560,115.81383198479486
3004561,42.60418545644853
3004562,23.012724888563138
3004563,1714.012155863985
3004564,7.293484645247986
3004565,0.2645626679428128
3004566,0.0
3004567,0.0
3004568,0.0
3004569,0.0
3004570,0.0
3004571,0.0
3004572,4.998493477962099
3004573,34.52736164129924
3004574,0.0
3004575,151.7011355943511
3004576,116.28910900528479
3004577,0.0
3004578,0.0
3004579,75.63789695000649
3004580,25.27355874000983
3004581,0.0
3004582,0.0
3004583,2.057701232345644
3004584,1.4726359656139705
3004585,0.0
3004586,0.0
3004587,624.8170799995895
3004588,0.0
3004589,190.5575134944646
3004590,0.0
3004591,651.6912643088949
3004592,127.98640712355552
3004593,101.09846941987776
3004594,35.34144647131567
3004595,17.02187346570746
3004596,1827.2347719766083
3004597,8.160450784471593
3004598,0.0
3004599,0.0
3004600,0.0
3004601,0.0
3004602,0.0
3004603,0.0
3004604,0.0
3004605,5.410947714051385
3004606,29.1279823578422
3004607,0.0
3004608,151.32758502245738
3004609,138.40486445783077
3004610,0.0
3004611,0.0
3004612,89.64260650515568
3004613,22.32725433588466
3004614,0.0
3004615,0.0
3004616,3.981562564193803
3004617,2.310739410298363
3004618,0.0
3004619,1.6276002930376952
3004620,477.47281914496585
3004621,0.0
3004622,203.25505435906015
3004623,0.0
3004624,962.286518486699
3004625,139.50307112624364
3004626,118.71725022466352
3004627,46.021581692988605
3004628,34.623958352908474
3004629,2067.8671397934804
3004630,9.748954956500482
3004631,0.0
3004632,0.0
3004633,0.0
3004634,0.0
3004635,0.0
3004636,0.0
3004637,0.0
3004638,7.156911589276179
3004639,31.376216027187674
3004640,0.0
3004641,318.48277039267884
3004642,244.80667369415684
3004643,0.0
3004644,0.0
3004645,66.62171396976366
3004646,37.00006555879486
3004647,0.0
3004648,0.0
3004649,9.836878162269244
3004650,2.8544988514420284
3004651,0.0
3004652,1.0530113950956417
3004653,579.287314253376
3004654,0.0
3004655,151.74700422596223
3004656,0.0
3004657,742.8190761575393
3004658,133.89411819703957
3004659,154.28021385365577
3004660,46.639437268118755
3004661,23.686356416277853
3004662,1951.9563251548373
3004663,9.32688735049976
3004664,0.0
3004665,0.0
3004666,0.0
3004667,0.0
3004668,0.0
3004669,0.0
3004670,0.0
3004671,1.9974352039745193
3004672,29.781720557776616
3004673,0.0
3004674,124.44526547740955
3004675,151.6025541889679
3004676,0.0
3004677,0.0
3004678,58.34210748393559
3004679,28.753860544007598
3004680,0.0
3004681,0.0
3004682,5.840892259957291
3004683,2.989426693556185
3004684,0.0
3004685,0.0
3004686,379.7552355590819
3004687,0.0
3004688,181.60869576590156
3004689,0.0
3004690,796.1883678739123
3004691,116.29935228758237
3004692,147.67848989399096
3004693,74.68313746491829
3004694,19.63173178327977
3004695,1989.6598632556309
3004696,10.240928709228978
3004697,0.0
3004698,0.0
3004699,0.0
3004700,0.0
3004701,0.0
3004702,0.0
3004703,0.0
3004704,3.6667369198295585
3004705,34.185904929470055
3004706,0.0
3004707,105.76886599378953
3004708,159.540302396299
3004709,0.0
3004710,0.0
3004711,80.0960867367585
3004712,41.9045867287108
3004713,0.0
3004714,0.0
3004715,2.942096295306216
3004716,2.15121448135854
3004717,0.0
3004718,0.0
3004719,892.8029360011659
3004720,0.0
3004721,149.82747883086356
3004722,0.0
3004723,804.4556956765816
3004724,147.11846335181428
3004725,153.26129330966705
3004726,57.44088825082913
3004727,30.251593603538534
3004728,2001.3349820057763
3004729,8.947721832540395
3004730,0.0
3004731,0.0
3004732,0.0
3004733,0.0
3004734,0.0
3004735,0.0
3004736,0.0
3004737,3.3236716629883656
3004738,43.75113861793445
3004739,0.0
3004740,179.76689055240377
3004741,125.16903129154893
3004742,0.0
3004743,0.0
3004744,130.2778032442871
3004745,36.748827922419906
3004746,0.0
3004747,0.0
3004748,6.027669463184175
3004749,2.076617215241444
3004750,0.0
3004751,0.19283431539075635
3004752,647.9781636744923
3004753,0.0
3004754,501.7182961377104
3004755,0.0
3004756,473.2075771568558
3004757,187.7907321471111
3004758,115.11042035597914
3004759,85.75932954383919
3004760,37.45433855120181
3004761,1419.9596004361283
3004762,11.651033503815835
3004763,0.0
3004764,0.0
3004765,0.0
3004766,0.0
3004767,0.0
3004768,0.0
3004769,0.0
3004770,3.6776240273763765
3004771,43.89236535617742
3004772,0.0
3004773,104.91929792988364
3004774,88.88622744571246
3004775,0.0
3004776,0.0
3004777,85.93347461749799
3004778,39.56563995428425
3004779,0.0
3004780,0.0
3004781,6.970021080191035
3004782,3.0382528605996058
3004783,0.0
3004784,0.7054172827409402
3004785,911.8257064616747
3004786,0.0
3004787,175.69077248195558
3004788,0.0
3004789,696.2892169271811
3004790,96.34874657137681
3004791,120.34945342515063
3004792,43.539729480848706
3004793,23.90234378245123
3004794,1719.457464802266
3004795,12.533483250597182
3004796,0.0
3004797,0.0
3004798,0.0
3004799,0.0
3004800,0.0
3004801,0.0
3004802,0.0
3004803,1.0858472226313882
3004804,51.74681423099928
3004805,0.0
3004806,114.31285510149773
3004807,126.02798245677961
3004808,0.0
3004809,0.0
3004810,53.22099123169983
3004811,30.267343117893894
3004812,0.0
3004813,0.0
3004814,1.9192001647804622
3004815,7.728429877659268
3004816,3.0804596777833
3004817,6.095782577813649
3004818,1164.5881418642655
3004819,3.0804596777833
3004820,299.845391023469
3004821,3.0804596777833
3004822,898.7297546493062
3004823,404.0735688988574
3004824,198.87153590707288
3004825,155.4288853073281
3004826,92.32298763037033
3004827,2488.2251117040596
3004828,30.104510552796295
3004829,3.6193988508152835
3004830,3.0804596777833
3004831,3.0804596777833
3004832,3.012775857273656
3004833,3.0804596777833
3004834,3.0804596777833
3004835,6.25904841783675
3004836,22.44459863676747
3004837,75.46823515531065
3004838,3.0804596777833
3004839,541.3276906835887
3004840,162.2584200734895
3004841,3.0804596777833
3004842,3.0804596777833
3004843,282.9045015022324
3004844,96.40016150530174
3004845,3.0804596777833
3004846,3.0804596777833
3004847,29.066664561553562
3004848,0.0
3004849,0.0
3004850,0.0
3004851,29.847191098189114
3004852,0.0
3004853,35.6004316079874
3004854,0.0
3004855,38.47979075643523
3004856,34.53594115879581
3004857,14.66583967642774
3004858,6.3878208110887895
3004859,0.0
3004860,0.0
3004861,0.0
3004862,0.0
3004863,0.0
3004864,0.0
3004865,0.0
3004866,0.0
3004867,0.0
3004868,0.0
3004869,0.0
3004870,0.0
3004871,0.0
3004872,37.17163553644778
3004873,17.569361148038887
3004874,0.0
3004875,0.0
3004876,13.677502041177014
3004877,0.0
3004878,0.0
3004879,0.0
3004880,0.0
3004881,0.0
3004882,0.0
3004883,0.0
3004884,33.22661274129083
3004885,0.0
3004886,39.58398778638863
3004887,0.0
3004888,40.34993578587117
3004889,34.45653641300955
3004890,15.42415861832621
3004891,6.220534134699257
3004892,0.0
3004893,0.0
3004894,0.0
3004895,0.0
3004896,0.0
3004897,0.0
3004898,0.0
3004899,0.0
3004900,0.0
3004901,0.0
3004902,0.0
3004903,0.0
3004904,0.0
3004905,36.774719730496315
3004906,18.57079663073567
3004907,0.0
3004908,0.0
3004909,13.461031489016879
3004910,0.0
3004911,0.0
3004912,0.0
3004913,0.0
3004914,0.0
3004915,0.0
3004916,0.0
3004917,33.84776287749625
3004918,0.0
3004919,37.52761721426739
3004920,0.0
3004921,40.462484098225374
3004922,34.59450961585067
3004923,16.288532503313
3004924,6.499535266661962
3004925,0.0
3004926,0.0
3004927,0.0
3004928,0.0
3004929,0.0
3004930,0.0
3004931,0.0
3004932,0.0
3004933,0.0
3004934,0.0
3004935,0.0
3004936,0.0
3004937,0.0
3004938,35.51193421103908
3004939,19.00771940156948
3004940,0.0
3004941,0.0
3004942,14.108883717740394
3004943,0.0
3004944,0.0
3004945,0.0
3004946,0.0
3004947,2.3696323387453386
3004948,0.0
3004949,0.0
3004950,621.5562089740137
3004951,0.0
3004952,236.16666833611916
3004953,0.0
3004954,638.750724929448
3004955,259.1902638379298
3004956,125.9688362868385
3004957,64.97109881784885
3004958,55.51106862857179
3004959,1707.9782174890354
3004960,20.150602732988865
3004961,0.0
3004962,0.0
3004963,0.0
3004964,0.0
3004965,0.0
3004966,0.0
3004967,0.0
3004968,5.461392370402565
3004969,73.81623382050498
3004970,0.0
3004971,461.2657854187237
3004972,120.12057419002798
3004973,0.0
3004974,0.0
3004975,149.92359507433105
3004976,49.15821255132062
3004977,0.0
3004978,0.0
3004979,15.741907776761483
3004980,17.229014252050337
3004981,8.538975387774606
3004982,10.264329789171008
3004983,1725.9704320576448
3004984,8.538975387774606
3004985,516.9756836302479
3004986,8.538975387774606
3004987,1182.52991803137
3004988,638.7979627837606
3004989,247.24463755199804
3004990,239.04803214127844
3004991,91.52219523107028
3004992,3389.699009912736
3004993,27.895807256298394
3004994,8.943127973866822
3004995,8.538975387774606
3004996,8.538975387774606
3004997,8.471291567264963
3004998,8.538975387774606
3004999,8.538975387774606
3005000,13.49809563119345
3005001,19.441313674941263
3005002,115.87131541978428
3005003,8.538975387774606
3005004,541.5935201289386
3005005,234.1756231878623
3005006,8.538975387774606
3005007,8.538975387774606
3005008,363.6859490270669
3005009,130.0562788667202
3005010,8.538975387774606
3005011,8.538975387774606
3005012,62.93285317004924
3005013,1.4008424630029896
3005014,0.0
3005015,2.550230149532231
3005016,2198.6204986021403
3005017,0.0
3005018,375.5110275053595
3005019,0.0
3005020,761.746315157688
3005021,482.1661280647289
3005022,183.72020889943522
3005023,189.45712308087172
3005024,62.26359556232556
3005025,2080.419231150614
3005026,16.84647035110138
3005027,0.0
3005028,0.0
3005029,0.0
3005030,0.0
3005031,0.0
3005032,0.0
3005033,4.303009520048507
3005034,26.8836974515547
3005035,185.29299792616138
3005036,0.0
3005037,358.65917116719356
3005038,138.4531949901404
3005039,0.0
3005040,0.0
3005041,189.710382247454
3005042,99.06544751058247
3005043,0.0
3005044,0.0
3005045,13.527631135642709
3005046,2.82034730006621
3005047,0.0
3005048,0.5961108031724223
3005049,436.1248222362955
3005050,0.0
3005051,236.80018838247884
3005052,0.0
3005053,563.9551970144748
3005054,172.53349433156552
3005055,119.39601124284992
3005056,63.83772588807619
3005057,38.6157818782128
3005058,1649.9041455423298
3005059,8.560785015424248
3005060,0.0532590020778998
3005061,0.0
3005062,0.0
3005063,0.0
3005064,0.0
3005065,0.0
3005066,0.0
3005067,6.709963464450109
3005068,46.80037177173227
3005069,0.0
3005070,339.55704581846
3005071,177.50640160684085
3005072,0.0
3005073,0.0
3005074,173.17906364751917
3005075,34.64091405984799
3005076,0.0
3005077,0.0
3005078,3.570902712495166
3005079,3.5541084818062867
3005080,0.0
3005081,0.46881445312871595
3005082,773.4415004430663
3005083,0.0
3005084,298.9952398995684
3005085,0.0
3005086,552.6114554705913
3005087,279.5941722386076
3005088,152.54906026172515
3005089,140.46693193094967
3005090,48.741699052760055
3005091,1674.932519737536
3005092,21.34540257462136
3005093,0.0008505311771915824
3005094,0.0
3005095,0.0
3005096,0.0
3005097,0.0
3005098,0.0
3005099,1.8642264918144553
3005100,6.848272147815646
3005101,79.25320230731677
3005102,0.0
3005103,188.62629597853834
3005104,126.99356706703969
3005105,0.0
3005106,0.0
3005107,172.39335345671594
3005108,68.71141699089071
3005109,0.0
3005110,0.0
3005111,14.988736507097002
3005112,3.4686637430330993
3005113,0.0
3005114,0.5647474757039439
3005115,511.00777030519396
3005116,0.0
3005117,304.4085046091486
3005118,0.0
3005119,537.7790363617197
3005120,165.5244714921656
3005121,132.74335184069565
3005122,67.3669805601446
3005123,32.15665012146139
3005124,1600.0263799155437
3005125,9.212548535497525
3005126,0.0
3005127,0.0
3005128,0.0
3005129,0.0
3005130,0.0
3005131,0.0
3005132,0.0
3005133,2.6588743755058477
3005134,158.75791577164674
3005135,0.0
3005136,121.89376226324623
3005137,141.25905028010268
3005138,0.0
3005139,0.0
3005140,101.57034370175887
3005141,45.922452544504125
3005142,0.0
3005143,0.0
3005144,4.7975150994398295
3005145,0.0
3005146,0.0
3005147,0.0
3005148,32.981969846806244
3005149,0.0
3005150,38.4714018744318
3005151,0.0
3005152,41.18738455643177
3005153,32.84078732761477
3005154,15.366761186738092
3005155,6.281380726996967
3005156,0.0
3005157,0.0
3005158,0.0
3005159,0.0
3005160,0.0
3005161,0.0
3005162,0.0
3005163,0.0
3005164,0.0
3005165,0.0
3005166,0.0
3005167,0.0
3005168,0.0
3005169,36.34515782006058
3005170,17.95732854089704
3005171,0.0
3005172,0.0
3005173,13.62110184644289
3005174,0.06657857156317593
3005175,0.0
3005176,0.0
3005177,0.0
3005178,23.071935424021852
3005179,17.021153712733888
3005180,19.936473784859114
3005181,3064.4629896185543
3005182,17.021153712733888
3005183,683.6831293061244
3005184,17.021153712733888
3005185,1680.535951091978
3005186,1084.548598650211
3005187,326.9728136681308
3005188,441.55446275127605
3005189,218.76489969693495
3005190,4966.122201604435
3005191,79.14320168779851
3005192,18.438334719959727
3005193,17.021153712733888
3005194,17.021153712733888
3005195,17.37727105036918
3005196,17.021153712733888
3005197,17.021153712733888
3005198,28.374051638981356
3005199,53.914343680770855
3005200,215.46305754753007
3005201,17.021153712733888
3005202,717.1061060810549
3005203,312.97386045226796
3005204,17.021153712733888
3005205,17.021153712733888
3005206,511.4186572114078
3005207,313.6297884479504
3005208,17.021153712733888
3005209,17.021153712733888
3005210,112.86228390643679
3005211,0.0
3005212,0.0
3005213,0.0
3005214,332.325111438828
3005215,0.0
3005216,125.46655433130364
3005217,0.0
3005218,387.2296565835126
3005219,114.52234598052968
3005220,66.81769760239973
3005221,46.35218199876927
3005222,13.635160920662303
3005223,970.8493921934573
3005224,0.8905668882454196
3005225,0.0
3005226,0.0
3005227,0.0
3005228,0.0
3005229,0.0
3005230,0.0
3005231,0.0
3005232,0.0
3005233,59.46794783067692
3005234,0.0
3005235,83.26915384135155
3005236,76.80682239129774
3005237,0.0
3005238,0.0
3005239,69.47400910154815
3005240,20.810364357853178
3005241,0.0
3005242,0.0
3005243,0.0
3005244,4.295067367829619
3005245,0.0
3005246,0.5527160338613695
3005247,657.2256439755813
3005248,0.0
3005249,313.55569160447635
3005250,0.0
3005251,810.6397484068767
3005252,210.97142487321446
3005253,146.89463098373784
3005254,68.82647696035609
3005255,34.90390066831705
3005256,2361.696747014331
3005257,11.11383686850854
3005258,0.0
3005259,0.0
3005260,0.0
3005261,0.0
3005262,0.0
3005263,0.0
3005264,0.0
3005265,3.120366533009614
3005266,29.785845115230863
3005267,0.0
3005268,209.76682166000276
3005269,199.15970826474566
3005270,0.0
3005271,0.0
3005272,85.69068342790104
3005273,45.80407738083727
3005274,0.0
3005275,0.0
3005276,4.513746391196229
3005277,0.0
3005278,0.0
3005279,0.0
3005280,185.8222250143511
3005281,0.0
3005282,113.58103722518024
3005283,0.0
3005284,459.2065384561614
3005285,88.15747986815765
3005286,66.36808715695665
3005287,32.06724928203841
3005288,13.28269048592404
3005289,1087.9626594210622
3005290,2.30360429607981
3005291,0.0
3005292,0.0
3005293,0.0
3005294,0.0
3005295,0.0
3005296,0.0
3005297,0.0
3005298,0.0
3005299,318.50248932597873
3005300,0.0
3005301,103.60101219983123
3005302,126.03376964399958
3005303,0.0
3005304,0.0
3005305,74.41704827105991
3005306,20.670166591486414
3005307,0.0
3005308,0.0
3005309,0.0
3005310,3.7300795625840406
3005311,0.0
3005312,0.038417177079580256
3005313,520.5983485225105
3005314,0.0
3005315,187.42192520609777
3005316,0.0
3005317,822.4590953320534
3005318,161.69476190049346
3005319,126.93548071586991
3005320,75.903767898642
3005321,29.867728306511918
3005322,1963.1178349898476
3005323,6.1180477972121565
3005324,0.0
3005325,0.0
3005326,0.0
3005327,0.0
3005328,0.0
3005329,0.0
3005330,0.0
3005331,7.244532775502167
3005332,29.552933223873303
3005333,0.0
3005334,181.55170227213625
3005335,153.95437164392118
3005336,0.0
3005337,0.0
3005338,94.71689000799266
3005339,32.97870302877811
3005340,0.0
3005341,0.0
3005342,1.0354243817568607
3005343,1.7365644766852464
3005344,0.0
3005345,1.0354810849444442
3005346,1075.767486931908
3005347,0.0
3005348,623.2957086681195
3005349,0.0
3005350,832.3356498385483
3005351,216.833884381997
3005352,208.06568480444065
3005353,60.937099858133905
3005354,33.76185445677618
3005355,2826.0954820936176
3005356,13.71863288291576
3005357,0.44206180004191165
3005358,0.0
3005359,0.0
3005360,0.0
3005361,0.0
3005362,0.0
3005363,0.0
3005364,9.846235082876492
3005365,97.59751720475059
3005366,0.0
3005367,194.532094870575
3005368,268.2126714521213
3005369,0.0
3005370,0.0
3005371,110.95254967804094
3005372,45.29988324742885
3005373,0.0
3005374,0.0
3005375,2.243628119135569
3005376,0.0
3005377,0.0
3005378,0.0
3005379,576.5719375230851
3005380,0.0
3005381,138.3808251114385
3005382,0.0
3005383,472.57397990744397
3005384,112.34931626512518
3005385,75.76955452838982
3005386,51.15970621362404
3005387,21.991333009276175
3005388,1300.0192828900636
3005389,3.993853232846286
3005390,0.0
3005391,0.0
3005392,0.0
3005393,0.0
3005394,0.0
3005395,0.0
3005396,0.0
3005397,0.0
3005398,77.06134406578593
3005399,0.0
3005400,116.89961456769987
3005401,94.45566484453758
3005402,0.0
3005403,0.0
3005404,40.418805756436896
3005405,19.535848588076217
3005406,0.0
3005407,0.0
3005408,0.0
3005409,0.0
3005410,0.0
3005411,0.0
3005412,31.512996665994564
3005413,0.0
3005414,38.526742731123065
3005415,0.0
3005416,36.933098206702226
3005417,33.344656891070315
3005418,15.378456781565838
3005419,5.353901939608413
3005420,0.0
3005421,0.0
3005422,0.0
3005423,0.0
3005424,0.0
3005425,0.0
3005426,0.0
3005427,0.0
3005428,0.0
3005429,0.0
3005430,0.0
3005431,0.0
3005432,0.0
3005433,36.59627926731603
3005434,18.3104878598924
3005435,0.0
3005436,0.0
3005437,13.197670560670119
3005438,0.0
3005439,0.0
3005440,0.0
3005441,0.0
3005442,7.377627608202177
3005443,3.2625369121746406
3005444,6.373126038930849
3005445,974.2860048558342
3005446,3.2625369121746406
3005447,376.0720353923745
3005448,3.2625369121746406
3005449,1130.451898234896
3005450,504.6879181815921
3005451,126.96159354156566
3005452,160.63556585653214
3005453,127.16138836736462
3005454,2998.602861267672
3005455,51.77015668513708
3005456,5.228771907225734
3005457,3.2625369121746406
3005458,3.2625369121746406
3005459,3.2845992192721605
3005460,3.2625369121746406
3005461,3.2625369121746406
3005462,6.6065129660025725
3005463,21.273402797644266
3005464,99.96503639521507
3005465,3.2625369121746406
3005466,347.0573894525368
3005467,222.0365707916228
3005468,3.2625369121746406
3005469,3.2625369121746406
3005470,137.0951704772676
3005471,179.10425882495647
3005472,3.2625369121746406
3005473,3.2625369121746406
3005474,19.41621941866404
3005475,6.213758886874706
3005476,1.1499056065143773
3005477,3.321674262941894
3005478,678.4082248188754
3005479,1.1499056065143773
3005480,384.46086782106414
3005481,1.1499056065143773
3005482,901.1274908021427
3005483,418.19548433113897
3005484,156.65771866043707
3005485,113.1712173027805
3005486,121.27072916867672
3005487,2809.382545837868
3005488,19.816593685848897
3005489,2.4391001748580154
3005490,1.1499056065143773
3005491,1.1499056065143773
3005492,1.0822217860047338
3005493,1.1499056065143773
3005494,1.1499056065143773
3005495,2.705078701953207
3005496,26.100236483856204
3005497,87.66574085079294
3005498,1.1499056065143773
3005499,208.15235462159637
3005500,224.66793204841366
3005501,1.1499056065143773
3005502,1.1499056065143773
3005503,115.7570334951763
3005504,139.29215398573032
3005505,1.1499056065143773
3005506,1.1499056065143773
3005507,19.55242087582139
3005508,7.042913153864232
3005509,0.0
3005510,0.3476048845503177
3005511,668.8529551919244
3005512,0.0
3005513,589.1491331956241
3005514,0.0
3005515,863.7998828934549
3005516,182.64644332546456
3005517,101.07609244208301
3005518,81.48117678492302
3005519,39.416229238961975
3005520,2318.997188898865
3005521,22.265677966927754
3005522,0.7815598670985335
3005523,0.0
3005524,0.0
3005525,0.0
3005526,0.0
3005527,0.0
3005528,1.4757286516770263
3005529,8.507864361699466
3005530,50.123565088788226
3005531,0.0
3005532,132.0464763420952
3005533,201.1335160082418
3005534,0.0
3005535,0.0
3005536,86.06526769254627
3005537,55.62831833393069
3005538,0.0
3005539,0.0
3005540,8.635325848328666
3005541,7.382005211972158
3005542,2.670197736804189
3005543,4.690122118334454
3005544,946.1665089181748
3005545,2.670197736804189
3005546,300.7400233948653
3005547,2.670197736804189
3005548,831.5569570680138
3005549,384.78014881392045
3005550,157.7002775919283
3005551,140.656680644656
3005552,96.15506197588074
3005553,2321.395114051723
3005554,31.730207578022842
3005555,3.2566335046187476
3005556,2.670197736804189
3005557,2.670197736804189
3005558,2.617471604229073
3005559,2.670197736804189
3005560,2.670197736804189
3005561,7.564158267257051
3005562,14.807399187231635
3005563,65.79726300734632
3005564,2.670197736804189
3005565,401.19614651862315
3005566,167.94183608285584
3005567,2.670197736804189
3005568,2.670197736804189
3005569,246.29028252787182
3005570,96.34704110068067
3005571,2.670197736804189
3005572,2.670197736804189
3005573,30.095313657732444
3005574,2.0355595014362136
3005575,0.0
3005576,0.0
3005577,498.93458499114337
3005578,0.0
3005579,194.73138689064913
3005580,0.0
3005581,706.8000614014493
3005582,130.73081451515583
3005583,107.61053264943371
3005584,69.86112313907282
3005585,24.03056226661077
3005586,1946.9482775531012
3005587,8.325203041712903
3005588,0.05174800794101175
3005589,0.0
3005590,0.0
3005591,0.0
3005592,0.0
3005593,0.0
3005594,0.0
3005595,1.4621517859937523
3005596,36.956128090849
3005597,0.0
3005598,79.26919193077237
3005599,148.2403231502057
3005600,0.0
3005601,0.0
3005602,72.71080625077663
3005603,35.42054558408968
3005604,0.0
3005605,0.0
3005606,1.4951061841733138
3005607,2.8217119587092405
3005608,0.0
3005609,0.4187496658259202
3005610,522.0133974039894
3005611,0.0
3005612,204.28476017719203
3005613,0.0
3005614,553.6837412255845
3005615,201.0997060672453
3005616,120.29483035861023
3005617,81.02772962222872
3005618,66.11628452637984
3005619,1454.2151140674987
3005620,18.184259387276057
3005621,0.0
3005622,0.0
3005623,0.0
3005624,0.0
3005625,0.0
3005626,0.0
3005627,1.952161484483364
3005628,8.3557359726
3005629,55.36596646780392
3005630,0.0
3005631,148.45416823504476
3005632,138.2486603533192
3005633,0.0
3005634,0.0
3005635,89.4915006554896
3005636,53.9473489637647
3005637,0.0
3005638,0.0
3005639,5.079242559360913
3005640,0.0
3005641,0.0
3005642,0.0
3005643,31.342965364569345
3005644,0.0
3005645,36.49648259407246
3005646,0.0
3005647,38.18227858029463
3005648,33.87678317117688
3005649,15.632772924912747
3005650,7.113059676499972
3005651,0.0
3005652,0.0
3005653,0.0
3005654,0.0
3005655,0.0
3005656,0.0
3005657,0.0
3005658,0.0
3005659,0.0
3005660,0.0
3005661,0.0
3005662,0.0
3005663,0.0
3005664,36.32280872682708
3005665,19.0545112464766
3005666,0.0
3005667,0.0
3005668,14.566644968077224
3005669,0.19501266023170638
3005670,0.0
3005671,0.0
3005672,0.0
3005673,1.91658059086177
3005674,0.0
3005675,0.26317028800690223
3005676,1099.8248070658592
3005677,0.0
3005678,200.97560730927327
3005679,0.0
3005680,777.1430810763361
3005681,110.79206810866978
3005682,112.64685811634527
3005683,60.339272681208996
3005684,23.72796203500099
3005685,2010.2869178709866
3005686,6.6699389972726095
3005687,0.9273841179272257
3005688,0.0
3005689,0.0
3005690,0.0
3005691,0.0
3005692,0.0
3005693,0.0
3005694,5.522428047002067
3005695,117.79118936865594
3005696,0.0
3005697,148.97682893167163
3005698,167.96572465060973
3005699,0.0
3005700,0.0
3005701,97.04914127777123
3005702,41.31747159810624
3005703,0.0
3005704,0.0
3005705,0.6521375854949012
3005706,32.104230797796696
3005707,19.761367073859955
3005708,23.952951868998714
3005709,3790.295364851847
3005710,19.761367073859955
3005711,841.0933494114611
3005712,19.761367073859955
3005713,2224.178609050594
3005714,1412.1663463240327
3005715,483.257734404136
3005716,537.6971260184465
3005717,292.3897946666616
3005718,6499.293930764835
3005719,100.32427365616715
3005720,22.490450089162387
3005721,19.761367073859955
3005722,19.761367073859955
3005723,20.750693200723568
3005724,19.761367073859955
3005725,19.761367073859955
3005726,26.297040695755285
3005727,34.307391389924454
3005728,326.2513017981601
3005729,19.761367073859955
3005730,1182.5638757667523
3005731,321.59791504021933
3005732,19.761367073859955
3005733,19.761367073859955
3005734,690.4630591003336
3005735,416.1108614980459
3005736,19.761367073859955
3005737,19.761367073859955
3005738,139.0415727763597
3005739,28.217148836652076
3005740,18.96632642999338
3005741,24.070667026923942
3005742,2760.9573822648936
3005743,18.96632642999338
3005744,675.4556173074975
3005745,18.96632642999338
3005746,1974.7039738037213
3005747,964.350012838535
3005748,479.564328516169
3005749,357.5506180468145
3005750,234.85475172026997
3005751,7414.7613976180355
3005752,77.83141297553007
3005753,20.113152101934958
3005754,18.96632642999338
3005755,18.96632642999338
3005756,20.492839552400362
3005757,18.96632642999338
3005758,18.96632642999338
3005759,25.070974218707732
3005760,27.321112821754
3005761,182.47976764103026
3005762,18.96632642999338
3005763,1077.562895756039
3005764,362.40368971916564
3005765,18.96632642999338
3005766,18.96632642999338
3005767,605.301031877175
3005768,250.39929692128152
3005769,18.96632642999338
3005770,18.96632642999338
3005771,110.30997897770564
3005772,21.805527078430192
3005773,11.795431521161822
3005774,18.924061225812807
3005775,1734.9792924204398
3005776,11.795431521161822
3005777,401.52898949691917
3005778,11.795431521161822
3005779,1829.6613181265461
3005780,582.435049117381
3005781,581.0957387309678
3005782,161.6453825590218
3005783,193.44277689321467
3005784,5485.737344599879
3005785,40.99535312194266
3005786,12.821290921186268
3005787,11.795431521161822
3005788,11.795431521161822
3005789,13.406914367835462
3005790,11.795431521161822
3005791,11.795431521161822
3005792,15.332527945877757
3005793,38.46720234087332
3005794,104.29632616738847
3005795,11.795431521161822
3005796,1356.1124836872616
3005797,434.3924819888045
3005798,11.795431521161822
3005799,11.795431521161822
3005800,657.931036379727
3005801,138.1001097169448
3005802,11.795431521161822
3005803,11.795431521161822
3005804,51.442276098793876
3005805,23.57200717339399
3005806,16.490322067868316
3005807,23.020208978505195
3005808,2427.2068605581517
3005809,16.490322067868316
3005810,671.1197786894134
3005811,16.490322067868316
3005812,1883.967838815276
3005813,902.5692376077761
3005814,466.2774573785362
3005815,284.84658592055973
3005816,203.74557404804725
3005817,6064.901334294055
3005818,51.88155122663428
3005819,18.671524363724487
3005820,16.490322067868316
3005821,16.490322067868316
3005822,17.030917556696114
3005823,16.490322067868316
3005824,16.490322067868316
3005825,26.326178044489517
3005826,26.086835575216856
3005827,160.46728674343768
3005828,16.490322067868316
3005829,1084.4263517777636
3005830,420.34569617581695
3005831,16.490322067868316
3005832,16.490322067868316
3005833,682.6717465901754
3005834,250.96398630499982
3005835,16.490322067868316
3005836,16.490322067868316
3005837,87.79023197665722
3005838,16.761993496171485
3005839,9.108653805110933
3005840,14.166175955440265
3005841,1274.9138534227932
3005842,9.108653805110933
3005843,411.3722669766657
3005844,9.108653805110933
3005845,1614.9854732020226
3005846,449.2939301966122
3005847,451.0826762833104
3005848,120.50972035111482
3005849,130.16350407917835
3005850,4821.387497886694
3005851,32.83780697942889
3005852,9.981950723793652
3005853,9.108653805110933
3005854,9.108653805110933
3005855,9.040969984601288
3005856,9.108653805110933
3005857,9.108653805110933
3005858,11.045188586975703
3005859,19.911035932733526
3005860,106.46731807556586
3005861,9.108653805110933
3005862,1339.7754956185502
3005863,389.74062876774514
3005864,9.108653805110933
3005865,9.108653805110933
3005866,552.2954557017014
3005867,122.00873696017099
3005868,9.108653805110933
3005869,9.108653805110933
3005870,28.046560732364924
3005871,14.232780154749332
3005872,7.833745480566693
3005873,12.062777915855822
3005874,1775.1419816017174
3005875,7.833745480566693
3005876,421.7222062315475
3005877,7.833745480566693
3005878,933.6763163069039
3005879,615.4166689312082
3005880,212.0370461714289
3005881,227.17314887441333
3005882,146.16096900561723
3005883,2863.266024764037
3005884,48.12262619428514
3005885,8.672323511908743
3005886,7.833745480566693
3005887,7.833745480566693
3005888,8.274623049830975
3005889,7.833745480566693
3005890,7.833745480566693
3005891,16.930339494855534
3005892,15.34373274813409
3005893,156.33932324056786
3005894,7.833745480566693
3005895,479.8323274750397
3005896,177.73548469337743
3005897,7.833745480566693
3005898,7.833745480566693
3005899,220.74487940559064
3005900,184.32768968331104
3005901,7.833745480566693
3005902,7.833745480566693
3005903,61.26654490643775
3005904,6.000009637748567
3005905,0.8503969680334675
3005906,4.114717887450094
3005907,732.9652233064675
3005908,0.8503969680334675
3005909,320.38706094362345
3005910,0.8503969680334675
3005911,991.8661696925184
3005912,286.62319882181725
3005913,232.7240443329354
3005914,132.25061243450023
3005915,115.31349142146681
3005916,2717.055744683402
3005917,24.699358057058745
3005918,1.9692611348222422
3005919,0.8503969680334675
3005920,0.8503969680334675
3005921,0.861252880360992
3005922,0.8503969680334675
3005923,0.8503969680334675
3005924,3.193858024393231
3005925,23.843478765599706
3005926,65.96745098678909
3005927,0.8503969680334675
3005928,317.54820660236857
3005929,205.64210749186955
3005930,0.8503969680334675
3005931,0.8503969680334675
3005932,166.11089558690009
3005933,91.01343788496034
3005934,0.8503969680334675
3005935,0.8503969680334675
3005936,16.12962614131506
3005937,12.088505307949319
3005938,6.132301294894989
3005939,11.121762008061923
3005940,1286.109408749415
3005941,6.132301294894989
3005942,392.595591219601
3005943,6.132301294894989
3005944,1349.4554177999887
3005945,439.10472487984043
3005946,343.12846442922586
3005947,114.56950823872525
3005948,102.00443991018466
3005949,4518.116843833082
3005950,41.172737058053585
3005951,6.490454253994502
3005952,6.132301294894989
3005953,6.132301294894989
3005954,6.996980022304209
3005955,6.132301294894989
3005956,6.132301294894989
3005957,7.145922988837629
3005958,16.170600799452604
3005959,110.81681662165863
3005960,6.132301294894989
3005961,670.2803270829556
3005962,296.62663021344065
3005963,6.132301294894989
3005964,6.132301294894989
3005965,245.38309484723302
3005966,132.64596754260052
3005967,6.132301294894989
3005968,6.132301294894989
3005969,27.68620998954727
3005970,19.652531858979106
3005971,10.882786745440205
3005972,14.441863151023771
3005973,2311.4763381665725
3005974,10.882786745440205
3005975,591.6638759199536
3005976,10.882786745440205
3005977,1274.9570148869218
3005978,821.3888967865859
3005979,276.1848603484489
3005980,331.31720834547366
3005981,156.139120819868
3005982,3696.0651636486673
3005983,35.665412255223096
3005984,11.861560185621405
3005985,10.882786745440205
3005986,10.882786745440205
3005987,11.50814246589699
3005988,10.882786745440205
3005989,10.882786745440205
3005990,16.497286407415313
3005991,18.24466916009398
3005992,157.4912184906338
3005993,10.882786745440205
3005994,692.8615367012154
3005995,205.21599391034408
3005996,10.882786745440205
3005997,10.882786745440205
3005998,403.7363588850093
3005999,166.36391672476714
3006000,10.882786745440205
3006001,10.882786745440205
3006002,90.15860045739038
3006003,0.0
3006004,0.0
3006005,0.0
3006006,31.986578236600153
3006007,0.0
3006008,38.58709980418168
3006009,0.0
3006010,36.345024976703996
3006011,34.102711746602196
3006012,14.46364594958105
3006013,6.569267926429426
3006014,0.0
3006015,0.0
3006016,0.0
3006017,0.0
3006018,0.0
3006019,0.0
3006020,0.0
3006021,0.0
3006022,0.0
3006023,0.0
3006024,0.0
3006025,0.0
3006026,0.0
3006027,36.79753896071659
3006028,17.49394370314437
3006029,0.0
3006030,0.0
3006031,13.88788651664762
3006032,0.0
3006033,0.0
3006034,0.0
3006035,0.0
3006036,0.0
3006037,0.0
3006038,0.0
3006039,33.52589902333857
3006040,0.0
3006041,40.18459505110724
3006042,0.0
3006043,38.83186912203985
3006044,33.08806929266916
3006045,15.16897541625232
3006046,5.79304276933707
3006047,0.0
3006048,0.0
3006049,0.0
3006050,0.0
3006051,0.0
3006052,0.0
3006053,0.0
3006054,0.0
3006055,0.0
3006056,0.0
3006057,0.0
3006058,0.0
3006059,0.0
3006060,35.34462458602053
3006061,18.358066093947542
3006062,0.0
3006063,0.0
3006064,13.945307101888448
3006065,0.0
3006066,0.0
3006067,0.0
3006068,0.0
3006069,1.2248719916762818
3006070,0.0
3006071,0.0
3006072,373.89510858813867
3006073,0.0
3006074,165.31611016228692
3006075,0.0
3006076,689.9279509443011
3006077,75.33819625859097
3006078,100.66385143816584
3006079,36.970053456082155
3006080,14.11203053128488
3006081,1702.9845756538803
3006082,6.217043483859969
3006083,0.0
3006084,0.0
3006085,0.0
3006086,0.0
3006087,0.0
3006088,0.0
3006089,0.0
3006090,2.905878691899133
3006091,32.560234768009984
3006092,0.0
3006093,77.49148498518349
3006094,135.494595115584
3006095,0.0
3006096,0.0
3006097,46.29806319390671
3006098,41.74505082729023
3006099,0.0
3006100,0.0
3006101,0.1635409344552723
3006102,14.052469521593052
3006103,6.954703075202232
3006104,10.21393125801258
3006105,1069.213330527651
3006106,6.954703075202232
3006107,303.40716223553574
3006108,6.954703075202232
3006109,964.0531717999094
3006110,385.8009405512674
3006111,218.4888714820154
3006112,155.88516650205483
3006113,104.32486735412247
3006114,2970.198595011446
3006115,34.54627553846123
3006116,7.485700428211837
3006117,6.954703075202232
3006118,6.954703075202232
3006119,6.896991046648941
3006120,6.954703075202232
3006121,6.954703075202232
3006122,11.213422865962654
3006123,17.82698271596649
3006124,104.73807805546966
3006125,6.954703075202232
3006126,510.41887913316043
3006127,185.39514064175543
3006128,6.954703075202232
3006129,6.954703075202232
3006130,354.5276064200734
3006131,115.53738772710481
3006132,6.954703075202232
3006133,6.954703075202232
3006134,44.9184532582633
3006135,8.534967530141913
3006136,4.711611104742161
3006137,7.096408102427686
3006138,1540.9516625224417
3006139,4.711611104742161
3006140,389.6012630137604
3006141,4.711611104742161
3006142,862.1781649069262
3006143,624.4785490997525
3006144,164.46107157317132
3006145,223.85951118798803
3006146,110.8798661806494
3006147,2537.05260922084
3006148,37.362447401201784
3006149,5.094859740265156
3006150,4.711611104742161
3006151,4.711611104742161
3006152,4.986244656676983
3006153,4.711611104742161
3006154,4.711611104742161
3006155,10.886335535769817
3006156,14.701820455472177
3006157,135.6248018335415
3006158,4.711611104742161
3006159,663.6730273774992
3006160,140.61647495916804
3006161,4.711611104742161
3006162,4.711611104742161
3006163,255.30230364690436
3006164,118.35489228574733
3006165,4.711611104742161
3006166,4.711611104742161
3006167,51.34114711053103
3006168,17.116435215983717
3006169,10.653897638104443
3006170,13.303100368786724
3006171,1735.550341070152
3006172,10.653897638104443
3006173,460.29340054660656
3006174,10.653897638104443
3006175,1076.5186495100545
3006176,731.5040688788536
3006177,231.70348368268048
3006178,254.32280202648295
3006179,140.22329869875287
3006180,2994.928344769609
3006181,45.64722261985973
3006182,13.044847872229802
3006183,10.653897638104443
3006184,10.653897638104443
3006185,10.950184224001626
3006186,10.653897638104443
3006187,10.653897638104443
3006188,13.935817093775432
3006189,36.35183987501192
3006190,169.4027937490786
3006191,10.653897638104443
3006192,793.7970213988735
3006193,210.35495582789338
3006194,10.653897638104443
3006195,10.653897638104443
3006196,284.2456109689041
3006197,197.88917408196855
3006198,10.653897638104443
3006199,10.653897638104443
3006200,67.65214655634867
3006201,14.912017909795502
3006202,5.2690485145233215
3006203,7.869192690802738
3006204,863.6343481827498
3006205,5.2690485145233215
3006206,459.176835022801
3006207,5.2690485145233215
3006208,1199.578414295081
3006209,245.66999100067926
3006210,289.7997466307061
3006211,92.12009192402866
3006212,37.49232956297388
3006213,3740.499130035484
3006214,22.699127550642153
3006215,6.694036801721335
3006216,5.2690485145233215
3006217,5.2690485145233215
3006218,5.286124925642665
3006219,5.2690485145233215
3006220,5.2690485145233215
3006221,5.869351303056093
3006222,16.67502083502769
3006223,47.75850988505793
3006224,5.2690485145233215
3006225,291.03523913120074
3006226,274.9057531810539
3006227,5.2690485145233215
3006228,5.2690485145233215
3006229,281.1549520700585
3006230,61.651504858472464
3006231,5.2690485145233215
3006232,5.2690485145233215
3006233,16.93165775334949
3006234,2.92323626262593
3006235,0.0
3006236,0.4406792071029968
3006237,1036.526786234102
3006238,0.0
3006239,285.34853321601565
3006240,0.0
3006241,686.6749648655165
3006242,399.50232331724754
3006243,139.36638417746107
3006244,164.99207295206355
3006245,86.01920896963955
3006246,2055.804301390878
3006247,27.65877228961513
3006248,0.0
3006249,0.0
3006250,0.0
3006251,0.0
3006252,0.0
3006253,0.0
3006254,0.7337039781620591
3006255,8.456650889230469
3006256,112.19289676670154
3006257,0.0
3006258,285.69295529008735
3006259,133.01872804660198
3006260,0.0
3006261,0.0
3006262,169.2911964393389
3006263,71.16538046348504
3006264,0.0
3006265,0.0
3006266,19.45464189270008
3006267,1.4807932532306012
3006268,0.0
3006269,0.0
3006270,635.9544892555278
3006271,0.0
3006272,172.090146080772
3006273,0.0
3006274,995.9272611594499
3006275,144.34907637607523
3006276,211.5549886149745
3006277,58.82286834438296
3006278,20.132999428787407
3006279,2726.747534461245
3006280,9.317940309888709
3006281,0.0
3006282,0.0
3006283,0.0
3006284,0.0
3006285,0.0
3006286,0.0
3006287,0.0
3006288,4.481422186175616
3006289,24.721666205464985
3006290,0.0
3006291,259.1060658862748
3006292,225.99414452891546
3006293,0.0
3006294,0.0
3006295,170.16857068174423
3006296,31.218124537002765
3006297,0.0
3006298,0.0
3006299,1.830300244507666
3006300,12.60082630136586
3006301,4.158408667503871
3006302,8.498296243689426
3006303,2779.881204502418
3006304,4.158408667503871
3006305,576.6183345409074
3006306,4.158408667503871
3006307,2228.527844659652
3006308,254.81537087237166
3006309,347.46207059954133
3006310,91.89126786721043
3006311,51.00751788980597
3006312,5966.423339929761
3006313,27.0091214949531
3006314,5.253875167431827
3006315,4.158408667503871
3006316,4.158408667503871
3006317,4.090620012230062
3006318,4.158408667503871
3006319,4.158408667503871
3006320,6.8628674627770145
3006321,22.101243342113975
3006322,58.050464363552535
3006323,4.158408667503871
3006324,616.3607696747102
3006325,410.74125724251763
3006326,4.158408667503871
3006327,4.158408667503871
3006328,468.65979455077644
3006329,52.124194811460704
3006330,4.158408667503871
3006331,4.158408667503871
3006332,12.61395384891157
3006333,3.910963982568921
3006334,0.0
3006335,0.0
3006336,896.0508014592901
3006337,0.0
3006338,268.7539356816511
3006339,0.0
3006340,891.4850594292809
3006341,183.50018533560157
3006342,154.1373297929404
3006343,61.71900317238633
3006344,28.562797207159523
3006345,2416.684378524411
3006346,10.980997307972139
3006347,0.0
3006348,0.0
3006349,0.0
3006350,0.0
3006351,0.0
3006352,0.0
3006353,0.0
3006354,6.50401174753927
3006355,52.257670767451216
3006356,0.0
3006357,161.78798974975422
3006358,159.47577702944793
3006359,0.0
3006360,0.0
3006361,95.51915622924462
3006362,35.91893362968617
3006363,0.0
3006364,0.0
3006365,1.136148652711666
3006366,4.502232277601371
3006367,0.0
3006368,0.0
3006369,1023.8962816348246
3006370,0.0
3006371,292.3186280658608
3006372,0.0
3006373,996.4925668497256
3006374,175.1249846927158
3006375,155.2924433733192
3006376,51.63964881235161
3006377,23.66869492087786
3006378,2794.3170420675406
3006379,10.490824765338271
3006380,0.0
3006381,0.0
3006382,0.0
3006383,0.0
3006384,0.0
3006385,0.0
3006386,0.0
3006387,7.349578544230031
3006388,39.003652005411055
3006389,0.0
3006390,247.6653924895026
3006391,198.33277807810433
3006392,0.0
3006393,0.0
3006394,117.20183588590508
3006395,36.55116145588536
3006396,0.0
3006397,0.0
3006398,1.2982381446512878
3006399,3.040671882518046
3006400,0.0
3006401,2.5683065587908054
3006402,724.9768890003687
3006403,0.0
3006404,281.7101386384487
3006405,0.0
3006406,1451.723759731255
3006407,184.5245159004861
3006408,163.9260035605833
3006409,61.20908451092945
3006410,34.492546280456416
3006411,3266.7616529039824
3006412,12.143191853713555
3006413,0.0
3006414,0.0
3006415,0.0
3006416,0.0
3006417,0.0
3006418,0.0
3006419,0.0
3006420,8.218061879798437
3006421,51.63011661739179
3006422,0.0
3006423,491.24671977177826
3006424,323.9190074433996
3006425,0.0
3006426,0.0
3006427,110.94659764846932
3006428,53.14113241923451
3006429,0.0
3006430,0.0
3006431,5.654806821827837
3006432,2.049772541579219
3006433,0.0
3006434,0.5067572836241419
3006435,748.4689188095534
3006436,0.0
3006437,200.05642481836654
3006438,0.0
3006439,936.0770829176959
3006440,163.61360683358242
3006441,211.79141955150382
3006442,62.152427901181206
3006443,29.31140004558551
3006444,2639.586906889408
3006445,11.174076129726995
3006446,0.0
3006447,0.0
3006448,0.0
3006449,0.0
3006450,0.0
3006451,0.0
3006452,0.0
3006453,2.885847941214789
3006454,53.29419105659035
3006455,0.0
3006456,150.9904687991778
3006457,196.68919878065262
3006458,0.0
3006459,0.0
3006460,90.8231977839697
3006461,38.453407009563705
3006462,0.0
3006463,0.0
3006464,5.065847859405828
3006465,6.237889549704139
3006466,0.0
3006467,0.0
3006468,581.8020039731947
3006469,0.0
3006470,248.63048501754702
3006471,0.0
3006472,1118.362915863293
3006473,148.28346455536484
3006474,210.56163501276413
3006475,108.74556052573854
3006476,23.662422900758454
3006477,2831.4593938872786
3006478,14.1049163686886
3006479,0.0
3006480,0.0
3006481,0.0
3006482,0.0
3006483,0.0
3006484,0.0
3006485,0.0
3006486,6.219275538052282
3006487,72.80400795478248
3006488,0.0
3006489,139.42252616477364
3006490,224.4835745005911
3006491,0.0
3006492,0.0
3006493,124.74613236286154
3006494,51.07309158664547
3006495,0.0
3006496,0.0
3006497,2.359378875052582
3006498,4.464679387427737
3006499,0.0
3006500,0.0
3006501,1254.9492124100423
3006502,0.0
3006503,215.9473307381083
3006504,0.0
3006505,1080.8357665003123
3006506,221.47795483291134
3006507,274.90615565542345
3006508,90.96117228669863
3006509,46.98898799582319
3006510,3100.6580347486106
3006511,10.506524014153765
3006512,0.0
3006513,0.0
3006514,0.0
3006515,0.0
3006516,0.0
3006517,0.0
3006518,0.0
3006519,4.722100009662862
3006520,62.08402492953137
3006521,0.0
3006522,230.79140769927966
3006523,193.2123317049954
3006524,0.0
3006525,0.0
3006526,222.76475138927267
3006527,60.96134406447055
3006528,0.0
3006529,0.0
3006530,6.227300456340966
3006531,5.354575039195616
3006532,0.0
3006533,0.0
3006534,1008.5702140830713
3006535,0.0
3006536,627.5136600100781
3006537,0.0
3006538,788.9837106968287
3006539,293.8267541844306
3006540,188.3958356239201
3006541,141.4113308571457
3006542,49.778199684380894
3006543,2481.8084663739983
3006544,17.777462184855693
3006545,0.0
3006546,0.0
3006547,0.0
3006548,0.0
3006549,0.0
3006550,0.0
3006551,0.0
3006552,6.42083857208075
3006553,73.48183683094527
3006554,0.0
3006555,155.29849861291734
3006556,162.2396789171352
3006557,0.0
3006558,0.0
3006559,154.74757587085685
3006560,55.4945051290235
3006561,0.0
3006562,0.0
3006563,11.16475631294813
3006564,2.9854590201501994
3006565,0.0
3006566,0.0
3006567,1222.7581460110061
3006568,0.0
3006569,212.4396809781054
3006570,0.0
3006571,1048.3369486301663
3006572,135.36697671341085
3006573,192.85628514601817
3006574,60.4483851744211
3006575,30.31281372475441
3006576,2662.7070095174577
3006577,11.84040551366748
3006578,0.0
3006579,0.0
3006580,0.0
3006581,0.0
3006582,0.0
3006583,0.0
3006584,0.0
3006585,3.049452599324055
3006586,60.03850570564056
3006587,0.0
3006588,196.2043574772295
3006589,191.09796161041228
3006590,0.0
3006591,0.0
3006592,86.52919847493584
3006593,35.83328305948965
3006594,0.0
3006595,0.0
3006596,1.851672210303486
3006597,10.059773259269162
3006598,2.1048120340703074
3006599,6.713777732135197
3006600,1488.189438912908
3006601,2.1048120340703074
3006602,376.8703476540131
3006603,2.1048120340703074
3006604,1043.5010162322244
3006605,502.6842583944873
3006606,224.91011200856363
3006607,203.69775467297893
3006608,107.33909607525511
3006609,3281.9454861035156
3006610,39.728722773673354
3006611,2.5912513402640966
3006612,2.1048120340703074
3006613,2.1048120340703074
3006614,2.0370233787964986
3006615,2.1048120340703074
3006616,2.1048120340703074
3006617,9.99653764913299
3006618,21.866934859621786
3006619,118.81078689818055
3006620,2.1048120340703074
3006621,472.81533718609944
3006622,235.69517796767943
3006623,2.1048120340703074
3006624,2.1048120340703074
3006625,312.1197334287754
3006626,115.65655998533038
3006627,2.1048120340703074
3006628,2.1048120340703074
3006629,28.35945906649374
3006630,0.0
3006631,0.0
3006632,0.0
3006633,110.91273050069351
3006634,0.0
3006635,46.07610428464807
3006636,0.0
3006637,77.50679880010536
3006638,45.563732503211355
3006639,23.356104584144692
3006640,11.672883113288982
3006641,0.0
3006642,229.3876375941332
3006643,0.0
3006644,0.0
3006645,0.0
3006646,0.0
3006647,0.0
3006648,0.0
3006649,0.0
3006650,0.0
3006651,0.0
3006652,1.72031404121486
3006653,0.0
3006654,43.75196930905629
3006655,26.914674652676098
3006656,0.0
3006657,0.0
3006658,22.33415989705687
3006659,3.047022100850149
3006660,0.0
3006661,0.0
3006662,0.0
3006663,0.0
3006664,0.0
3006665,0.0
3006666,102.60002582609239
3006667,0.0
3006668,49.20914802861912
3006669,0.0
3006670,82.76115516038324
3006671,44.79122095294368
3006672,23.141745199799367
3006673,12.31805735608883
3006674,0.474821881707971
3006675,245.8515995376117
3006676,0.0
3006677,0.0
3006678,0.0
3006679,0.0
3006680,0.0
3006681,0.0
3006682,0.0
3006683,0.0
3006684,0.0
3006685,2.132290326644677
3006686,0.0
3006687,43.72216120190632
3006688,27.027851206563746
3006689,0.0
3006690,0.0
3006691,21.4451625448456
3006692,3.4162038742248697
3006693,0.0
3006694,0.0
3006695,0.0
3006696,0.0
3006697,0.0
3006698,0.0
3006699,105.01516334115107
3006700,0.0
3006701,48.25463860881299
3006702,0.0
3006703,79.51882327297052
3006704,45.65274989933474
3006705,25.055605384911257
3006706,12.364496902505172
3006707,0.0
3006708,228.34477612384327
3006709,0.0
3006710,0.0
3006711,0.0
3006712,0.0
3006713,0.0
3006714,0.0
3006715,0.0
3006716,0.0
3006717,0.0
3006718,2.079493648333731
3006719,0.0
3006720,43.07703893834859
3006721,27.56812066592036
3006722,0.0
3006723,0.0
3006724,23.16787150439759
3006725,2.859523025061111
3006726,0.0
3006727,0.0
3006728,0.0
3006729,1.9188215450667032
3006730,0.0
3006731,0.0
3006732,829.887870055538
3006733,0.0
3006734,277.3402063233065
3006735,0.0
3006736,780.1724684464707
3006737,318.0138755831544
3006738,161.18109602130622
3006739,77.67100539089138
3006740,63.23273940307335
3006741,2232.966744966652
3006742,22.73056983124668
3006743,0.0
3006744,0.0
3006745,0.0
3006746,0.0
3006747,0.0
3006748,0.0
3006749,0.0
3006750,4.23182617406603
3006751,104.21649999632182
3006752,0.0
3006753,1417.0111728998077
3006754,169.50271655667228
3006755,0.0
3006756,0.0
3006757,169.36641716027023
3006758,64.64347177201662
3006759,0.0
3006760,0.0
3006761,13.024022926424076
3006762,8.88430957705546
3006763,5.256082914179186
3006764,7.1666475980417825
3006765,2005.6660853440267
3006766,5.256082914179186
3006767,570.4392501727872
3006768,5.256082914179186
3006769,1341.7968461162186
3006770,690.132437331814
3006771,335.2869185023273
3006772,253.90193292396575
3006773,110.2095071233637
3006774,3969.224609459059
3006775,29.179529314750653
3006776,5.810412304946052
3006777,5.256082914179186
3006778,5.256082914179186
3006779,5.188294258905377
3006780,5.256082914179186
3006781,5.256082914179186
3006782,10.425638709151402
3006783,15.735726020189254
3006784,133.8798898851871
3006785,5.256082914179186
3006786,433.5648645670337
3006787,295.5638742837322
3006788,5.256082914179186
3006789,5.256082914179186
3006790,333.3006908961675
3006791,162.70739188985428
3006792,5.256082914179186
3006793,5.256082914179186
3006794,49.374034253879266
3006795,2.265117778808233
3006796,0.0
3006797,3.389836678193946
3006798,2873.919507661395
3006799,0.0
3006800,493.59076506462304
3006801,0.0
3006802,1045.4223659948884
3006803,577.9367316659474
3006804,259.646576384078
3006805,246.02725266189927
3006806,73.55922080657797
3006807,2770.9484631080477
3006808,18.23643991976967
3006809,0.0
3006810,0.0
3006811,0.0
3006812,0.0
3006813,0.0
3006814,0.0
3006815,6.505491917246999
3006816,35.37909232909351
3006817,389.93914337039604
3006818,0.0
3006819,330.51367864404125
3006820,191.1457279018828
3006821,0.0
3006822,0.0
3006823,194.53135307448022
3006824,125.80424581325559
3006825,0.0
3006826,0.0
3006827,10.153687957294007
3006828,3.0090150308911623
3006829,0.0
3006830,0.023951569675755513
3006831,681.7766019889226
3006832,0.0
3006833,313.13634534637356
3006834,0.0
3006835,797.4017938810002
3006836,225.94816334457838
3006837,149.78089581926275
3006838,76.8008764817074
3006839,35.07870350729517
3006840,2486.0941942839418
3006841,13.11813530038665
3006842,0.0
3006843,0.0
3006844,0.0
3006845,0.0
3006846,0.0
3006847,0.0
3006848,0.0
3006849,7.024823826776661
3006850,60.91732094435218
3006851,0.0
3006852,308.58339965255493
3006853,244.75344339127847
3006854,0.0
3006855,0.0
3006856,211.4796270220944
3006857,41.56800043890567
3006858,0.0
3006859,0.0
3006860,3.152367454384315
3006861,3.9826639738425715
3006862,0.0
3006863,1.6423394937478526
3006864,1207.0041220714952
3006865,0.0
3006866,403.4829132985708
3006867,0.0
3006868,823.8374047649343
3006869,394.7449060222717
3006870,209.17047928924964
3006871,194.7866061351422
3006872,61.69528347513715
3006873,2544.4536043712096
3006874,28.382035857154026
3006875,0.0
3006876,0.0
3006877,0.0
3006878,0.0
3006879,0.0
3006880,0.0
3006881,4.279692983142145
3006882,12.808572387009812
3006883,211.03255507045372
3006884,0.0
3006885,232.9470226732838
3006886,180.73915394505352
3006887,0.0
3006888,0.0
3006889,238.36890097885168
3006890,103.2583311999309
3006891,0.0
3006892,0.0
3006893,19.73335820618333
3006894,7.823611275524973
3006895,0.0
3006896,0.0
3006897,778.2966551269095
3006898,0.0
3006899,424.10868836604857
3006900,0.0
3006901,849.1815218139001
3006902,261.23990686200847
3006903,212.76258654356695
3006904,110.10361712645462
3006905,33.28289451089774
3006906,2581.514293113927
3006907,13.614060286526309
3006908,0.0
3006909,0.0
3006910,0.0
3006911,0.0
3006912,0.0
3006913,0.0
3006914,0.0
3006915,6.2479276707807845
3006916,265.53973141062687
3006917,0.0
3006918,154.34423207396128
3006919,214.8749273448725
3006920,0.0
3006921,0.0
3006922,164.62173409809716
3006923,72.87517009644387
3006924,0.0
3006925,0.0
3006926,6.293346808905786
3006927,0.0
3006928,0.0
3006929,0.0
3006930,107.74979464713708
3006931,0.0
3006932,50.48785799137458
3006933,0.0
3006934,81.25932838584991
3006935,44.87913265810603
3006936,24.61217906241533
3006937,11.98729846899963
3006938,0.0
3006939,236.53592261210105
3006940,0.0
3006941,0.0
3006942,0.0
3006943,0.0
3006944,0.0
3006945,0.0
3006946,0.0
3006947,0.0
3006948,0.0
3006949,2.723451232856892
3006950,0.0
3006951,42.672750324626215
3006952,29.097563495838084
3006953,0.0
3006954,0.0
3006955,23.11691379176323
3006956,2.8284293802071367
3006957,0.0
3006958,0.0
3006959,0.0
3006960,36.297016229996785
3006961,26.00633091408535
3006962,34.01701911270784
3006963,4137.373759576732
3006964,26.00633091408535
3006965,893.8336850443027
3006966,26.00633091408535
3006967,2103.146886131007
3006968,1297.3474283387543
3006969,447.1578936904564
3006970,551.311773821776
3006971,313.1879154106006
3006972,6518.912367564954
3006973,96.61128847597487
3006974,28.286915210073424
3006975,26.00633091408535
3006976,26.00633091408535
3006977,26.362343416956477
3006978,26.00633091408535
3006979,26.00633091408535
3006980,37.96376979100874
3006981,65.22649448233179
3006982,320.9691384482669
3006983,26.00633091408535
3006984,811.8819005812252
3006985,497.7197504273632
3006986,26.00633091408535
3006987,26.00633091408535
3006988,552.5703801927532
3006989,369.60484998419673
3006990,26.00633091408535
3006991,26.00633091408535
3006992,127.33444755178823
3006993,0.0
3006994,0.0
3006995,0.0
3006996,499.3114898358327
3006997,0.0
3006998,166.67024743778057
3006999,0.0
3007000,524.2688440502274
3007001,143.51478513013305
3007002,100.34330241324862
3007003,63.92595565391589
3007004,18.55796232210574
3007005,1392.450673062153
3007006,2.877676992174317
3007007,0.0
3007008,0.0
3007009,0.0
3007010,0.0
3007011,0.0
3007012,0.0
3007013,0.0
3007014,0.03563795007067383
3007015,98.71390303210936
3007016,0.0
3007017,97.8088906780563
3007018,110.03255662080338
3007019,0.0
3007020,0.0
3007021,95.08342918238
3007022,30.119514710582884
3007023,0.0
3007024,0.0
3007025,0.0
3007026,5.88121502158596
3007027,0.0
3007028,1.057796888633463
3007029,747.8402145747757
3007030,0.0
3007031,377.61361169572865
3007032,0.0
3007033,1310.8432554314127
3007034,286.15981462402107
3007035,200.84793756921817
3007036,107.18607854569194
3007037,29.220196750581117
3007038,3483.478646979749
3007039,16.057457966535836
3007040,0.0
3007041,0.0
3007042,0.0
3007043,0.0
3007044,0.0
3007045,0.0
3007046,0.0
3007047,3.998505086684098
3007048,44.54811099223056
3007049,0.0
3007050,229.42396238723785
3007051,294.3086709015308
3007052,0.0
3007053,0.0
3007054,109.3292281785693
3007055,62.675239312676666
3007056,0.0
3007057,0.0
3007058,4.783397889867513
3007059,0.0
3007060,0.0
3007061,0.0
3007062,329.3892428590053
3007063,0.0
3007064,143.33451377085197
3007065,0.0
3007066,636.1900885220657
3007067,125.00691636035337
3007068,101.29191345477271
3007069,48.095000395262154
3007070,14.421175866757071
3007071,1683.2794216960435
3007072,3.3390679639409075
3007073,0.0
3007074,0.0
3007075,0.0
3007076,0.0
3007077,0.0
3007078,0.0
3007079,0.0
3007080,0.28476033615688423
3007081,189.00653641123836
3007082,0.0
3007083,117.42465401469191
3007084,170.8818463104658
3007085,0.0
3007086,0.0
3007087,107.26969598644637
3007088,31.44458547094238
3007089,0.0
3007090,0.0
3007091,0.0
3007092,4.493498657593654
3007093,0.0
3007094,0.0
3007095,663.3526229806388
3007096,0.0
3007097,262.46733688831904
3007098,0.0
3007099,1149.7890142566741
3007100,184.88194132915652
3007101,170.19419995239437
3007102,104.88571728305288
3007103,39.31584179768369
3007104,2933.5602246891804
3007105,9.364753835151522
3007106,0.2656930204256456
3007107,0.0
3007108,0.0
3007109,0.0
3007110,0.0
3007111,0.0
3007112,0.0
3007113,8.584548976556153
3007114,100.56665794376455
3007115,0.0
3007116,222.99921149316117
3007117,238.9127930749744
3007118,0.0
3007119,0.0
3007120,147.05778828437514
3007121,56.57982177711602
3007122,0.0
3007123,0.0
3007124,0.8833775763292064
3007125,1.466467027849455
3007126,0.0
3007127,0.340826775930096
3007128,1201.4743849246124
3007129,0.0
3007130,673.2106141222084
3007131,0.0
3007132,1031.8807946186403
3007133,248.22641003167993
3007134,259.88038864774575
3007135,73.62997571248162
3007136,36.271921396284995
3007137,3502.177116148784
3007138,17.5599950620601
3007139,0.0
3007140,0.0
3007141,0.0
3007142,0.0
3007143,0.0
3007144,0.0
3007145,0.0
3007146,12.101917352438825
3007147,111.11485234072344
3007148,0.0
3007149,226.46242360334477
3007150,307.4198230029669
3007151,0.0
3007152,0.0
3007153,168.00061903335157
3007154,59.187296425239325
3007155,0.0
3007156,0.0
3007157,2.928818447067499
3007158,0.7372517964535028
3007159,0.0
3007160,0.0
3007161,953.8940585743902
3007162,0.0
3007163,195.10080727479493
3007164,0.0
3007165,683.2970514400153
3007166,155.213600144489
3007167,115.67133446917383
3007168,77.05076063475349
3007169,26.087341504993596
3007170,1965.5923733293796
3007171,4.401259318222717
3007172,0.0
3007173,0.0
3007174,0.0
3007175,0.0
3007176,0.0
3007177,0.0
3007178,0.0
3007179,1.30852072080374
3007180,147.713638793086
3007181,0.0
3007182,127.00080359039003
3007183,132.34480793443296
3007184,0.0
3007185,0.0
3007186,64.87075447244484
3007187,33.66440342763853
3007188,0.0
3007189,0.0
3007190,0.0
3007191,0.0
3007192,0.0
3007193,0.0
3007194,104.9118126087446
3007195,0.0
3007196,49.26849506519662
3007197,0.0
3007198,77.49286042207301
3007199,43.97376970250322
3007200,24.108345478607916
3007201,11.30354314463116
3007202,0.0
3007203,237.24037111229208
3007204,0.0
3007205,0.0
3007206,0.0
3007207,0.0
3007208,0.0
3007209,0.0
3007210,0.0
3007211,0.0
3007212,0.0
3007213,1.518114424390597
3007214,0.0
3007215,43.4749893150258
3007216,26.760237135994945
3007217,0.0
3007218,0.0
3007219,22.29944863166246
3007220,2.5253732868312913
3007221,0.0
3007222,0.0
3007223,0.0
3007224,9.129842230678479
3007225,1.3321484315182164
3007226,7.270395546497909
3007227,1182.057927316426
3007228,1.3321484315182164
3007229,468.68399185753606
3007230,1.3321484315182164
3007231,1319.598209992607
3007232,538.6244949723298
3007233,152.3689251681274
3007234,200.46363742186156
3007235,156.2342193125038
3007236,3797.133589313854
3007237,50.96987231005822
3007238,3.728377814777871
3007239,1.3321484315182164
3007240,1.3321484315182164
3007241,1.4388661354805583
3007242,1.3321484315182164
3007243,1.3321484315182164
3007244,6.648298681365814
3007245,22.93023248158571
3007246,139.67473148322205
3007247,1.3321484315182164
3007248,298.8715147894941
3007249,315.6882183699293
3007250,1.3321484315182164
3007251,1.3321484315182164
3007252,173.82147756181917
3007253,181.77167752974933
3007254,1.3321484315182164
3007255,1.3321484315182164
3007256,20.16749197229453
3007257,8.278905068817323
3007258,0.17425814511494142
3007259,4.2767339744730295
3007260,1069.4407798112666
3007261,0.17425814511494142
3007262,524.8809682595287
3007263,0.17425814511494142
3007264,1343.7962416391101
3007265,468.4551686056584
3007266,221.6704794201301
3007267,175.87870627690788
3007268,140.62131595831647
3007269,4042.666902697153
3007270,27.19937244995605
3007271,1.9799892694958325
3007272,0.17425814511494142
3007273,0.17425814511494142
3007274,0.10646948984113225
3007275,0.17425814511494142
3007276,0.17425814511494142
3007277,1.1606009286705259
3007278,34.48619293622661
3007279,109.48836008172697
3007280,0.17425814511494142
3007281,249.38095247606242
3007282,386.7545585320125
3007283,0.17425814511494142
3007284,0.17425814511494142
3007285,146.2159540395159
3007286,203.41414234381998
3007287,0.17425814511494142
3007288,0.17425814511494142
3007289,24.14299416605244
3007290,9.02966797970854
3007291,0.0
3007292,0.4891800406769806
3007293,1040.7164515768095
3007294,0.0
3007295,812.2074023406957
3007296,0.0
3007297,1583.8405696934058
3007298,260.0654398145102
3007299,150.67892923770418
3007300,129.72023230037607
3007301,44.994166375956574
3007302,3505.3596991956556
3007303,28.254267461128148
3007304,1.3470829481769786
3007305,0.0
3007306,0.0
3007307,0.0
3007308,0.0
3007309,0.0
3007310,0.5608152020638388
3007311,8.692162392589044
3007312,94.4183689181006
3007313,0.0
3007314,175.41785202471357
3007315,316.3989207772204
3007316,0.0
3007317,0.0
3007318,145.72086952416373
3007319,89.8561571066337
3007320,0.0
3007321,0.0
3007322,12.730357658838013
3007323,8.972848227644516
3007324,1.6945502493599598
3007325,5.53982507332958
3007326,1326.7894132401325
3007327,1.6945502493599598
3007328,353.5811584859956
3007329,1.6945502493599598
3007330,1041.9953678535032
3007331,523.0492703223814
3007332,237.04325136989044
3007333,196.05043320178913
3007334,106.51712899910231
3007335,3323.4447940735845
3007336,42.61595056415464
3007337,2.747695989377924
3007338,1.6945502493599598
3007339,1.6945502493599598
3007340,1.641719282020678
3007341,1.6945502493599598
3007342,1.6945502493599598
3007343,6.602327919172865
3007344,18.7150594595025
3007345,121.74412437786016
3007346,1.6945502493599598
3007347,421.696103437293
3007348,258.28897162444946
3007349,1.6945502493599598
3007350,1.6945502493599598
3007351,316.09506931995224
3007352,128.05707991611263
3007353,1.6945502493599598
3007354,1.6945502493599598
3007355,32.21227570791739
3007356,1.6119277764290865
3007357,0.0
3007358,0.0
3007359,776.6551978245575
3007360,0.0
3007361,260.4379988754076
3007362,0.0
3007363,987.66060674093
3007364,169.97077061698758
3007365,147.623083586354
3007366,94.40712680729119
3007367,24.05678882106574
3007368,2679.0662106170275
3007369,10.647963198991802
3007370,0.0
3007371,0.0
3007372,0.0
3007373,0.0
3007374,0.0
3007375,0.0
3007376,0.0
3007377,2.8140747814908593
3007378,56.93949633951349
3007379,0.0
3007380,102.3539700850773
3007381,205.52654507661742
3007382,0.0
3007383,0.0
3007384,98.73659177780803
3007385,44.5103565421179
3007386,0.0
3007387,0.0
3007388,0.5139622549493859
3007389,4.593988398027989
3007390,0.0
3007391,0.7239672894671525
3007392,776.3986880997259
3007393,0.0
3007394,290.1517461974268
3007395,0.0
3007396,804.7092246231102
3007397,292.7920666576072
3007398,174.0815445274631
3007399,112.18681087516876
3007400,76.65932604875832
3007401,2332.69440907051
3007402,26.494357989992356
3007403,0.0
3007404,0.0
3007405,0.0
3007406,0.0
3007407,0.0
3007408,0.0
3007409,3.2485267535361197
3007410,15.338184675255647
3007411,80.67276726608769
3007412,0.0
3007413,187.9191125002264
3007414,209.82542889019837
3007415,0.0
3007416,0.0
3007417,109.86684120185082
3007418,78.49270681291446
3007419,0.0
3007420,0.0
3007421,6.695252708897003
3007422,0.0
3007423,0.0
3007424,0.0
3007425,105.47963384453023
3007426,0.0
3007427,46.89836461741805
3007428,0.0
3007429,78.19413159231215
3007430,44.442675591713694
3007431,24.218710006206866
3007432,11.800387658680574
3007433,0.0
3007434,242.31907230544968
3007435,0.0
3007436,0.0
3007437,0.0
3007438,0.0
3007439,0.0
3007440,0.0
3007441,0.0
3007442,0.0
3007443,0.0
3007444,0.9873500699001578
3007445,0.0
3007446,41.74201931910193
3007447,26.9234543235117
3007448,0.0
3007449,0.0
3007450,22.661668473888213
3007451,2.1356601844928504
3007452,0.0
3007453,0.0
3007454,0.0
3007455,2.517793848578216
3007456,0.0
3007457,0.0
3007458,1091.7682812736925
3007459,0.0
3007460,226.0934035012588
3007461,0.0
3007462,810.6260064948742
3007463,131.85342966730144
3007464,136.71916299420636
3007465,71.0214108942456
3007466,28.721060856674654
3007467,2154.6527988254156
3007468,6.459549411344371
3007469,0.0
3007470,0.0
3007471,0.0
3007472,0.0
3007473,0.0
3007474,0.0
3007475,0.0
3007476,3.839056282794786
3007477,207.87806740408877
3007478,0.0
3007479,146.14943161167324
3007480,167.27586108746732
3007481,0.0
3007482,0.0
3007483,114.2652528100231
3007484,43.94788811987517
3007485,0.0
3007486,0.0
3007487,0.30719002602589773
3007488,72.19404936117003
3007489,48.71433565366263
3007490,57.275983164644884
3007491,5504.665920164368
3007492,48.71433565366263
3007493,1184.0722037848448
3007494,48.71433565366263
3007495,2949.721233791368
3007496,1810.3045633281633
3007497,708.9404760842309
3007498,754.5349975406892
3007499,448.21327536411616
3007500,8993.974751821517
3007501,137.08279627019428
3007502,53.22648629914301
3007503,48.71433565366263
3007504,48.71433565366263
3007505,49.80826076130377
3007506,48.71433565366263
3007507,48.71433565366263
3007508,60.47954449826553
3007509,72.36603309446485
3007510,434.4310317353763
3007511,48.71433565366263
3007512,1088.7867905046885
3007513,593.259676927021
3007514,48.71433565366263
3007515,48.71433565366263
3007516,737.8311205304722
3007517,617.4062142050811
3007518,48.71433565366263
3007519,48.71433565366263
3007520,180.10620588477258
3007521,60.36940819515593
3007522,42.665625599233834
3007523,50.96141205604745
3007524,4157.397544252061
3007525,42.665625599233834
3007526,899.0516640593521
3007527,42.665625599233834
3007528,2761.9933836999608
3007529,1253.2299395376763
3007530,693.3261310430538
3007531,526.5734788163039
3007532,388.7998076387716
3007533,9004.889274517129
3007534,111.39167308260734
3007535,43.60950346175246
3007536,42.665625599233834
3007537,42.665625599233834
3007538,44.301234391475994
3007539,42.665625599233834
3007540,42.665625599233834
3007541,54.68490780015651
3007542,52.6743781525148
3007543,327.805074536049
3007544,42.665625599233834
3007545,1244.0581112142354
3007546,616.4233913732246
3007547,42.665625599233834
3007548,42.665625599233834
3007549,798.6069091251084
3007550,359.20671165051283
3007551,42.665625599233834
3007552,42.665625599233834
3007553,147.97594143416555
3007554,58.90058431327131
3007555,39.66354162571669
3007556,49.642800053633465
3007557,3041.818408516392
3007558,39.66354162571669
3007559,691.0326054661853
3007560,39.66354162571669
3007561,2891.733600130796
3007562,923.0223484875492
3007563,899.9936347389503
3007564,309.13919223347955
3007565,294.92771887900716
3007566,8787.269338389686
3007567,84.38017034555605
3007568,41.37302121535699
3007569,39.66354162571669
3007570,39.66354162571669
3007571,42.36973929616725
3007572,39.66354162571669
3007573,39.66354162571669
3007574,45.43722895129807
3007575,85.3913955511856
3007576,187.05432363129515
3007577,39.66354162571669
3007578,1337.2211052606065
3007579,792.0239366589232
3007580,39.66354162571669
3007581,39.66354162571669
3007582,1069.5611770325997
3007583,251.84120371142006
3007584,39.66354162571669
3007585,39.66354162571669
3007586,98.8179836856428
3007587,56.176924006645066
3007588,39.1457722828253
3007589,48.17288286132251
3007590,3602.6251626057065
3007591,39.1457722828253
3007592,979.8863788968958
3007593,39.1457722828253
3007594,2638.6166202742816
3007595,1290.069662022794
3007596,687.000061302688
3007597,459.9294234127714
3007598,355.0008889824493
3007599,8849.679735627245
3007600,85.58323947186871
3007601,42.36917763710551
3007602,39.1457722828253
3007603,39.1457722828253
3007604,39.94552952775407
3007605,39.1457722828253
3007606,39.1457722828253
3007607,51.43293914484826
3007608,51.78875385798629
3007609,261.8022920975331
3007610,39.1457722828253
3007611,937.8541641823056
3007612,682.8439505993279
3007613,39.1457722828253
3007614,39.1457722828253
3007615,890.0818908257387
3007616,369.64301315083605
3007617,39.1457722828253
3007618,39.1457722828253
3007619,130.59172147597542
3007620,49.12164236638612
3007621,34.46983736602767
3007622,43.72019737253815
3007623,2268.1764664186067
3007624,34.46983736602767
3007625,668.2482516942308
3007626,34.46983736602767
3007627,2536.1601836473137
3007628,758.5509335878752
3007629,732.90614472824
3007630,234.88320480134357
3007631,251.90539819027893
3007632,7704.845285385819
3007633,76.44576727085291
3007634,35.397730276365316
3007635,34.46983736602767
3007636,34.46983736602767
3007637,34.40204871075386
3007638,34.46983736602767
3007639,34.46983736602767
3007640,38.47990644350018
3007641,59.18101395983044
3007642,166.50313341536847
3007643,34.46983736602767
3007644,1175.1811824827116
3007645,695.1754212752379
3007646,34.46983736602767
3007647,34.46983736602767
3007648,921.0184439635958
3007649,213.57785746234362
3007650,34.46983736602767
3007651,34.46983736602767
3007652,66.7949549024098
3007653,19.362230996275837
3007654,10.747570441669376
3007655,16.745260516477764
3007656,2523.0922420866627
3007657,10.747570441669376
3007658,558.89874584229
3007659,10.747570441669376
3007660,1251.1165904850905
3007661,766.0391736533064
3007662,292.5630547822709
3007663,311.5897570755478
3007664,189.46013464766932
3007665,3978.760435410314
3007666,48.426296359080105
3007667,12.427567953543488
3007668,10.747570441669376
3007669,10.747570441669376
3007670,11.84648144528869
3007671,10.747570441669376
3007672,10.747570441669376
3007673,18.119255235027428
3007674,22.80909564073743
3007675,208.26967639283495
3007676,10.747570441669376
3007677,516.3689366846781
3007678,291.5386553370121
3007679,10.747570441669376
3007680,10.747570441669376
3007681,292.4188479359019
3007682,247.038548842116
3007683,10.747570441669376
3007684,10.747570441669376
3007685,69.82566836256476
3007686,8.301647095588754
3007687,0.0
3007688,4.741962398126653
3007689,921.9328503346018
3007690,0.0
3007691,367.30188579954773
3007692,0.0
3007693,1189.8418966470085
3007694,335.3454952323641
3007695,260.5763800844056
3007696,155.32775954088183
3007697,98.2114475723833
3007698,3350.970443028262
3007699,27.285404058900667
3007700,0.8447609123962465
3007701,0.0
3007702,0.0
3007703,0.0
3007704,0.0
3007705,0.0
3007706,2.439895582570345
3007707,33.35495527443972
3007708,83.30680528564822
3007709,0.0
3007710,362.3246641982581
3007711,268.97731792168963
3007712,0.0
3007713,0.0
3007714,204.97634716180863
3007715,86.62415059749408
3007716,0.0
3007717,0.0
3007718,12.990521913960364
3007719,28.07431827580436
3007720,13.024638776387485
3007721,17.937750064711544
3007722,1958.547350590696
3007723,13.024638776387485
3007724,524.5189727006217
3007725,13.024638776387485
3007726,1889.926468841275
3007727,656.1206277664814
3007728,502.9735261518635
3007729,177.3917240903108
3007730,150.92840967495195
3007731,6581.863074465835
3007732,58.58977004373499
3007733,15.3204260980487
3007734,13.024638776387485
3007735,13.024638776387485
3007736,13.80943833338173
3007737,13.024638776387485
3007738,13.024638776387485
3007739,14.73276122986941
3007740,26.936187692946355
3007741,152.37278733203254
3007742,13.024638776387485
3007743,955.9149662506518
3007744,500.2486119187375
3007745,13.024638776387485
3007746,13.024638776387485
3007747,383.58541701738557
3007748,210.68383904471966
3007749,13.024638776387485
3007750,13.024638776387485
3007751,39.17556812821855
3007752,19.043587354285968
3007753,8.719468835898654
3007754,12.159503093061142
3007755,2641.6344487509523
3007756,8.719468835898654
3007757,659.5461548329943
3007758,8.719468835898654
3007759,1516.3738387751453
3007760,852.694167814866
3007761,302.05004710007177
3007762,337.6952880229709
3007763,165.00895013741476
3007764,4431.966390172849
3007765,42.43146141926621
3007766,10.07220163271003
3007767,8.719468835898654
3007768,8.719468835898654
3007769,9.240015906049583
3007770,8.719468835898654
3007771,8.719468835898654
3007772,14.06309295541012
3007773,16.363300259408597
3007774,258.8120237136899
3007775,8.719468835898654
3007776,610.3465064045303
3007777,277.28010511045267
3007778,8.719468835898654
3007779,8.719468835898654
3007780,388.33884305797716
3007781,220.13114147151174
3007782,8.719468835898654
3007783,8.719468835898654
3007784,69.97704822944829
3007785,0.0
3007786,0.0
3007787,0.0
3007788,107.70468751846926
3007789,0.0
3007790,48.929667098667636
3007791,0.0
3007792,81.01144143377192
3007793,44.61398148132086
3007794,22.334967086653897
3007795,11.226233862440445
3007796,0.19192866608531833
3007797,259.0448693868839
3007798,0.0
3007799,0.0
3007800,0.0
3007801,0.0
3007802,0.0
3007803,0.0
3007804,0.0
3007805,0.0
3007806,0.0
3007807,1.1340124146373523
3007808,0.0
3007809,42.58176951381385
3007810,25.101264430977633
3007811,0.0
3007812,0.0
3007813,21.993163715285704
3007814,2.081703082261022
3007815,0.0
3007816,0.0
3007817,0.0
3007818,0.0
3007819,0.0
3007820,0.0
3007821,102.58529094910091
3007822,0.0
3007823,50.98393343627549
3007824,0.0
3007825,78.62106014989749
3007826,43.867954211996334
3007827,23.445508874670388
3007828,11.105128002247348
3007829,0.0
3007830,230.2064061544076
3007831,0.0
3007832,0.0
3007833,0.0
3007834,0.0
3007835,0.0
3007836,0.0
3007837,0.0
3007838,0.0
3007839,0.0
3007840,0.3928032508486128
3007841,0.0
3007842,40.51907863243943
3007843,26.527067817965218
3007844,0.0
3007845,0.0
3007846,22.557145789047333
3007847,1.6726198644928796
3007848,0.0
3007849,0.0
3007850,0.0
3007851,2.6394233584770648
3007852,0.0
3007853,0.0
3007854,521.4466002036422
3007855,0.0
3007856,213.87786641839196
3007857,0.0
3007858,975.2903305731224
3007859,88.73963288865477
3007860,136.41080427994282
3007861,52.88271934111047
3007862,16.369288792985813
3007863,2541.2330108785955
3007864,7.974434132030376
3007865,0.0
3007866,0.0
3007867,0.0
3007868,0.0
3007869,0.0
3007870,0.0
3007871,0.0
3007872,1.8083932107241725
3007873,64.86039647372473
3007874,0.0
3007875,92.74196514937644
3007876,192.0634038618647
3007877,0.0
3007878,0.0
3007879,73.25590325861656
3007880,45.9032609219918
3007881,0.0
3007882,0.0
3007883,0.0
3007884,15.28386649315176
3007885,8.343746802237723
3007886,11.954660772871284
3007887,1698.7677068977084
3007888,8.343746802237723
3007889,459.35629105060826
3007890,8.343746802237723
3007891,1406.138954216354
3007892,575.8893997490316
3007893,327.10542981924874
3007894,254.51506718019124
3007895,169.63268138767666
3007896,4477.988509924189
3007897,56.215869945458486
3007898,9.363839217568623
3007899,8.343746802237723
3007900,8.343746802237723
3007901,8.285929938920265
3007902,8.343746802237723
3007903,8.343746802237723
3007904,14.219680608914404
3007905,23.898747938240973
3007906,156.81127129235216
3007907,8.343746802237723
3007908,524.6689361197526
3007909,327.93651679771165
3007910,8.343746802237723
3007911,8.343746802237723
3007912,466.9113949919053
3007913,179.15216931938892
3007914,8.343746802237723
3007915,8.343746802237723
3007916,54.921321756964765
3007917,4.538968377634644
3007918,0.750492890429995
3007919,3.20739155896253
3007920,1816.9840687740975
3007921,0.750492890429995
3007922,423.398803867499
3007923,0.750492890429995
3007924,927.8076734013958
3007925,639.5192658662658
3007926,162.85034549581147
3007927,236.4807541351964
3007928,128.56934505988076
3007929,2678.5817967192534
3007930,33.268211040202914
3007931,1.687065612536001
3007932,0.750492890429995
3007933,0.750492890429995
3007934,0.7811519383633563
3007935,0.750492890429995
3007936,0.750492890429995
3007937,7.2212381517125905
3007938,10.5835758391127
3007939,190.64623884271563
3007940,0.750492890429995
3007941,473.7767384073305
3007942,178.50246684136198
3007943,0.750492890429995
3007944,0.750492890429995
3007945,241.99228873822477
3007946,143.5284424439002
3007947,0.750492890429995
3007948,0.750492890429995
3007949,38.407382730589916
3007950,18.43498371597201
3007951,9.863829060835435
3007952,15.175853576546704
3007953,2496.1977933310827
3007954,9.863829060835435
3007955,608.4271547391229
3007956,9.863829060835435
3007957,1401.7589379676924
3007958,925.044676537295
3007959,299.606490443768
3007960,364.03005316015316
3007961,145.8639524060241
3007962,4246.61888271637
3007963,55.24994885579508
3007964,12.226045532285239
3007965,9.863829060835435
3007966,9.863829060835435
3007967,10.683529889676906
3007968,9.863829060835435
3007969,9.863829060835435
3007970,17.55702104651952
3007971,34.91861105021036
3007972,175.88356250867574
3007973,9.863829060835435
3007974,559.4057388737901
3007975,333.44040200339066
3007976,9.863829060835435
3007977,9.863829060835435
3007978,286.39992015522336
3007979,269.85131527761024
3007980,9.863829060835435
3007981,9.863829060835435
3007982,67.63659919693123
3007983,17.042047079385384
3007984,5.260135675245786
3007985,9.59710294092984
3007986,1341.644729333224
3007987,5.260135675245786
3007988,612.2493417266313
3007989,5.260135675245786
3007990,1854.3559870567142
3007991,384.9784769931309
3007992,455.08814863179225
3007993,149.81563666161094
3007994,64.45478536076902
3007995,5761.266812601435
3007996,27.457975102305152
3007997,7.330285483002598
3007998,5.260135675245786
3007999,5.260135675245786
3008000,5.455163093926341
3008001,5.260135675245786
3008002,5.260135675245786
3008003,6.957443482927431
3008004,17.252629957377906
3008005,72.35335609755262
3008006,5.260135675245786
3008007,365.682660919212
3008008,444.9977094755877
3008009,5.260135675245786
3008010,5.260135675245786
3008011,458.80994627808826
3008012,88.9949484082817
3008013,5.260135675245786
3008014,5.260135675245786
3008015,24.299613842604778
3008016,2.0604553165905135
3008017,0.0
3008018,0.0
3008019,550.4611827363657
3008020,0.0
3008021,182.5720731373671
3008022,0.0
3008023,412.3211863749973
3008024,209.25856363647898
3008025,86.69082813093854
3008026,93.15067925340733
3008027,48.58588264002975
3008028,1345.9926918807073
3008029,17.195886802649312
3008030,0.0
3008031,0.0
3008032,0.0
3008033,0.0
3008034,0.0
3008035,0.0
3008036,0.0
3008037,3.6860651511415616
3008038,7.611016168416064
3008039,0.0
3008040,158.82485959467684
3008041,96.03220910432752
3008042,0.0
3008043,0.0
3008044,99.92643296168164
3008045,43.3105386396519
3008046,0.0
3008047,0.0
3008048,11.138072592658544
3008049,0.7009846984231451
3008050,0.0
3008051,0.0
3008052,606.3671402465551
3008053,0.0
3008054,182.91088937146378
3008055,0.0
3008056,906.0177390815618
3008057,144.04032969812388
3008058,222.625334164618
3008059,61.209696685557645
3008060,22.719670049529128
3008061,2599.637945510073
3008062,5.224307330732534
3008063,0.0
3008064,0.0
3008065,0.0
3008066,0.0
3008067,0.0
3008068,0.0
3008069,0.0
3008070,4.202033369574547
3008071,4.071596362643765
3008072,0.0
3008073,253.63409401588547
3008074,203.80810790184117
3008075,0.0
3008076,0.0
3008077,165.34395979026021
3008078,26.822885536774617
3008079,0.0
3008080,0.0
3008081,1.4548996550469178
3008082,11.66365888932634
3008083,3.8325221618628547
3008084,8.14306685837353
3008085,2382.1317451608984
3008086,3.8325221618628547
3008087,590.7059360265316
3008088,3.8325221618628547
3008089,2242.1545955225774
3008090,267.57392905432107
3008091,361.93557416828577
3008092,106.66455851212768
3008093,53.059789975842286
3008094,6297.088438207134
3008095,22.32967782170421
3008096,4.377651134699421
3008097,3.8325221618628547
3008098,3.8325221618628547
3008099,4.053915473323238
3008100,3.8325221618628547
3008101,3.8325221618628547
3008102,6.782137197772096
3008103,21.595290640691708
3008104,12.697656895955443
3008105,3.8325221618628547
3008106,651.55240313349
3008107,450.22642871043
3008108,3.8325221618628547
3008109,3.8325221618628547
3008110,470.25445602667907
3008111,55.12360213656644
3008112,3.8325221618628547
3008113,3.8325221618628547
3008114,10.677737530245091
3008115,3.0314572934994493
3008116,0.0
3008117,0.0
3008118,919.6078863735889
3008119,0.0
3008120,316.29289181140064
3008121,0.0
3008122,819.1418856323047
3008123,180.95286381476723
3008124,162.23589725224454
3008125,63.949657486315346
3008126,24.4495125917407
3008127,2415.206220942586
3008128,9.030005640713389
3008129,0.6103676221911845
3008130,0.0
3008131,0.0
3008132,0.0
3008133,0.0
3008134,0.0
3008135,0.0
3008136,7.223119827653294
3008137,9.205436404083395
3008138,0.0
3008139,173.80341216525795
3008140,166.40062612710818
3008141,0.0
3008142,0.0
3008143,99.5645109716637
3008144,35.380047536600586
3008145,0.0
3008146,0.0
3008147,0.9288574747791389
3008148,2.3589552313264663
3008149,0.0
3008150,0.0
3008151,753.6957881786163
3008152,0.0
3008153,264.2978039010602
3008154,0.0
3008155,764.327739257628
3008156,155.22170243407652
3008157,143.49101299742262
3008158,52.17404706075781
3008159,19.626395271819533
3008160,2286.2166275529535
3008161,4.578431850701203
3008162,0.0
3008163,0.0
3008164,0.0
3008165,0.0
3008166,0.0
3008167,0.0
3008168,0.0
3008169,4.414278072110863
3008170,5.276847644907907
3008171,0.0
3008172,150.21333758009962
3008173,149.54532725409993
3008174,0.0
3008175,0.0
3008176,97.7397280582813
3008177,32.24419853536287
3008178,0.0
3008179,0.0
3008180,0.4980823336909266
3008181,2.4410203690553387
3008182,0.0
3008183,1.08892492613285
3008184,579.5352199649107
3008185,0.0
3008186,236.88818504609583
3008187,0.0
3008188,851.5690989364308
3008189,158.37982574340163
3008190,124.98530343056879
3008191,58.125402884710866
3008192,26.812053710517333
3008193,2446.7099082710647
3008194,7.8657217671335005
3008195,0.0
3008196,0.0
3008197,0.0
3008198,0.0
3008199,0.0
3008200,0.0
3008201,0.0
3008202,4.5403793553898355
3008203,19.07459013036986
3008204,0.0
3008205,285.7817578523199
3008206,192.8161523142822
3008207,0.0
3008208,0.0
3008209,97.91156159723663
3008210,38.4615211900076
3008211,0.0
3008212,0.0
3008213,3.6906877112614866
3008214,1.2444765613785638
3008215,0.0
3008216,0.5436439953037797
3008217,693.0493013928335
3008218,0.0
3008219,180.215472584621
3008220,0.0
3008221,832.8803815245271
3008222,142.94102258934225
3008223,193.2070880364616
3008224,58.40257715196428
3008225,25.432027305772017
3008226,2390.6732622361433
3008227,7.722395064532298
3008228,0.0
3008229,0.0
3008230,0.0
3008231,0.0
3008232,0.0
3008233,0.0
3008234,0.0
3008235,2.810107254430249
3008236,6.804478195792868
3008237,0.0
3008238,139.68752368199694
3008239,163.79605342401368
3008240,0.0
3008241,0.0
3008242,78.38554519637587
3008243,28.544722479177317
3008244,0.0
3008245,0.0
3008246,3.9976764493463053
3008247,5.367745265304799
3008248,0.0
3008249,0.0
3008250,599.0897525969915
3008251,0.0
3008252,284.4642946469242
3008253,0.0
3008254,1216.6354048606215
3008255,167.8590171126998
3008256,237.85126452921278
3008257,132.9519965327609
3008258,27.23792153192346
3008259,3171.7693321494735
3008260,10.878245623340733
3008261,0.0
3008262,0.0
3008263,0.0
3008264,0.0
3008265,0.0
3008266,0.0
3008267,0.0
3008268,6.067583035866867
3008269,9.816208661409922
3008270,0.0
3008271,146.987719502674
3008272,272.46517577950914
3008273,0.0
3008274,0.0
3008275,127.32742163952736
3008276,54.62451386371612
3008277,0.0
3008278,0.0
3008279,3.3906198716416096
3008280,3.1986549623612435
3008281,0.0
3008282,0.14604451193621593
3008283,1273.8848038331175
3008284,0.0
3008285,247.41615777300206
3008286,0.0
3008287,972.0994887980527
3008288,228.59744527804514
3008289,299.71023453289337
3008290,110.88204669717499
3008291,47.02443466469944
3008292,3042.4311926411283
3008293,9.546918406250757
3008294,0.0
3008295,0.0
3008296,0.0
3008297,0.0
3008298,0.0
3008299,0.0
3008300,0.0
3008301,2.7597556406411234
3008302,11.474185270685961
3008303,0.0
3008304,216.9674800318784
3008305,196.16736689716882
3008306,0.0
3008307,0.0
3008308,223.19071992006928
3008309,60.572248531986446
3008310,0.0
3008311,0.0
3008312,9.698585524335149
3008313,2.5655278873787957
3008314,0.0
3008315,0.8061990373457517
3008316,1047.1315360277445
3008317,0.0
3008318,669.4929490983776
3008319,0.0
3008320,806.737257527111
3008321,310.1040588455596
3008322,202.88716906258924
3008323,160.5511502689629
3008324,59.338126473693805
3008325,2628.9579437865978
3008326,19.528752967814906
3008327,0.0
3008328,0.0
3008329,0.0
3008330,0.0
3008331,0.0
3008332,0.0
3008333,0.0
3008334,8.460799490457132
3008335,6.37563435880512
3008336,0.0
3008337,178.4319425076304
3008338,190.98055868254502
3008339,0.0
3008340,0.0
3008341,184.37447374138674
3008342,57.975617235085245
3008343,0.0
3008344,0.0
3008345,12.037629538148432
3008346,3.945229572128258
3008347,0.0
3008348,0.0
3008349,1033.611211090469
3008350,0.0
3008351,221.54764966612896
3008352,0.0
3008353,750.584666406371
3008354,133.00989932022546
3008355,171.22722455652743
3008356,58.937888269367136
3008357,27.072418635345834
3008358,2218.7243722326275
3008359,8.433033631183598
3008360,0.0
3008361,0.0
3008362,0.0
3008363,0.0
3008364,0.0
3008365,0.0
3008366,0.0
3008367,1.6641425915098562
3008368,16.901594208910065
3008369,0.0
3008370,142.53720484482017
3008371,135.92599101171444
3008372,0.0
3008373,0.0
3008374,79.10188173214486
3008375,42.61834576527903
3008376,0.0
3008377,0.0
3008378,2.727863713152149
3008379,8.477271902547221
3008380,1.7508672696766725
3008381,7.000452053362698
3008382,1520.7049667225713
3008383,1.7508672696766725
3008384,421.70049041035315
3008385,1.7508672696766725
3008386,1059.9089510014642
3008387,489.7536142277336
3008388,231.38316972820363
3008389,223.2564118848453
3008390,111.48981891358582
3008391,3464.937774268047
3008392,32.56037846132915
3008393,2.5412845178681343
3008394,1.7508672696766725
3008395,1.7508672696766725
3008396,1.6830786144028633
3008397,1.7508672696766725
3008398,1.7508672696766725
3008399,8.373414884192739
3008400,21.874475300943086
3008401,13.425086205025824
3008402,1.7508672696766725
3008403,446.7399871560471
3008404,241.3236694536394
3008405,1.7508672696766725
3008406,1.7508672696766725
3008407,322.52231399771557
3008408,115.38329838097351
3008409,1.7508672696766725
3008410,1.7508672696766725
3008411,27.656905226130174
3008412,0.0
3008413,0.0
3008414,0.0
3008415,112.80851430442698
3008416,0.0
3008417,46.7942751785273
3008418,0.0
3008419,77.23628206798186
3008420,45.29321410422107
3008421,24.092737172745917
3008422,11.402365131015404
3008423,0.0
3008424,247.66511103917867
3008425,0.0
3008426,0.0
3008427,0.0
3008428,0.0
3008429,0.0
3008430,0.0
3008431,0.0
3008432,0.0
3008433,0.0
3008434,0.0
3008435,0.0
3008436,43.481450910066
3008437,28.254600654636576
3008438,0.0
3008439,0.0
3008440,22.06364274821668
3008441,2.485085533317788
3008442,0.0
3008443,0.0
3008444,0.0
3008445,0.0
3008446,0.0
3008447,0.0
3008448,104.48037765812677
3008449,0.0
3008450,48.692306770618075
3008451,0.0
3008452,83.48054887120998
3008453,44.969685762866256
3008454,23.349524806986494
3008455,12.275967734558282
3008456,0.0
3008457,266.5728722670253
3008458,0.0
3008459,0.0
3008460,0.0
3008461,0.0
3008462,0.0
3008463,0.0
3008464,0.0
3008465,0.0
3008466,0.0
3008467,0.0
3008468,0.0
3008469,43.389643139647035
3008470,28.527589689886934
3008471,0.0
3008472,0.0
3008473,21.639705814969872
3008474,2.7922671225276305
3008475,0.0
3008476,0.0
3008477,0.0
3008478,0.0
3008479,0.0
3008480,0.0
3008481,108.44244746470545
3008482,0.0
3008483,49.924104552313125
3008484,0.0
3008485,80.0064169340097
3008486,45.84621651038945
3008487,26.295509572778386
3008488,12.337408665390075
3008489,0.0
3008490,248.6474789884038
3008491,0.0
3008492,0.0
3008493,0.0
3008494,0.0
3008495,0.0
3008496,0.0
3008497,0.0
3008498,0.0
3008499,0.0
3008500,0.0
3008501,0.0
3008502,42.75952226050476
3008503,30.41209998472395
3008504,0.0
3008505,0.0
3008506,23.377416158937308
3008507,2.250587657779324
3008508,0.0
3008509,0.0
3008510,0.0
3008511,1.863534902973584
3008512,0.0
3008513,0.0
3008514,771.3370921577521
3008515,0.0
3008516,288.1575188251989
3008517,0.0
3008518,721.7260749322528
3008519,288.7971592541295
3008520,166.37062540296844
3008521,82.70925927926433
3008522,59.81381801809043
3008523,2166.66985429355
3008524,20.29671788086341
3008525,0.0
3008526,0.0
3008527,0.0
3008528,0.0
3008529,0.0
3008530,0.0
3008531,0.0
3008532,5.944912188032393
3008533,28.717396050428043
3008534,0.0
3008535,513.7908747574302
3008536,170.21768563382875
3008537,0.0
3008538,0.0
3008539,160.00612953254628
3008540,49.02885467859038
3008541,0.0
3008542,0.0
3008543,12.634849333419552
3008544,9.054934253388854
3008545,4.751010687260388
3008546,6.219477467131009
3008547,1774.1477854074587
3008548,4.751010687260388
3008549,525.8956412606735
3008550,4.751010687260388
3008551,1203.9072431331435
3008552,562.3739813701901
3008553,249.84937191530804
3008554,215.17844839749472
3008555,90.59189644736142
3008556,3624.8182163562933
3008557,25.620431503676862
3008558,5.043110175798569
3008559,4.751010687260388
3008560,4.751010687260388
3008561,4.683222031986579
3008562,4.751010687260388
3008563,4.751010687260388
3008564,7.519363463004725
3008565,14.406320149126675
3008566,19.49635750376563
3008567,4.751010687260388
3008568,351.3128917601319
3008569,280.9756701137346
3008570,4.751010687260388
3008571,4.751010687260388
3008572,271.294243599112
3008573,139.30507016919336
3008574,4.751010687260388
3008575,4.751010687260388
3008576,38.04657460480654
3008577,1.534192377296669
3008578,0.0
3008579,1.9199090098711422
3008580,1890.8673347553727
3008581,0.0
3008582,338.3801810430961
3008583,0.0
3008584,748.5906755708726
3008585,361.3634287612666
3008586,197.8809243214626
3008587,145.15036117281662
3008588,56.30215187935295
3008589,2100.5529083296315
3008590,14.286822266519378
3008591,0.0
3008592,0.0
3008593,0.0
3008594,0.0
3008595,0.0
3008596,0.0
3008597,0.9399156517133846
3008598,31.31120333763353
3008599,137.2481768379397
3008600,0.0
3008601,233.8862581690431
3008602,154.77720285198262
3008603,0.0
3008604,0.0
3008605,155.27432225474112
3008606,86.29504641305235
3008607,0.0
3008608,0.0
3008609,5.060323077330315
3008610,2.787170791339637
3008611,0.0
3008612,0.0
3008613,673.8661085258356
3008614,0.0
3008615,340.5968802515238
3008616,0.0
3008617,826.3724193405553
3008618,234.8544538366397
3008619,159.63854188789276
3008620,102.04083227049497
3008621,41.981948460780735
3008622,2586.4126053337213
3008623,16.83978480891297
3008624,0.0
3008625,0.0
3008626,0.0
3008627,0.0
3008628,0.0
3008629,0.0
3008630,0.0
3008631,10.060138803837742
3008632,11.269857163436956
3008633,0.0
3008634,316.80659707893295
3008635,274.0803408491262
3008636,0.0
3008637,0.0
3008638,220.62835186137895
3008639,47.85993739984388
3008640,0.0
3008641,0.0
3008642,3.3514958662751875
3008643,4.311676384593613
3008644,0.0
3008645,0.4292270174342492
3008646,1475.4460128470632
3008647,0.0
3008648,543.8967137611097
3008649,0.0
3008650,942.4717008843411
3008651,454.52386232074196
3008652,245.11957140730522
3008653,241.37324481830606
3008654,78.07444492203668
3008655,2849.5489107087296
3008656,35.67408620941417
3008657,0.0
3008658,0.0
3008659,0.0
3008660,0.0
3008661,0.0
3008662,0.0
3008663,3.303974272705112
3008664,16.602934849414545
3008665,36.367669812142466
3008666,0.0
3008667,259.07743971232594
3008668,204.46822895166244
3008669,0.0
3008670,0.0
3008671,289.08629721326713
3008672,121.67097400360578
3008673,0.0
3008674,0.0
3008675,25.773850448348103
3008676,6.574018627963085
3008677,0.0
3008678,0.0
3008679,928.3975840995238
3008680,0.0
3008681,507.7988410915816
3008682,0.0
3008683,975.9102825995843
3008684,302.98362640038425
3008685,243.7500535127995
3008686,137.42462654803987
3008687,32.72466980209147
3008688,2935.978801678003
3008689,13.251293078378255
3008690,0.8451726658282284
3008691,0.0
3008692,0.0
3008693,0.0
3008694,0.0
3008695,0.0
3008696,0.0
3008697,6.818780614298062
3008698,54.8860430626754
3008699,0.0
3008700,203.15980378371054
3008701,256.8052445533315
3008702,0.0
3008703,0.0
3008704,214.4988288870225
3008705,78.74355656651547
3008706,0.0
3008707,0.0
3008708,5.557574853591558
3008709,0.0
3008710,0.0
3008711,0.0
3008712,113.09262036350746
3008713,0.0
3008714,53.36314185140922
3008715,0.0
3008716,81.73192107919034
3008717,45.0575974680286
3008718,24.819958669602464
3008719,11.65478082345705
3008720,0.0
3008721,257.5366738044949
3008722,0.0
3008723,0.0
3008724,0.0
3008725,0.0
3008726,0.0
3008727,0.0
3008728,0.0
3008729,0.0
3008730,0.0
3008731,0.0
3008732,0.0
3008733,42.34023226236693
3008734,30.81144621142392
3008735,0.0
3008736,0.0
3008737,23.3114574786042
3008738,2.2044927326890713
3008739,0.0
3008740,0.0
3008741,0.0
3008742,36.15328818685489
3008743,26.872496268146357
3008744,33.91609941569707
3008745,4225.698022036488
3008746,26.872496268146357
3008747,969.098278728179
3008748,26.872496268146357
3008749,2152.8462111454737
3008750,1224.3240625813044
3008751,469.09696940651617
3008752,594.4421423561283
3008753,306.81601924647845
3008754,6677.528627212999
3008755,92.66209009849675
3008756,29.285454650626107
3008757,26.872496268146357
3008758,26.872496268146357
3008759,27.951463687852964
3008760,26.872496268146357
3008761,26.872496268146357
3008762,35.930860734468766
3008763,70.74458569400379
3008764,45.263959766265096
3008765,26.872496268146357
3008766,747.7730209696392
3008767,553.9508658494698
3008768,26.872496268146357
3008769,26.872496268146357
3008770,580.6012423692416
3008771,359.40252240882694
3008772,26.872496268146357
3008773,26.872496268146357
3008774,127.4749121334558
3008775,0.0
3008776,0.0
3008777,0.0
3008778,464.6521667615564
3008779,0.0
3008780,158.6387263068193
3008781,0.0
3008782,523.0279866864358
3008783,144.2309822137571
3008784,92.29490773559408
3008785,62.298924320463875
3008786,13.874825531990687
3008787,1353.1842419182933
3008788,4.076184680331354
3008789,0.0
3008790,0.0
3008791,0.0
3008792,0.0
3008793,0.0
3008794,0.0
3008795,0.0
3008796,0.1067119929309861
3008797,16.535221739849003
3008798,0.0
3008799,99.29822467376691
3008800,114.44638370879919
3008801,0.0
3008802,0.0
3008803,88.85175418157486
3008804,27.532775772366243
3008805,0.0
3008806,0.0
3008807,0.08677434460873368
3008808,4.2485868510911695
3008809,0.0
3008810,0.0
3008811,788.6263199632986
3008812,0.0
3008813,402.1218617532175
3008814,0.0
3008815,1214.882469068367
3008816,288.2900366273487
3008817,195.15831521597667
3008818,114.3112117824881
3008819,21.422448823960778
3008820,3384.8687510515047
3008821,12.127270314822137
3008822,0.0
3008823,0.0
3008824,0.0
3008825,0.0
3008826,0.0
3008827,0.0
3008828,0.0
3008829,3.5172686873113417
3008830,6.527434350198265
3008831,0.0
3008832,282.0306713305872
3008833,308.9073886136224
3008834,0.0
3008835,0.0
3008836,113.40019965935508
3008837,59.32884756633962
3008838,0.0
3008839,0.0
3008840,2.732542080660532
3008841,0.0
3008842,0.0
3008843,0.0
3008844,330.18117979969264
3008845,0.0
3008846,145.45929821695577
3008847,0.0
3008848,549.0528517561879
3008849,114.9079755066634
3008850,101.67702808878225
3008851,47.574736631855316
3008852,13.868888846890615
3008853,1655.1767356664686
3008854,2.597669382924157
3008855,0.0
3008856,0.0
3008857,0.0
3008858,0.0
3008859,0.0
3008860,0.0
3008861,0.0
3008862,0.0
3008863,12.817604039936903
3008864,0.0
3008865,113.81205620271693
3008866,169.28924001323696
3008867,0.0
3008868,0.0
3008869,94.45613374264315
3008870,30.82456883808451
3008871,0.0
3008872,0.0
3008873,0.17337730094435222
3008874,5.307269512737768
3008875,0.0
3008876,0.0
3008877,688.8466065745628
3008878,0.0
3008879,289.09149042384206
3008880,0.0
3008881,1151.6179205058636
3008882,176.8442070955984
3008883,188.68929029053712
3008884,124.56608750407719
3008885,31.343252019740568
3008886,2952.9732086795293
3008887,6.949980851005375
3008888,0.0
3008889,0.0
3008890,0.0
3008891,0.0
3008892,0.0
3008893,0.0
3008894,0.0
3008895,11.729507152778732
3008896,7.7737007604075306
3008897,0.0
3008898,244.7498287517385
3008899,243.1691550315723
3008900,0.0
3008901,0.0
3008902,147.4374249086408
3008903,46.85463008990739
3008904,0.0
3008905,0.0
3008906,0.806833606303738
3008907,2.004781064518685
3008908,0.0
3008909,0.0
3008910,1238.868099184092
3008911,0.0
3008912,609.7155639714191
3008913,0.0
3008914,902.5325856336555
3008915,214.75266739820876
3008916,217.07192072202207
3008917,77.43170260765038
3008918,31.60452348245522
3008919,3206.92207017076
3008920,17.672478710079396
3008921,0.30344888263713843
3008922,0.0
3008923,0.0
3008924,0.0
3008925,0.0
3008926,0.0
3008927,0.0
3008928,10.372515315243827
3008929,22.463236193261377
3008930,0.0
3008931,203.65907957987156
3008932,273.75044184282643
3008933,0.0
3008934,0.0
3008935,152.74814290037867
3008936,53.616643062724016
3008937,0.0
3008938,0.0
3008939,1.3749832612690858
3008940,0.3422851316782807
3008941,0.0
3008942,0.0
3008943,781.1741152136959
3008944,0.0
3008945,180.68247943215528
3008946,0.0
3008947,598.5199747745205
3008948,148.2132552126845
3008949,110.43116959893248
3008950,69.06959481637368
3008951,20.572359576745935
3008952,1814.769153971003
3008953,4.172336734993685
3008954,0.0
3008955,0.0
3008956,0.0
3008957,0.0
3008958,0.0
3008959,0.0
3008960,0.0
3008961,0.0
3008962,85.03425508974583
3008963,0.0
3008964,150.49351399363348
3008965,135.0953407096437
3008966,0.0
3008967,0.0
3008968,71.15506751681416
3008969,32.00713636525078
3008970,0.0
3008971,0.0
3008972,0.0
3008973,0.0
3008974,0.0
3008975,0.0
3008976,106.90086322744875
3008977,0.0
3008978,48.4894758444698
3008979,0.0
3008980,77.12929358099937
3008981,43.6102028614296
3008982,23.744778637534296
3008983,10.939976303557536
3008984,0.0
3008985,253.15458825780092
3008986,0.0
3008987,0.0
3008988,0.0
3008989,0.0
3008990,0.0
3008991,0.0
3008992,0.0
3008993,0.0
3008994,0.0
3008995,0.0
3008996,0.0
3008997,43.11142330738557
3008998,26.39667029492132
3008999,0.0
3009000,0.0
3009001,21.935881790588837
3009002,2.1618069666535407
3009003,0.0
3009004,0.0
3009005,0.0
3009006,7.911564682827246
3009007,0.9696664601317009
3009008,5.4180355668962354
3009009,964.4188006050027
3009010,0.9696664601317009
3009011,417.1860379410308
3009012,0.9696664601317009
3009013,1129.9148513605614
3009014,423.29657115676184
3009015,139.2080998462713
3009016,172.97666242180364
3009017,107.49695328241496
3009018,3277.0027915500314
3009019,48.007853569414706
3009020,1.6959377823277517
3009021,0.9696664601317009
3009022,0.9696664601317009
3009023,1.1212572278976247
3009024,0.9696664601317009
3009025,0.9696664601317009
3009026,5.9382112532449565
3009027,21.68186544721221
3009028,15.415244952426015
3009029,0.9696664601317009
3009030,239.0355692802882
3009031,282.2884549208124
3009032,0.9696664601317009
3009033,0.9696664601317009
3009034,145.34549338522382
3009035,132.71810272691044
3009036,0.9696664601317009
3009037,0.9696664601317009
3009038,16.821272494461972
3009039,9.051976807919866
3009040,0.18842128431833993
3009041,5.214655734953443
3009042,1019.4449560859093
3009043,0.18842128431833993
3009044,547.9377045818305
3009045,0.18842128431833993
3009046,1294.5748275106394
3009047,458.9138555362052
3009048,221.30979061814165
3009049,186.83472868871814
3009050,135.94374400382563
3009051,4058.183207070988
3009052,29.534257420082376
3009053,1.7133441083613912
3009054,0.18842128431833993
3009055,0.18842128431833993
3009056,0.1206326290445312
3009057,0.18842128431833993
3009058,0.18842128431833993
3009059,2.5110717721528832
3009060,28.566494693748552
3009061,16.884152326745323
3009062,0.18842128431833993
3009063,246.73215084035357
3009064,398.74839546628414
3009065,0.18842128431833993
3009066,0.18842128431833993
3009067,150.0376512402096
3009068,190.28026605628017
3009069,0.18842128431833993
3009070,0.18842128431833993
3009071,22.390670502024758
3009072,9.583882627730969
3009073,0.0
3009074,0.5584459455406279
3009075,963.6044803957772
3009076,0.0
3009077,816.7261981951336
3009078,0.0
3009079,1284.0197204073786
3009080,233.66944024254732
3009081,156.33362442083654
3009082,132.2758280626948
3009083,49.03025280080986
3009084,3329.4374853050513
3009085,30.886034477599985
3009086,1.4075105846807157
3009087,0.0
3009088,0.0
3009089,0.0
3009090,0.0
3009091,0.0
3009092,0.2579451324117712
3009093,8.928470773158567
3009094,22.17260140333759
3009095,0.0
3009096,168.99245215341685
3009097,293.7668082272948
3009098,0.0
3009099,0.0
3009100,136.27244894831236
3009101,66.67964677061781
3009102,0.0
3009103,0.0
3009104,12.791475973522152
3009105,9.595375742427164
3009106,1.7087135448321202
3009107,6.0235140596955965
3009108,1457.0980074442698
3009109,1.7087135448321202
3009110,421.0690060143538
3009111,1.7087135448321202
3009112,1088.2651024251497
3009113,534.9228065345711
3009114,261.60368969297843
3009115,239.60339160585113
3009116,124.82441057786897
3009117,3573.1278523842875
3009118,47.49412504104321
3009119,2.4059301517743963
3009120,1.7087135448321202
3009121,1.7087135448321202
3009122,1.655882577492838
3009123,1.7087135448321202
3009124,1.7087135448321202
3009125,6.749152188008459
3009126,25.27814551370119
3009127,13.59960258422296
3009128,1.7087135448321202
3009129,458.39605167165206
3009130,291.73514833678183
3009131,1.7087135448321202
3009132,1.7087135448321202
3009133,349.8274739237152
3009134,123.2822526622505
3009135,1.7087135448321202
3009136,1.7087135448321202
3009137,37.48646055455688
3009138,2.3149998696767975
3009139,0.0
3009140,0.0
3009141,660.5245509280102
3009142,0.0
3009143,253.3459934545886
3009144,0.0
3009145,874.3773289647535
3009146,159.82334946971162
3009147,142.92624690393447
3009148,93.49543205215585
3009149,20.990957853151137
3009150,2454.7791586095573
3009151,9.606964997641603
3009152,0.0
3009153,0.0
3009154,0.0
3009155,0.0
3009156,0.0
3009157,0.0
3009158,0.0
3009159,1.6715541654520178
3009160,36.91610051337242
3009161,0.0
3009162,103.0686007384596
3009163,184.4974341694949
3009164,0.0
3009165,0.0
3009166,88.30727665276157
3009167,40.18081244863431
3009168,0.0
3009169,0.0
3009170,0.8019426797727656
3009171,5.003352875233665
3009172,0.0
3009173,0.09667546702479379
3009174,841.95625666614
3009175,0.0
3009176,316.6817492302569
3009177,0.0
3009178,852.8120726910599
3009179,316.62911943405635
3009180,195.46361179802787
3009181,132.0604078354324
3009182,82.33902356397783
3009183,2512.604467145802
3009184,30.786861665299583
3009185,0.0
3009186,0.0
3009187,0.0
3009188,0.0
3009189,0.0
3009190,0.0
3009191,2.4730471654670434
3009192,17.498279255172626
3009193,28.447621692480922
3009194,0.0
3009195,193.8079852327783
3009196,244.8392108686722
3009197,0.0
3009198,0.0
3009199,125.15768807577591
3009200,87.94981757064602
3009201,0.0
3009202,0.0
3009203,5.311229973355866
3009204,0.0
3009205,0.0
3009206,0.0
3009207,107.43195879994757
3009208,0.0
3009209,48.415424762916494
3009210,0.0
3009211,78.66672345221917
3009212,44.62114040163626
3009213,24.690408045206773
3009214,11.467869596421291
3009215,0.0
3009216,255.76293797720302
3009217,0.0
3009218,0.0
3009219,0.0
3009220,0.0
3009221,0.0
3009222,0.0
3009223,0.0
3009224,0.0
3009225,0.0
3009226,0.0
3009227,0.0
3009228,41.40950084012594
3009229,28.075176434124817
3009230,0.0
3009231,0.0
3009232,22.856211744012477
3009233,1.51172343279561
3009234,0.0
3009235,0.0
3009236,0.0
3009237,2.373455542960607
3009238,0.0
3009239,0.0
3009240,1101.612570184861
3009241,0.0
3009242,214.41816861717422
3009243,0.0
3009244,786.0058306855445
3009245,112.34240090356421
3009246,135.5334291110311
3009247,72.46327272206543
3009248,22.30770175952437
3009249,2136.829388346774
3009250,7.030144957095748
3009251,0.0
3009252,0.0
3009253,0.0
3009254,0.0
3009255,0.0
3009256,0.0
3009257,0.0
3009258,5.105138915546342
3009259,61.40934616264314
3009260,0.0
3009261,144.79317990536566
3009262,167.62742957490016
3009263,0.0
3009264,0.0
3009265,115.5489276847617
3009266,39.964440391422684
3009267,0.0
3009268,0.0
3009269,0.0
3009270,73.96408696734558
3009271,50.308731391119274
3009272,60.21704834295595
3009273,5838.56172020692
3009274,50.308731391119274
3009275,1275.9303798920096
3009276,50.308731391119274
3009277,2946.7874242251382
3009278,1823.8758914035434
3009279,777.605291568653
3009280,820.0441408065449
3009281,491.9085194217035
3009282,9589.006582797485
3009283,143.43917038922825
3009284,55.282683371608094
3009285,50.308731391119274
3009286,50.308731391119274
3009287,51.59710644190927
3009288,50.308731391119274
3009289,50.308731391119274
3009290,58.361280377701476
3009291,79.51249291689719
3009292,98.17740024990479
3009293,50.308731391119274
3009294,1111.5442715183865
3009295,663.9396306018624
3009296,50.308731391119274
3009297,50.308731391119274
3009298,827.9615665247342
3009299,602.5944725065447
3009300,50.308731391119274
3009301,50.308731391119274
3009302,191.90969677246744
3009303,64.65345833165783
3009304,46.573519772479266
3009305,57.27885789500596
3009306,4500.20394443808
3009307,46.573519772479266
3009308,1009.4435616799468
3009309,46.573519772479266
3009310,2909.6040824518004
3009311,1271.0083981464152
3009312,776.172836748001
3009313,621.5785912102069
3009314,428.4386838140116
3009315,9715.8928864725
3009316,121.76996523396205
3009317,47.50820788925207
3009318,46.573519772479266
3009319,46.573519772479266
3009320,49.3419656800961
3009321,46.573519772479266
3009322,46.573519772479266
3009323,57.86965836393881
3009324,61.74295882156996
3009325,90.87583420381529
3009326,46.573519772479266
3009327,1336.8871121073028
3009328,690.3242743378493
3009329,46.573519772479266
3009330,46.573519772479266
3009331,923.5244114831365
3009332,374.68052929729515
3009333,46.573519772479266
3009334,46.573519772479266
3009335,160.7635820590359
3009336,64.51627200735456
3009337,44.56145238319059
3009338,58.972630919425285
3009339,3549.0871109930213
3009340,44.56145238319059
3009341,760.5893871029065
3009342,44.56145238319059
3009343,3280.2533298373
3009344,996.1678097715782
3009345,1036.6643323588794
3009346,394.6061184765772
3009347,345.6284044451496
3009348,9715.815709209433
3009349,97.23230312699607
3009350,47.1093148654227
3009351,44.56145238319059
3009352,44.56145238319059
3009353,47.62246777957377
3009354,44.56145238319059
3009355,44.56145238319059
3009356,49.95416831958685
3009357,104.51237374576303
3009358,58.60119707837143
3009359,44.56145238319059
3009360,1456.4745402783008
3009361,928.5007466181993
3009362,44.56145238319059
3009363,44.56145238319059
3009364,1212.2327646327155
3009365,281.46769483785096
3009366,44.56145238319059
3009367,44.56145238319059
3009368,113.9871176263548
3009369,67.2782840159645
3009370,45.28108311672775
3009371,57.461164215115716
3009372,3941.991298457616
3009373,45.28108311672775
3009374,1175.3195684676923
3009375,45.28108311672775
3009376,2844.020063584281
3009377,1328.3757457870445
3009378,762.8904954423163
3009379,532.4438478125597
3009380,392.33387886405995
3009381,9322.124469874228
3009382,103.06217848011072
3009383,47.494035843397256
3009384,45.28108311672775
3009385,45.28108311672775
3009386,46.14067111339463
3009387,45.28108311672775
3009388,45.28108311672775
3009389,57.66360972319488
3009390,58.575657816448114
3009391,75.20018053270644
3009392,45.28108311672775
3009393,981.1817281513987
3009394,798.1664851080018
3009395,45.28108311672775
3009396,45.28108311672775
3009397,951.0974551356447
3009398,414.50381366007963
3009399,45.28108311672775
3009400,45.28108311672775
3009401,149.4057150581523
3009402,56.8288285990965
3009403,40.82013393893258
3009404,50.61377528327122
3009405,2513.6911553661184
3009406,40.82013393893258
3009407,837.7367629027059
3009408,40.82013393893258
3009409,2877.1891885148607
3009410,850.5123463685019
3009411,872.4936598832462
3009412,311.6829134008184
3009413,278.42351709369154
3009414,8691.52852712104
3009415,79.85622510481379
3009416,41.989685048601004
3009417,40.82013393893258
3009418,40.82013393893258
3009419,40.75234528365877
3009420,40.82013393893258
3009421,40.82013393893258
3009422,44.081100371907546
3009423,64.87365485814937
3009424,46.91724674326733
3009425,40.82013393893258
3009426,1266.5336221951436
3009427,814.4646206535652
3009428,40.82013393893258
3009429,40.82013393893258
3009430,1060.9808140293605
3009431,238.96032696065902
3009432,40.82013393893258
3009433,40.82013393893258
3009434,84.58473728655113
3009435,22.136442194049273
3009436,11.478041280980333
3009437,18.71702625938058
3009438,2856.554874756367
3009439,11.478041280980333
3009440,622.5393955779152
3009441,11.478041280980333
3009442,1458.4162282190307
3009443,825.9056952623414
3009444,328.42329351916453
3009445,361.64697711567305
3009446,217.27330980285612
3009447,4535.102101182356
3009448,55.82429566692265
3009449,13.590694400222198
3009450,11.478041280980333
3009451,11.478041280980333
3009452,12.222953670149169
3009453,11.478041280980333
3009454,11.478041280980333
3009455,18.89601629253067
3009456,30.52912858782883
3009457,28.521563103198723
3009458,11.478041280980333
3009459,584.0186058592681
3009460,340.9797241876536
3009461,11.478041280980333
3009462,11.478041280980333
3009463,343.6435097732993
3009464,268.3195374529475
3009465,11.478041280980333
3009466,11.478041280980333
3009467,77.58282519413054
3009468,8.424896275703254
3009469,0.01090830839102308
3009470,4.93767413426152
3009471,988.7743517835644
3009472,0.01090830839102308
3009473,381.270821477725
3009474,0.01090830839102308
3009475,1251.7311521303313
3009476,334.3684718245277
3009477,293.95783498641146
3009478,180.79940137691543
3009479,94.62245020403935
3009480,3613.8015460445877
3009481,23.6652432800298
3009482,1.5925931839094254
3009483,0.01090830839102308
3009484,0.01090830839102308
3009485,0.2045052497730775
3009486,0.01090830839102308
3009487,0.01090830839102308
3009488,1.490271654192993
3009489,40.682574848219254
3009490,13.014873990331113
3009491,0.01090830839102308
3009492,369.2810535895477
3009493,287.9270119701268
3009494,0.01090830839102308
3009495,0.01090830839102308
3009496,227.88570747819418
3009497,98.29445900191814
3009498,0.01090830839102308
3009499,0.01090830839102308
3009500,13.190845886981815
3009501,27.421477133373113
3009502,13.038801863501298
3009503,21.41115420335644
3009504,2030.6346121248043
3009505,13.038801863501298
3009506,556.1149029882421
3009507,13.038801863501298
3009508,1880.9640553564786
3009509,614.4208689925256
3009510,500.4297392161041
3009511,201.52555860629627
3009512,157.54451809695797
3009513,6542.1070701056515
3009514,53.102925424177826
3009515,14.771670004980454
3009516,13.038801863501298
3009517,13.038801863501298
3009518,14.332162810269466
3009519,13.038801863501298
3009520,13.038801863501298
3009521,14.698613094580079
3009522,29.29454766938383
3009523,33.820772772509876
3009524,13.038801863501298
3009525,755.6474835259896
3009526,491.7210670463272
3009527,13.038801863501298
3009528,13.038801863501298
3009529,430.4132559863235
3009530,213.6190976461361
3009531,13.038801863501298
3009532,13.038801863501298
3009533,42.49079180000771
3009534,17.672092827923834
3009535,8.733632131370817
3009536,12.606351848032862
3009537,2531.7947682059475
3009538,8.733632131370817
3009539,665.4672488038657
3009540,8.733632131370817
3009541,1492.6887606167786
3009542,816.1408890849825
3009543,313.882418288413
3009544,349.28992383999935
3009545,169.07431050002836
3009546,4612.903112800116
3009547,39.55967789948743
3009548,9.52549766363213
3009549,8.733632131370817
3009550,8.733632131370817
3009551,9.548347064234113
3009552,8.733632131370817
3009553,8.733632131370817
3009554,15.338241312348085
3009555,19.501877081311328
3009556,47.95158091163223
3009557,8.733632131370817
3009558,586.5559808405293
3009559,305.7390325299867
3009560,8.733632131370817
3009561,8.733632131370817
3009562,424.5756599466496
3009563,213.78525334972602
3009564,8.733632131370817
3009565,8.733632131370817
3009566,71.58625609335692
3009567,0.0
3009568,0.0
3009569,0.0
3009570,111.60841009978347
3009571,0.0
3009572,53.068101852120165
3009573,0.0
3009574,80.66639046645577
3009575,44.80744809237559
3009576,22.557748494973175
3009577,10.90871718459661
3009578,0.0
3009579,273.78295173330355
3009580,0.0
3009581,0.0
3009582,0.0
3009583,0.0
3009584,0.0
3009585,0.0
3009586,0.0
3009587,0.0
3009588,0.0
3009589,0.0
3009590,0.0
3009591,42.26425283597002
3009592,25.365541170673083
3009593,0.0
3009594,0.0
3009595,22.20270836982543
3009596,1.4727677149792342
3009597,0.0
3009598,0.0
3009599,0.0
3009600,0.0
3009601,0.0
3009602,0.0
3009603,104.02332938997118
3009604,0.0
3009605,51.361938781173045
3009606,0.0
3009607,79.10865381093667
3009608,44.06142082305106
3009609,23.668290282989663
3009610,10.787611324403516
3009611,0.0
3009612,250.57398979423482
3009613,0.0
3009614,0.0
3009615,0.0
3009616,0.0
3009617,0.0
3009618,0.0
3009619,0.0
3009620,0.0
3009621,0.0
3009622,0.0
3009623,0.0
3009624,40.201561954595604
3009625,29.263351783640204
3009626,0.0
3009627,0.0
3009628,22.76669044358705
3009629,1.0636844972110913
3009630,0.0
3009631,0.0
3009632,0.0
3009633,2.5047102921346722
3009634,0.0
3009635,0.0
3009636,555.8289309309301
3009637,0.0
3009638,282.7663848003609
3009639,0.0
3009640,1243.3591783939758
3009641,100.88300686152232
3009642,166.88501502819497
3009643,67.04228676562992
3009644,17.435599773126874
3009645,3048.5194337397206
3009646,8.015010818625452
3009647,0.0
3009648,0.0
3009649,0.0
3009650,0.0
3009651,0.0
3009652,0.0
3009653,0.0
3009654,1.5428300529069183
3009655,18.078498237425272
3009656,0.0
3009657,110.83509505857425
3009658,237.01110915243763
3009659,0.0
3009660,0.0
3009661,67.30553860288607
3009662,54.941263780669395
3009663,0.0
3009664,0.0
3009665,0.0
3009666,17.055148034484525
3009667,9.924387237783925
3009668,15.638381251880428
3009669,1860.105016599703
3009670,9.924387237783925
3009671,533.5949168095451
3009672,9.924387237783925
3009673,1523.361355645608
3009674,616.707757407972
3009675,363.60380695592687
3009676,311.5475939954812
3009677,179.69656947800283
3009678,5052.895072678873
3009679,60.0132917492911
3009680,11.050094119326804
3009681,9.924387237783925
3009682,9.924387237783925
3009683,9.866570374466466
3009684,9.924387237783925
3009685,9.924387237783925
3009686,14.287717464762196
3009687,24.580918779847487
3009688,27.882998638860933
3009689,9.924387237783925
3009690,562.1606986586661
3009691,383.25654138264065
3009692,9.924387237783925
3009693,9.924387237783925
3009694,573.4537344126057
3009695,190.71161226423035
3009696,9.924387237783925
3009697,9.924387237783925
3009698,66.6854787427731
3009699,4.036462921538802
3009700,0.33567803593879897
3009701,1.9322689685385166
3009702,1731.7394215560118
3009703,0.33567803593879897
3009704,419.09584358544106
3009705,0.33567803593879897
3009706,876.4844754827421
3009707,555.5612164479938
3009708,163.11630827295295
3009709,220.815541423184
3009710,118.16022846978042
3009711,2570.242509788897
3009712,36.38262365786599
3009713,0.9964976022403929
3009714,0.33567803593879897
3009715,0.33567803593879897
3009716,0.43900058216362137
3009717,0.33567803593879897
3009718,0.33567803593879897
3009719,7.541776210778469
3009720,13.192253645157319
3009721,17.382501813194374
3009722,0.33567803593879897
3009723,390.8338547968479
3009724,177.81641532619972
3009725,0.33567803593879897
3009726,0.33567803593879897
3009727,228.27347495707536
3009728,121.11571942540449
3009729,0.33567803593879897
3009730,0.33567803593879897
3009731,36.410663088207265
3009732,17.822599558049383
3009733,9.877992147949247
3009734,13.938090541003795
3009735,2432.621917092217
3009736,9.877992147949247
3009737,601.5180678223805
3009738,9.877992147949247
3009739,1398.21574784191
3009740,852.3025327507548
3009741,285.12857887521403
3009742,358.3461436274894
3009743,159.80539437231715
3009744,4187.646381060182
3009745,60.96997978905938
3009746,12.301325942535962
3009747,9.877992147949247
3009748,9.877992147949247
3009749,10.697692976790718
3009750,9.877992147949247
3009751,9.877992147949247
3009752,14.062471163481812
3009753,53.929795424397824
3009754,23.80828750897037
3009755,9.877992147949247
3009756,463.5007986541257
3009757,345.76425776669385
3009758,9.877992147949247
3009759,9.877992147949247
3009760,296.4449176289042
3009761,237.7258073011412
3009762,9.877992147949247
3009763,9.877992147949247
3009764,71.28090142899761
3009765,21.57937070143811
3009766,5.658380325766476
3009767,9.638474873672806
3009768,1502.0042367148035
3009769,5.658380325766476
3009770,698.807550607636
3009771,5.658380325766476
3009772,1853.5057000575955
3009773,430.6209571245834
3009774,524.3158798774672
3009775,198.2330015619023
3009776,65.22890161782183
3009777,6081.385826249601
3009778,27.03479810195364
3009779,7.269369211337562
3009780,5.658380325766476
3009781,5.658380325766476
3009782,5.790027509619698
3009783,5.658380325766476
3009784,5.658380325766476
3009785,6.785579154567083
3009786,23.45175864454706
3009787,14.119081283079957
3009788,5.658380325766476
3009789,406.1707177827838
3009790,468.05442591491345
3009791,5.658380325766476
3009792,5.658380325766476
3009793,523.8748911351768
3009794,94.13400018286582
3009795,5.658380325766476
3009796,5.658380325766476
3009797,28.150651248297706
3009798,3.0944053110269945
3009799,0.0
3009800,0.0
3009801,870.5969423129392
3009802,0.0
3009803,276.5278578269027
3009804,0.0
3009805,727.6271499832704
3009806,364.74671471908994
3009807,125.3218519275878
3009808,140.75732569887947
3009809,75.28514507860494
3009810,1998.7908937041977
3009811,22.04412655955739
3009812,0.18751023494014585
3009813,0.0
3009814,0.0
3009815,0.0
3009816,0.0
3009817,0.0
3009818,0.9204114388432822
3009819,8.412654783811448
3009820,63.33106874288346
3009821,0.0
3009822,275.2164334162485
3009823,121.93333926894873
3009824,0.0
3009825,0.0
3009826,206.38534156737467
3009827,57.96385057191221
3009828,0.0
3009829,0.0
3009830,18.123009846235
3009831,1.8464540477221636
3009832,0.0
3009833,0.0
3009834,394.50417054067753
3009835,0.0
3009836,148.12204371477424
3009837,0.0
3009838,757.3784895322533
3009839,103.89260472477947
3009840,171.75501789047902
3009841,43.94584814129399
3009842,18.47520479982116
3009843,1957.4357312531242
3009844,5.285380392328706
3009845,0.0
3009846,0.0
3009847,0.0
3009848,0.0
3009849,0.0
3009850,0.0
3009851,0.0
3009852,3.5453506175619456
3009853,7.518643119402899
3009854,0.0
3009855,267.00322914816246
3009856,181.32051257115398
3009857,0.0
3009858,0.0
3009859,118.3574866576729
3009860,23.371504136963274
3009861,0.0
3009862,0.0
3009863,3.446659555146316
3009864,10.406081390708268
3009865,5.578887130485471
3009866,9.213212100283563
3009867,1889.3987682797533
3009868,5.578887130485471
3009869,475.26724834785324
3009870,5.578887130485471
3009871,1814.9116043105205
3009872,185.25585741892817
3009873,269.7037089120428
3009874,75.11871423752228
3009875,41.614539066786094
3009876,4936.855263883867
3009877,21.242709175887796
3009878,6.128759384705766
3009879,5.578887130485471
3009880,5.578887130485471
3009881,5.698961806023843
3009882,5.578887130485471
3009883,5.578887130485471
3009884,7.674477826731271
3009885,15.095957601951174
3009886,20.64418448453568
3009887,5.578887130485471
3009888,592.1729509917847
3009889,299.3208388161143
3009890,5.578887130485471
3009891,5.578887130485471
3009892,315.9772852596642
3009893,39.58609234935684
3009894,5.578887130485471
3009895,5.578887130485471
3009896,10.852803820641764
3009897,3.1710340068936125
3009898,0.0
3009899,0.029250753107848748
3009900,556.6234796547277
3009901,0.0
3009902,211.82204739251006
3009903,0.0
3009904,735.1895625323818
3009905,127.0666644191976
3009906,138.57789425040045
3009907,45.65231101354847
3009908,20.049235865790358
3009909,1965.0205983724577
3009910,7.522604867943425
3009911,0.1486389578250482
3009912,0.0
3009913,0.0
3009914,0.0
3009915,0.0
3009916,0.0
3009917,0.0
3009918,5.120946696872741
3009919,18.8663281557671
3009920,0.0
3009921,167.0069132998573
3009922,137.5227178854482
3009923,0.0
3009924,0.0
3009925,64.92261111320337
3009926,21.979186481656804
3009927,0.0
3009928,0.0
3009929,2.16349720592285
3009930,3.126710522968061
3009931,0.0
3009932,0.0
3009933,593.0163737146356
3009934,0.0
3009935,259.42825287595855
3009936,0.0
3009937,687.6174518547205
3009938,131.393929816202
3009939,114.81112252340046
3009940,38.60162809479455
3009941,16.35372769378383
3009942,2010.3904882527947
3009943,6.322408242105931
3009944,0.0
3009945,0.0
3009946,0.0
3009947,0.0
3009948,0.0
3009949,0.0
3009950,0.0
3009951,2.903294898422187
3009952,14.666808609197197
3009953,0.0
3009954,178.30063615530892
3009955,135.14778521668546
3009956,0.0
3009957,0.0
3009958,66.1698822953013
3009959,24.763872325063456
3009960,0.0
3009961,0.0
3009962,0.9060161966503877
3009963,2.4108866802971196
3009964,0.0
3009965,0.8717603327914447
3009966,415.20736610629024
3009967,0.0
3009968,249.60431666372614
3009969,0.0
3009970,1113.7949629819627
3009971,135.46688415645673
3009972,137.1161244003347
3009973,51.34417065136365
3009974,26.254745975353302
3009975,2357.3419953260154
3009976,11.89895725601583
3009977,0.0
3009978,0.0
3009979,0.0
3009980,0.0
3009981,0.0
3009982,0.0
3009983,0.0
3009984,8.096893466195636
3009985,16.219310045363148
3009986,0.0
3009987,384.8196049518916
3009988,249.88368648858693
3009989,0.0
3009990,0.0
3009991,72.60235348306814
3009992,46.57604110702538
3009993,0.0
3009994,0.0
3009995,4.656712296580976
3009996,1.3870962541435334
3009997,0.0
3009998,0.293847504197275
3009999,603.4641264010587
3010000,0.0
3010001,208.56514024063853
3010002,0.0
3010003,842.842215023279
3010004,132.09461999130352
3010005,198.15338390309734
3010006,55.1446081665607
3010007,21.78950637286504
3010008,2282.570259508175
3010009,7.981491301239547
3010010,0.878134895336661
3010011,0.0
3010012,0.0
3010013,0.0
3010014,0.0
3010015,0.0
3010016,0.0
3010017,1.9169446498020593
3010018,18.996501589930638
3010019,0.0
3010020,147.2344890444986
3010021,162.2818819439486
3010022,0.0
3010023,0.0
3010024,63.232285365740964
3010025,27.22336374268295
3010026,0.0
3010027,0.0
3010028,4.031904346369855
3010029,3.3426675403518624
3010030,0.0
3010031,0.0
3010032,349.14038077285574
3010033,0.0
3010034,221.54450418793766
3010035,0.0
3010036,884.823860801139
3010037,116.43219940262296
3010038,173.52241815168225
3010039,99.83026757285789
3010040,19.599552726697915
3010041,2193.066490769618
3010042,8.347260191552792
3010043,0.0
3010044,0.0
3010045,0.0
3010046,0.0
3010047,0.0
3010048,0.0
3010049,0.0
3010050,6.875519105135485
3010051,16.13760070722557
3010052,0.0
3010053,113.72706858930201
3010054,200.06092985151554
3010055,0.0
3010056,0.0
3010057,77.7899215002639
3010058,45.00769262581835
3010059,0.0
3010060,0.0
3010061,3.193417118481351
3010062,3.0049561860967584
3010063,0.0
3010064,0.0
3010065,780.7056725714525
3010066,0.0
3010067,234.6609513089552
3010068,0.0
3010069,845.3044047826538
3010070,169.86396122995416
3010071,227.89763669947223
3010072,83.19751644267863
3010073,38.7224608680224
3010074,2532.777328104029
3010075,8.775201154237184
3010076,0.0
3010077,0.0
3010078,0.0
3010079,0.0
3010080,0.0
3010081,0.0
3010082,0.0
3010083,1.4717813016268178
3010084,13.123258581810424
3010085,0.0
3010086,230.15106590163802
3010087,159.58862558393753
3010088,0.0
3010089,0.0
3010090,180.00537230444584
3010091,41.34811026933231
3010092,0.0
3010093,0.0
3010094,7.352396313086194
3010095,2.6447467791317196
3010096,0.0
3010097,0.6839432943638681
3010098,636.1596975803537
3010099,0.0
3010100,580.0467795163263
3010101,0.0
3010102,547.6875494353428
3010103,214.85512781215905
3010104,146.58049340205926
3010105,114.69724817103031
3010106,43.53517374452444
3010107,1796.170773920297
3010108,15.783700657545388
3010109,0.0
3010110,0.0
3010111,0.0
3010112,0.0
3010113,0.0
3010114,0.0
3010115,0.0
3010116,4.64007860723585
3010117,23.698887860938946
3010118,0.0
3010119,122.03462907712736
3010120,98.34123870116339
3010121,0.0
3010122,0.0
3010123,105.6376656627121
3010124,40.833119033431764
3010125,0.0
3010126,0.0
3010127,8.295366839046856
3010128,2.3073699828454703
3010129,0.0
3010130,0.0
3010131,778.8254184077053
3010132,0.0
3010133,209.50371568979347
3010134,0.0
3010135,700.1395982087835
3010136,98.0353353917973
3010137,136.83275230824498
3010138,50.20771048755144
3010139,23.705942779852805
3010140,1927.5179439653004
3010141,11.915476004238762
3010142,0.0
3010143,0.0
3010144,0.0
3010145,0.0
3010146,0.0
3010147,0.0
3010148,0.0
3010149,2.34082297062285
3010150,32.09261029155874
3010151,0.0
3010152,147.3789379546411
3010153,118.42939543355682
3010154,0.0
3010155,0.0
3010156,67.8721445332446
3010157,32.380727057784334
3010158,0.0
3010159,0.0
3010160,3.411939837966104
3010161,7.234005494298799
3010162,2.9460418197061564
3010163,6.618247727757483
3010164,1009.8719898399785
3010165,2.9460418197061564
3010166,310.00836764350095
3010167,2.9460418197061564
3010168,866.0942635315923
3010169,355.31556153689263
3010170,170.69071499671165
3010171,150.6457239020666
3010172,81.28970494749314
3010173,2477.035725734443
3010174,24.98669028114505
3010175,3.659502903794518
3010176,2.9460418197061564
3010177,2.9460418197061564
3010178,2.9015819279647292
3010179,2.9460418197061564
3010180,2.9460418197061564
3010181,5.551873677823291
3010182,21.845974963053578
3010183,33.64241927917544
3010184,2.9460418197061564
3010185,440.57991755455464
3010186,174.19648649768905
3010187,2.9460418197061564
3010188,2.9460418197061564
3010189,224.49795072606636
3010190,77.17101890349318
3010191,2.9460418197061564
3010192,2.9460418197061564
3010193,23.687726211621076
3010194,0.0
3010195,0.0
3010196,0.0
3010197,25.399239209453746
3010198,0.0
3010199,35.718380733070916
3010200,0.0
3010201,37.86437491757613
3010202,34.724379163515614
3010203,14.850253031277141
3010204,6.505769519455601
3010205,0.0
3010206,23.150659050142636
3010207,0.0
3010208,0.0
3010209,0.0
3010210,0.0
3010211,0.0
3010212,0.0
3010213,0.0
3010214,0.0
3010215,0.0
3010216,0.0
3010217,0.0
3010218,37.345241343731566
3010219,17.692781346651955
3010220,0.0
3010221,0.0
3010222,13.861848304638025
3010223,0.04702461924073109
3010224,0.0
3010225,0.0
3010226,0.0
3010227,0.0
3010228,0.0
3010229,0.0
3010230,27.3905533842822
3010231,0.0
3010232,38.47348686384049
3010233,0.0
3010234,39.40996436519148
3010235,33.236245421278056
3010236,14.404800414090435
3010237,5.613964309097492
3010238,0.0
3010239,33.02866954975805
3010240,0.0
3010241,0.0
3010242,0.0
3010243,0.0
3010244,0.0
3010245,0.0
3010246,0.0
3010247,0.0
3010248,0.0
3010249,0.0
3010250,0.0
3010251,35.498362015771605
3010252,17.87216593925914
3010253,0.0
3010254,0.0
3010255,12.38090941603772
3010256,0.0
3010257,0.0
3010258,0.0
3010259,0.0
3010260,0.0
3010261,0.0
3010262,0.0
3010263,26.944989167536136
3010264,0.0
3010265,36.37687308488777
3010266,0.0
3010267,39.377025168304996
3010268,33.4044651303574
3010269,15.228930675529053
3010270,5.85272244258708
3010271,0.0
3010272,23.80403158644098
3010273,0.0
3010274,0.0
3010275,0.0
3010276,0.0
3010277,0.0
3010278,0.0
3010279,0.0
3010280,0.0
3010281,0.0
3010282,0.0
3010283,0.0
3010284,34.25099163854999
3010285,18.26884550326149
3010286,0.0
3010287,0.0
3010288,13.054916826457362
3010289,0.0
3010290,0.0
3010291,0.0
3010292,0.0
3010293,1.6672402951522072
3010294,0.0
3010295,0.0
3010296,607.2116979503786
3010297,0.0
3010298,269.065861458501
3010299,0.0
3010300,656.2187000613926
3010301,253.8192100606145
3010302,137.21896279038086
3010303,69.08358851888987
3010304,45.20477187112554
3010305,1833.4665296908977
3010306,14.166306693023788
3010307,0.0
3010308,0.0
3010309,0.0
3010310,0.0
3010311,0.0
3010312,0.0
3010313,0.0
3010314,4.581662690928533
3010315,20.928192017227627
3010316,0.0
3010317,1237.9866671607256
3010318,129.9109523056426
3010319,0.0
3010320,0.0
3010321,165.76456373454687
3010322,44.075977057258555
3010323,0.0
3010324,0.0
3010325,16.981355592772683
3010326,11.624538557593368
3010327,8.3784167198073
3010328,9.697796162269684
3010329,1439.7493991071824
3010330,8.3784167198073
3010331,477.87538102994847
3010332,8.3784167198073
3010333,1043.5552916972254
3010334,515.2181722003886
3010335,213.22485552236714
3010336,195.05002172865986
3010337,84.2771461861457
3010338,2971.3804661073364
3010339,31.718366089634102
3010340,8.638290653875158
3010341,8.3784167198073
3010342,8.3784167198073
3010343,8.333956828065872
3010344,8.3784167198073
3010345,8.3784167198073
3010346,12.206432937349696
3010347,14.722881159059877
3010348,50.53080694063764
3010349,8.3784167198073
3010350,339.7868304078054
3010351,214.47792950893182
3010352,8.3784167198073
3010353,8.3784167198073
3010354,277.0566133510052
3010355,104.44675026137094
3010356,8.3784167198073
3010357,8.3784167198073
3010358,39.990824956892716
3010359,2.1163763087143717
3010360,0.0
3010361,0.2913785065232839
3010362,1247.2183948064403
3010363,0.0
3010364,243.63595360750176
3010365,0.0
3010366,560.3812392622132
3010367,284.948497849634
3010368,134.7910643703499
3010369,114.38717116510688
3010370,51.00429520577501
3010371,1623.4725496853005
3010372,12.483273336845244
3010373,0.0
3010374,0.0
3010375,0.0
3010376,0.0
3010377,0.0
3010378,0.0
3010379,1.4320053757381328
3010380,17.239180498385508
3010381,81.32220305546441
3010382,0.0
3010383,220.1392279709628
3010384,107.12996481494606
3010385,0.0
3010386,0.0
3010387,101.53011956927529
3010388,62.740746890750216
3010389,0.0
3010390,0.0
3010391,4.045808837404099
3010392,3.4133798617586155
3010393,0.0
3010394,0.0
3010395,443.3658931490389
3010396,0.0
3010397,240.5983931378238
3010398,0.0
3010399,536.3965526632521
3010400,163.02763631156387
3010401,101.31288368596273
3010402,62.65286618413623
3010403,28.537529076933687
3010404,1580.4667092940385
3010405,8.57695930016521
3010406,0.0
3010407,0.0
3010408,0.0
3010409,0.0
3010410,0.0
3010411,0.0
3010412,0.0
3010413,7.745765352836171
3010414,15.918976723524029
3010415,0.0
3010416,246.42199641849234
3010417,163.06733672569885
3010418,0.0
3010419,0.0
3010420,142.99258971091206
3010421,32.98554932587878
3010422,0.0
3010423,0.0
3010424,3.6161079750553586
3010425,3.4121513175377434
3010426,0.0
3010427,0.7355387399124398
3010428,738.274282159459
3010429,0.0
3010430,372.9581375358289
3010431,0.0
3010432,593.4675038563615
3010433,296.42891904541364
3010434,166.6838929251654
3010435,160.52532297488435
3010436,48.51243757145208
3010437,1873.5797820157215
3010438,22.341766742683134
3010439,0.0
3010440,0.0
3010441,0.0
3010442,0.0
3010443,0.0
3010444,0.0
3010445,0.2907693998764074
3010446,6.666504978397551
3010447,33.80688389804052
3010448,0.0
3010449,175.19891107794277
3010450,133.38020855044348
3010451,0.0
3010452,0.0
3010453,204.2849793693853
3010454,68.58034800977543
3010455,0.0
3010456,0.0
3010457,18.735962321493957
3010458,3.963985771923303
3010459,0.0
3010460,0.0
3010461,517.1812015221751
3010462,0.0
3010463,334.612502296279
3010464,0.0
3010465,555.7153522620163
3010466,182.86823187944543
3010467,135.24117018800675
3010468,83.83388828345585
3010469,31.807465881144452
3010470,1747.541840552745
3010471,9.697361063075705
3010472,0.0
3010473,0.0
3010474,0.0
3010475,0.0
3010476,0.0
3010477,0.0
3010478,0.0
3010479,3.729506206778238
3010480,46.03257978228263
3010481,0.0
3010482,110.66994290326402
3010483,147.9102162149396
3010484,0.0
3010485,0.0
3010486,105.69281011585387
3010487,42.9930992739989
3010488,0.0
3010489,0.0
3010490,3.643571203087345
3010491,0.0
3010492,0.0
3010493,0.0
3010494,28.631481482702476
3010495,0.0
3010496,38.48905596175998
3010497,0.0
3010498,40.47167451325077
3010499,32.92893112801264
3010500,15.450880337265573
3010501,6.299035231041853
3010502,0.0
3010503,21.7943995448345
3010504,0.0
3010505,0.0
3010506,0.0
3010507,0.0
3010508,0.0
3010509,0.0
3010510,0.0
3010511,0.0
3010512,0.0
3010513,0.0
3010514,0.0
3010515,36.418469839739124
3010516,17.980453701754787
3010517,0.0
3010518,0.0
3010519,13.705153488865275
3010520,0.08423307560806137
3010521,0.0
3010522,0.0
3010523,0.0
3010524,21.561380611849003
3010525,15.349709879114904
3010526,19.397995517556996
3010527,2926.267726224736
3010528,15.349709879114904
3010529,688.8766318288923
3010530,15.349709879114904
3010531,1765.608576801232
3010532,929.7774021535781
3010533,285.09621165799643
3010534,408.24250153440994
3010535,219.18248880667406
3010536,4957.9765745943
3010537,72.73406118582196
3010538,18.57267924964722
3010539,15.349709879114904
3010540,15.349709879114904
3010541,16.58662525376464
3010542,15.349709879114904
3010543,15.349709879114904
3010544,21.840842727358634
3010545,54.03782724158835
3010546,97.23167919578394
3010547,15.349709879114904
3010548,556.7579786233023
3010549,332.5447078535225
3010550,15.349709879114904
3010551,15.349709879114904
3010552,392.5557836957497
3010553,253.0943654811264
3010554,15.349709879114904
3010555,15.349709879114904
3010556,88.93496391442811
3010557,0.0
3010558,0.0
3010559,0.0
3010560,348.0781464785476
3010561,0.0
3010562,146.82122437689804
3010563,0.0
3010564,383.1676324339179
3010565,113.76274381875447
3010566,74.2906367071916
3010567,49.74842509126514
3010568,14.060160872023046
3010569,1032.5922325824076
3010570,2.1899919083329857
3010571,0.0
3010572,0.0
3010573,0.0
3010574,0.0
3010575,0.0
3010576,0.0
3010577,0.0
3010578,0.0
3010579,12.884600720640506
3010580,0.0
3010581,90.79820567391204
3010582,74.07193683643088
3010583,0.0
3010584,0.0
3010585,77.55381150234982
3010586,20.81147864679189
3010587,0.0
3010588,0.0
3010589,0.0
3010590,3.891927703857762
3010591,0.0
3010592,0.0
3010593,613.0185824176345
3010594,0.0
3010595,322.36799847743436
3010596,0.0
3010597,847.152446294105
3010598,209.32377186037442
3010599,155.60798128725813
3010600,80.72647016419099
3010601,21.09895191294614
3010602,2506.203083368814
3010603,10.449766401194974
3010604,0.0
3010605,0.0
3010606,0.0
3010607,0.0
3010608,0.0
3010609,0.0
3010610,0.0
3010611,4.212247778093753
3010612,20.38356387466777
3010613,0.0
3010614,227.87437589730044
3010615,215.91922628542204
3010616,0.0
3010617,0.0
3010618,98.38857631147569
3010619,58.781213819126556
3010620,0.0
3010621,0.0
3010622,3.7533969583403293
3010623,0.0
3010624,0.0
3010625,0.0
3010626,197.79716266574601
3010627,0.0
3010628,114.59377788408153
3010629,0.0
3010630,460.8844076965994
3010631,92.02962751845628
3010632,82.901942304355
3010633,37.54731919517127
3010634,11.785260199563286
3010635,1149.3956826891892
3010636,2.018372371336614
3010637,0.0
3010638,0.0
3010639,0.0
3010640,0.0
3010641,0.0
3010642,0.0
3010643,0.0
3010644,0.0
3010645,17.350161241036655
3010646,0.0
3010647,101.47048508980471
3010648,123.01730648857888
3010649,0.0
3010650,0.0
3010651,65.35040140756561
3010652,20.69785972256036
3010653,0.0
3010654,0.0
3010655,0.0
3010656,3.440153677906098
3010657,0.0
3010658,0.0
3010659,626.1091221750512
3010660,0.0
3010661,238.7870666429202
3010662,0.0
3010663,911.5967372328378
3010664,149.92440560463675
3010665,153.4118713029345
3010666,91.26604747145949
3010667,26.140150453012062
3010668,2344.944542337189
3010669,9.745934596420991
3010670,0.0
3010671,0.0
3010672,0.0
3010673,0.0
3010674,0.0
3010675,0.0
3010676,0.0
3010677,8.231089252154266
3010678,20.878166860913264
3010679,0.0
3010680,156.41180140330206
3010681,187.4494067113028
3010682,0.0
3010683,0.0
3010684,97.94183474041746
3010685,37.344793912814346
3010686,0.0
3010687,0.0
3010688,1.2555477415256968
3010689,2.180882709324708
3010690,0.0
3010691,0.0
3010692,884.23026154008
3010693,0.0
3010694,548.7405423261536
3010695,0.0
3010696,779.65313788184
3010697,202.9178743908231
3010698,221.97319227790624
3010699,64.49203078823331
3010700,29.361108835920277
3010701,2612.0825417741817
3010702,11.666771918111927
3010703,0.45014870440609944
3010704,0.0
3010705,0.0
3010706,0.0
3010707,0.0
3010708,0.0
3010709,0.0
3010710,10.41556476451796
3010711,30.133709628632804
3010712,0.0
3010713,200.3951360881109
3010714,261.56517749465013
3010715,0.0
3010716,0.0
3010717,110.0293010927364
3010718,45.550788641200675
3010719,0.0
3010720,0.0
3010721,1.8523774558578783
3010722,0.1569346658359485
3010723,0.0
3010724,0.0
3010725,507.61795264601045
3010726,0.0
3010727,119.92154628389088
3010728,0.0
3010729,465.15249119178367
3010730,92.77113669355387
3010731,68.41987291006245
3010732,43.4764112097185
3010733,14.613532686485811
3010734,1301.3825277975498
3010735,2.6425695705961916
3010736,0.0
3010737,0.0
3010738,0.0
3010739,0.0
3010740,0.0
3010741,0.0
3010742,0.0
3010743,0.0
3010744,16.248792292389506
3010745,0.0
3010746,105.22378582437545
3010747,95.07634335633294
3010748,0.0
3010749,0.0
3010750,32.46897108974751
3010751,17.957046661210292
3010752,0.0
3010753,0.0
3010754,0.0
3010755,0.0
3010756,0.0
3010757,0.0
3010758,25.46918270547293
3010759,0.0
3010760,37.367757419946344
3010761,0.0
3010762,35.82020870775326
3010763,32.146370807063235
3010764,14.377078835184086
3010765,4.698847725378084
3010766,0.0
3010767,20.96315367718147
3010768,0.0
3010769,0.0
3010770,0.0
3010771,0.0
3010772,0.0
3010773,0.0
3010774,0.0
3010775,0.0
3010776,0.0
3010777,0.0
3010778,0.0
3010779,35.32709467959643
3010780,17.56884468675026
3010781,0.0
3010782,0.0
3010783,12.13546207087329
3010784,0.0
3010785,0.0
3010786,0.0
3010787,0.0
3010788,7.096943836953743
3010789,3.1281190540975006
3010790,6.16292564606266
3010791,834.2898077078218
3010792,3.1281190540975006
3010793,412.6224045024575
3010794,3.1281190540975006
3010795,1123.036887085862
3010796,461.9631578626831
3010797,123.53343867428354
3010798,158.51572450501445
3010799,133.77772623409143
3010800,3090.0142704047494
3010801,48.64257946204398
3010802,3.7936324385290723
3010803,3.1281190540975006
3010804,3.1281190540975006
3010805,3.325783768001008
3010806,3.1281190540975006
3010807,3.1281190540975006
3010808,5.1856507443765585
3010809,18.151684270945896
3010810,64.39272692103437
3010811,3.1281190540975006
3010812,228.9307496851984
3010813,245.91290809509954
3010814,3.1281190540975006
3010815,3.1281190540975006
3010816,116.6957526215912
3010817,133.04246444557364
3010818,3.1281190540975006
3010819,3.1281190540975006
3010820,17.076330678065787
3010821,5.6402961810792505
3010822,1.015487748437236
3010823,3.1097466132526943
3010824,550.9301577792927
3010825,1.015487748437236
3010826,382.823890469296
3010827,1.015487748437236
3010828,871.9503500225924
3010829,336.5456707066692
3010830,149.8907151265899
3010831,115.70116276788828
3010832,95.13598351753784
3010833,2551.5442431551064
3010834,18.58745373382057
3010835,1.8738603377770051
3010836,1.015487748437236
3010837,1.015487748437236
3010838,0.9710278566958084
3010839,1.015487748437236
3010840,1.015487748437236
3010841,2.2118483626572405
3010842,25.410922923653562
3010843,40.83421818244771
3010844,1.015487748437236
3010845,190.42277345359645
3010846,231.4867546644798
3010847,1.015487748437236
3010848,1.015487748437236
3010849,84.93031891766928
3010850,109.27140302259052
3010851,1.015487748437236
3010852,1.015487748437236
3010853,16.235595549044696
3010854,5.759458847754155
3010855,0.0
3010856,0.4928632483609605
3010857,611.2808357680352
3010858,0.0
3010859,687.8466069087001
3010860,0.0
3010861,890.2276030434092
3010862,176.89520402000375
3010863,106.81428501400237
3010864,97.9336610168129
3010865,34.60748637306665
3010866,2524.487027547474
3010867,22.561366906574847
3010868,0.36557313686129644
3010869,0.0
3010870,0.0
3010871,0.0
3010872,0.0
3010873,0.0
3010874,0.3996945442335209
3010875,7.008235851392772
3010876,24.720685030358815
3010877,0.0
3010878,135.0882903676092
3010879,220.95788802243717
3010880,0.0
3010881,0.0
3010882,89.14089734481945
3010883,56.51053509988953
3010884,0.0
3010885,0.0
3010886,7.113272380521558
3010887,6.867850978044782
3010888,2.535779930816636
3010889,4.830145356479997
3010890,827.8344074187179
3010891,2.535779930816636
3010892,280.38039845117606
3010893,2.535779930816636
3010894,800.0580068772754
3010895,323.98894282164775
3010896,162.6385874737367
3010897,140.5792503120618
3010898,64.25652476350574
3010899,2343.1946391549054
3010900,28.96343120812576
3010901,3.9249407176362148
3010902,2.535779930816636
3010903,2.535779930816636
3010904,2.680784086245887
3010905,2.535779930816636
3010906,2.535779930816636
3010907,4.331540211060568
3010908,17.303628039889116
3010909,29.08981382541296
3010910,2.535779930816636
3010911,297.03185641652317
3010912,169.10745989997196
3010913,2.535779930816636
3010914,2.535779930816636
3010915,225.83318555192665
3010916,82.69434352222348
3010917,2.535779930816636
3010918,2.535779930816636
3010919,23.83205672295057
3010920,1.4864184676770344
3010921,0.0
3010922,0.05905533128849916
3010923,550.3712076472284
3010924,0.0
3010925,250.55343852934885
3010926,0.0
3010927,795.9322049669468
3010928,161.16968244914094
3010929,133.15805663264283
3010930,96.94249597820303
3010931,17.69037771031391
3010932,2247.352306103654
3010933,10.430563405719472
3010934,0.2368893166387589
3010935,0.0
3010936,0.0
3010937,0.0
3010938,0.0
3010939,0.0
3010940,0.0
3010941,3.017017305891584
3010942,14.791658087917028
3010943,0.0
3010944,89.31789921799596
3010945,184.00221758789658
3010946,0.0
3010947,0.0
3010948,93.26535071948405
3010949,38.30198899264674
3010950,0.0
3010951,0.0
3010952,2.466052057941363
3010953,1.6458580493029524
3010954,0.0
3010955,0.3066230339665377
3010956,491.9149643725415
3010957,0.0
3010958,212.03051495467784
3010959,0.0
3010960,549.1290714873458
3010961,212.25431045151765
3010962,124.89220916426035
3010963,89.14779199279519
3010964,61.51693827310581
3010965,1522.7963321455572
3010966,14.826213079652092
3010967,0.0
3010968,0.0
3010969,0.0
3010970,0.0
3010971,0.0
3010972,0.0
3010973,1.6026792747105651
3010974,14.32840448631273
3010975,22.983342604886367
3010976,0.0
3010977,132.04578753996515
3010978,141.85518296686527
3010979,0.0
3010980,0.0
3010981,82.55358774739955
3010982,58.84301723906146
3010983,0.0
3010984,0.0
3010985,4.981564912873327
3010986,0.0
3010987,0.0
3010988,0.0
3010989,26.289203751043352
3010990,0.0
3010991,35.746089281513385
3010992,0.0
3010993,36.63429442974095
3010994,33.056645778223825
3010995,14.937602633930808
3010996,6.764491502533954
3010997,0.0
3010998,29.714080969699666
3010999,0.0
3011000,0.0
3011001,0.0
3011002,0.0
3011003,0.0
3011004,0.0
3011005,0.0
3011006,0.0
3011007,0.0
3011008,0.0
3011009,0.0
3011010,35.449625981470305
3011011,18.662719682207197
3011012,0.0
3011013,0.0
3011014,13.829485947434016
3011015,0.17509029167099688
3011016,0.0
3011017,0.0
3011018,0.0
3011019,2.9289094012486787
3011020,0.0
3011021,0.0
3011022,1016.0941142325444
3011023,0.0
3011024,204.68361456303256
3011025,0.0
3011026,703.9430592777825
3011027,102.70482878543419
3011028,127.19601517328672
3011029,69.1751865507175
3011030,19.906834248901035
3011031,1964.1709989924468
3011032,8.00905024769987
3011033,0.0
3011034,0.0
3011035,0.0
3011036,0.0
3011037,0.0
3011038,0.0
3011039,0.0
3011040,5.857553471743705
3011041,97.50097809902297
3011042,0.0
3011043,140.22949723893518
3011044,148.21382030609874
3011045,0.0
3011046,0.0
3011047,80.2466805425586
3011048,39.900237733752476
3011049,0.0
3011050,0.0
3011051,0.591372976918636
3011052,32.048831275800396
3011053,22.26141840168946
3011054,25.82969805654808
3011055,3618.626751617662
3011056,22.26141840168946
3011057,821.7793609897917
3011058,22.26141840168946
3011059,2248.865797201526
3011060,1285.318427998463
3011061,447.3475093486952
3011062,507.05492390878993
3011063,297.66012274858775
3011064,6336.472284987134
3011065,85.84609936386597
3011066,27.002841313176937
3011067,22.26141840168946
3011068,22.26141840168946
3011069,23.22909539351771
3011070,22.26141840168946
3011071,22.26141840168946
3011072,24.50106587816184
3011073,36.568878373081915
3011074,152.70144848569993
3011075,22.26141840168946
3011076,751.965196852071
3011077,351.31406053015434
3011078,22.26141840168946
3011079,22.26141840168946
3011080,439.8173864538287
3011081,355.881811368738
3011082,22.26141840168946
3011083,22.26141840168946
3011084,106.80390072641363
3011085,25.644232363164363
3011086,16.33093443030712
3011087,23.73570522415024
3011088,2463.7703207042914
3011089,16.33093443030712
3011090,670.0775585721757
3011091,16.33093443030712
3011092,1949.5081860109744
3011093,832.6784304034406
3011094,441.18863072446754
3011095,337.2639046868371
3011096,244.87242701387953
3011097,6165.767231242897
3011098,74.69732123427038
3011099,17.559265375359846
3011100,16.33093443030712
3011101,16.33093443030712
3011102,17.221294652489174
3011103,16.33093443030712
3011104,16.33093443030712
3011105,20.745377229217716
3011106,24.469875792590468
3011107,86.41696917566068
3011108,16.33093443030712
3011109,959.8099461070087
3011110,375.98825771969763
3011111,16.33093443030712
3011112,16.33093443030712
3011113,562.5639456430093
3011114,210.76352181543726
3011115,16.33093443030712
3011116,16.33093443030712
3011117,90.82731866660448
3011118,23.52651956400792
3011119,12.096111510917273
3011120,18.74752678450896
3011121,1781.229334962963
3011122,12.096111510917273
3011123,476.57631531154016
3011124,12.096111510917273
3011125,1874.909847190703
3011126,598.1487558515806
3011127,614.8479695408148
3011128,178.3085309672681
3011129,175.85009455013446
3011130,5702.732083831108
3011131,48.61998450571576
3011132,13.450622299218681
3011133,12.096111510917273
3011134,12.096111510917273
3011135,12.973852436243952
3011136,12.096111510917273
3011137,12.096111510917273
3011138,15.781431397442606
3011139,36.52026307273171
3011140,58.81251823612391
3011141,12.096111510917273
3011142,1085.7000896224322
3011143,477.31147663466015
3011144,12.096111510917273
3011145,12.096111510917273
3011146,648.8576103816514
3011147,139.70709409596628
3011148,12.096111510917273
3011149,12.096111510917273
3011150,45.52561696866053
3011151,25.92093343161406
3011152,15.533491718891476
3011153,21.426308854994176
3011154,2238.319384095368
3011155,15.533491718891476
3011156,698.0294762109061
3011157,15.533491718891476
3011158,1835.4752692023294
3011159,822.6919856534687
3011160,463.3789579801851
3011161,285.2760694639535
3011162,189.18937872259295
3011163,5894.1385503566935
3011164,49.5844196644193
3011165,16.398254960615972
3011166,15.533491718891476
3011167,15.533491718891476
3011168,16.162127784203776
3011169,15.533491718891476
3011170,15.533491718891476
3011171,20.528553058569525
3011172,19.76418288123005
3011173,74.88974014659837
3011174,15.533491718891476
3011175,783.9437412586229
3011176,431.7589673263027
3011177,15.533491718891476
3011178,15.533491718891476
3011179,596.329353499152
3011180,211.46071939265963
3011181,15.533491718891476
3011182,15.533491718891476
3011183,76.61820092328384
3011184,16.04659634054121
3011185,8.304516708486972
3011186,13.458044182835211
3011187,1142.5507447143602
3011188,8.304516708486972
3011189,447.287307472751
3011190,8.304516708486972
3011191,1623.3604283377847
3011192,411.0488130598921
3011193,442.8719977451528
3011194,127.80530649095908
3011195,123.96394421088404
3011196,4916.04498280633
3011197,28.733128052204293
3011198,9.265129843331595
3011199,8.304516708486972
3011200,8.304516708486972
3011201,8.260056816745543
3011202,8.304516708486972
3011203,8.304516708486972
3011204,9.422040810347298
3011205,16.580514572718428
3011206,48.14352644352133
3011207,8.304516708486972
3011208,824.8324693025529
3011209,391.3524608937493
3011210,8.304516708486972
3011211,8.304516708486972
3011212,585.8705160505435
3011213,105.364389599143
3011214,8.304516708486972
3011215,8.304516708486972
3011216,29.256980381082425
3011217,12.989884507073386
3011218,6.3476104295384115
3011219,10.542136426027248
3011220,1646.7548285987116
3011221,6.3476104295384115
3011222,390.13430737951063
3011223,6.3476104295384115
3011224,1019.5940835112563
3011225,586.1711748149354
3011226,191.94684072230464
3011227,221.530824316143
3011228,146.923222557366
3011229,3018.9127010849834
3011230,44.875748316068595
3011231,7.015593019597269
3011232,6.3476104295384115
3011233,6.3476104295384115
3011234,6.921401639090776
3011235,6.3476104295384115
3011236,6.3476104295384115
3011237,9.342882312684223
3011238,13.07679342244535
3011239,51.355366842427586
3011240,6.3476104295384115
3011241,371.04434063099524
3011242,190.22972075986652
3011243,6.3476104295384115
3011244,6.3476104295384115
3011245,197.9904609384354
3011246,172.39047024293419
3011247,6.3476104295384115
3011248,6.3476104295384115
3011249,44.906945152487786
3011250,7.085904607363489
3011251,0.7159791620459126
3011252,4.760079489755097
3011253,638.0534710697739
3011254,0.7159791620459126
3011255,345.92995177236
3011256,0.7159791620459126
3011257,1060.1713878317312
3011258,296.6609602167847
3011259,232.27024874943905
3011260,146.8562376978075
3011261,111.6780080232631
3011262,2784.146401806219
3011263,18.262673381822406
3011264,1.4768181291078442
3011265,0.7159791620459126
3011266,0.7159791620459126
3011267,0.6765051662826611
3011268,0.7159791620459126
3011269,0.7159791620459126
3011270,1.6200000754122126
3011271,27.9217264765419
3011272,41.1464253015503
3011273,0.7159791620459126
3011274,304.26423349072815
3011275,228.1505475720591
3011276,0.7159791620459126
3011277,0.7159791620459126
3011278,172.94887983285486
3011279,86.45334144507463
3011280,0.7159791620459126
3011281,0.7159791620459126
3011282,16.344277072994274
3011283,16.1808340617008
3011284,5.997883332638675
3011285,10.663374688989812
3011286,1202.4987631655526
3011287,5.997883332638675
3011288,424.78407449544557
3011289,5.997883332638675
3011290,1404.7061379425486
3011291,418.1617338777024
3011292,332.0319837644805
3011293,130.3142065277235
3011294,103.41048307441261
3011295,4691.033132338361
3011296,35.84005028645575
3011297,6.912133570476714
3011298,5.997883332638675
3011299,5.997883332638675
3011300,6.506857894474754
3011301,5.997883332638675
3011302,5.997883332638675
3011303,6.165321213495813
3011304,17.52216274869938
3011305,62.36198082110596
3011306,5.997883332638675
3011307,787.1939484731341
3011308,328.8998051127166
3011309,5.997883332638675
3011310,5.997883332638675
3011311,265.98733276293376
3011312,140.8399791223987
3011313,5.997883332638675
3011314,5.997883332638675
3011315,25.59984542839858
3011316,16.558202812904582
3011317,9.853438839109806
3011318,12.248139485743502
3011319,1962.5969818004553
3011320,9.853438839109806
3011321,546.5068504693247
3011322,9.853438839109806
3011323,1264.1043650367824
3011324,703.6698009812636
3011325,234.99240021896034
3011326,293.8724255853356
3011327,145.00301692641318
3011328,3591.9250870713004
3011329,32.81784126378461
3011330,11.034125861076836
3011331,9.853438839109806
3011332,9.853438839109806
3011333,10.382356984858589
3011334,9.853438839109806
3011335,9.853438839109806
3011336,12.2339675549179
3011337,18.057093726934117
3011338,75.1509950794247
3011339,9.853438839109806
3011340,612.1332545051043
3011341,216.41505928833493
3011342,9.853438839109806
3011343,9.853438839109806
3011344,345.0161522541298
3011345,165.0638524047411
3011346,9.853438839109806
3011347,9.853438839109806
3011348,66.52773765315523
3011349,0.0
3011350,0.0
3011351,0.0
3011352,26.907797265910492
3011353,0.0
3011354,38.148589241785096
3011355,0.0
3011356,35.99764421305545
3011357,33.69464532520264
3011358,14.127521397269081
3011359,6.232863947461205
3011360,0.0
3011361,22.776878155136156
3011362,0.0
3011363,0.0
3011364,0.0
3011365,0.0
3011366,0.0
3011367,0.0
3011368,0.0
3011369,0.0
3011370,0.0
3011371,0.0
3011372,0.0
3011373,36.37161813785812
3011374,17.114173113775983
3011375,0.0
3011376,0.0
3011377,13.53291931714844
3011378,0.0
3011379,0.0
3011380,0.0
3011381,0.0
3011382,0.0
3011383,0.0
3011384,0.0
3011385,27.08499711195291
3011386,0.0
3011387,39.05326912687936
3011388,0.0
3011389,36.88883868958959
3011390,31.846953715974635
3011391,14.19525727353611
3011392,5.165647942055581
3011393,0.0
3011394,19.361625442911265
3011395,0.0
3011396,0.0
3011397,0.0
3011398,0.0
3011399,0.0
3011400,0.0
3011401,0.0
3011402,0.0
3011403,0.0
3011404,0.0
3011405,0.0
3011406,34.047442286332796
3011407,17.644082307754235
3011408,0.0
3011409,0.0
3011410,12.844360860662965
3011411,0.0
3011412,0.0
3011413,0.0
3011414,0.0
3011415,1.4603151103971066
3011416,0.0
3011417,0.0
3011418,391.1721173406432
3011419,0.0
3011420,178.34737643188052
3011421,0.0
3011422,718.89271502863
3011423,71.4404379841871
3011424,109.51029088527888
3011425,46.5479394575119
3011426,12.98103260551797
3011427,1919.7237920257012
3011428,7.657177944150661
3011429,0.0
3011430,0.0
3011431,0.0
3011432,0.0
3011433,0.0
3011434,0.0
3011435,0.0
3011436,2.2678403199671697
3011437,23.779518011334535
3011438,0.0
3011439,78.12622462440201
3011440,143.44786643772568
3011441,0.0
3011442,0.0
3011443,43.96597068515931
3011444,37.562878663946705
3011445,0.0
3011446,0.0
3011447,0.05754784611392183
3011448,13.245530052901092
3011449,6.82028490458757
3011450,8.973668185877562
3011451,1062.8608786799007
3011452,6.82028490458757
3011453,380.06522047982384
3011454,6.82028490458757
3011455,999.6202190260227
3011456,409.93638051356453
3011457,226.2774517531093
3011458,193.11045402259657
3011459,100.35068499257741
3011460,3271.3641677935784
3011461,40.17219023397515
3011462,8.095660422476637
3011463,6.82028490458757
3011464,6.82028490458757
3011465,6.93038778816959
3011466,6.82028490458757
3011467,6.82028490458757
3011468,8.732786377806217
3011469,19.717828462799126
3011470,39.98826314279635
3011471,6.82028490458757
3011472,398.0892114046845
3011473,232.919151250147
3011474,6.82028490458757
3011475,6.82028490458757
3011476,342.44830552114337
3011477,115.02537367168567
3011478,6.82028490458757
3011479,6.82028490458757
3011480,34.77411394451442
3011481,8.678296673240542
3011482,4.735517261279818
3011483,7.348267758692401
3011484,1524.04989481139
3011485,4.735517261279818
3011486,439.8023055653291
3011487,4.735517261279818
3011488,1031.496381378605
3011489,600.8716831730403
3011490,156.46073728680514
3011491,234.74715116606137
3011492,133.61920134946686
3011493,2674.717290803821
3011494,37.503823466421935
3011495,5.773987536059835
3011496,4.735517261279818
3011497,4.735517261279818
3011498,5.010415878121446
3011499,4.735517261279818
3011500,4.735517261279818
3011501,6.518302340799593
3011502,16.017701749647834
3011503,63.93668410892438
3011504,4.735517261279818
3011505,453.9780460573465
3011506,162.6948345367071
3011507,4.735517261279818
3011508,4.735517261279818
3011509,253.77290204365073
3011510,132.72627504886526
3011511,4.735517261279818
3011512,4.735517261279818
3011513,53.8927617141482
3011514,14.878334888172393
3011515,9.171078546017677
3011516,11.869942589681896
3011517,1547.2623949137164
3011518,9.171078546017677
3011519,428.1462098262132
3011520,9.171078546017677
3011521,1074.4892702315606
3011522,682.3146771210834
3011523,202.7214068615774
3011524,232.23172375211436
3011525,124.02744467179632
3011526,3069.2706892782917
3011527,42.877041845760246
3011528,10.586541912652281
3011529,9.171078546017677
3011530,9.171078546017677
3011531,9.625208252093824
3011532,9.171078546017677
3011533,9.171078546017677
3011534,12.201568265834728
3011535,37.2275522759105
3011536,79.81142375327391
3011537,9.171078546017677
3011538,411.36300630696786
3011539,234.66286373807716
3011540,9.171078546017677
3011541,9.171078546017677
3011542,217.93448231822376
3011543,178.65319867918356
3011544,9.171078546017677
3011545,9.171078546017677
3011546,50.87907496635949
3011547,12.280171472894319
3011548,5.134630552267005
3011549,9.080443437711175
3011550,888.8480750961825
3011551,5.134630552267005
3011552,560.2802986461866
3011553,5.134630552267005
3011554,1415.4419678442878
3011555,282.31150042472046
3011556,353.3561479177799
3011557,118.56978982945151
3011558,45.345473945878176
3011559,4421.814599719955
3011560,23.644081500127733
3011561,6.408518215483219
3011562,5.134630552267005
3011563,5.134630552267005
3011564,5.105128348460104
3011565,5.134630552267005
3011566,5.134630552267005
3011567,5.354918930492804
3011568,15.240064448579545
3011569,22.068378572274412
3011570,5.134630552267005
3011571,338.18898364716813
3011572,336.40422908001614
3011573,5.134630552267005
3011574,5.134630552267005
3011575,348.507806747073
3011576,59.94164136070435
3011577,5.134630552267005
3011578,5.134630552267005
3011579,20.215705572785684
3011580,2.1252960559011056
3011581,0.0
3011582,0.7100821975536395
3011583,850.985756668169
3011584,0.0
3011585,271.70779966697796
3011586,0.0
3011587,737.2210043560164
3011588,345.2055893006344
3011589,118.58642063247946
3011590,132.03022122491035
3011591,68.71884868267009
3011592,1856.573915290995
3011593,24.206316022838756
3011594,0.3912113152883343
3011595,0.0
3011596,0.0
3011597,0.0
3011598,0.0
3011599,0.0
3011600,1.5604134912254177
3011601,10.861262466976324
3011602,59.34955628344405
3011603,0.0
3011604,271.0192905677923
3011605,117.66017128582672
3011606,0.0
3011607,0.0
3011608,166.8232248648113
3011609,59.45586838112271
3011610,0.0
3011611,0.0
3011612,20.143407337538502
3011613,1.1700737464676823
3011614,0.0
3011615,0.0
3011616,406.84395522835257
3011617,0.0
3011618,138.76605058638728
3011619,0.0
3011620,750.9312723862577
3011621,106.17569227000303
3011622,171.41548692315885
3011623,39.925447864270296
3011624,16.935543749184816
3011625,1953.2224873148728
3011626,6.299313911800395
3011627,0.0
3011628,0.0
3011629,0.0
3011630,0.0
3011631,0.0
3011632,0.0
3011633,0.0
3011634,4.236079251161452
3011635,8.39492111676398
3011636,0.0
3011637,236.12625778451837
3011638,169.6930500972081
3011639,0.0
3011640,0.0
3011641,113.53307781496137
3011642,20.902730516589074
3011643,0.0
3011644,0.0
3011645,2.697182457497509
3011646,11.427137904263105
3011647,5.54912972005666
3011648,9.486624291072125
3011649,1788.2276811731322
3011650,5.54912972005666
3011651,474.68161856687374
3011652,5.54912972005666
3011653,1766.8523207559874
3011654,191.66231159109262
3011655,263.3846268181115
3011656,73.7509346815114
3011657,42.89480853625868
3011658,4896.7162919553675
3011659,21.64516017148302
3011660,6.92048544404356
3011661,5.54912972005666
3011662,5.54912972005666
3011663,5.650210776586066
3011664,5.54912972005666
3011665,5.54912972005666
3011666,6.292349282524141
3011667,14.680078894595763
3011668,25.807932907076943
3011669,5.54912972005666
3011670,579.7462893873071
3011671,312.85228673085317
3011672,5.54912972005666
3011673,5.54912972005666
3011674,342.6606583870747
3011675,39.82784332172572
3011676,5.54912972005666
3011677,5.54912972005666
3011678,11.065094586222445
3011679,2.178536029441889
3011680,0.0
3011681,0.0
3011682,577.2532508956773
3011683,0.0
3011684,199.34145878842037
3011685,0.0
3011686,728.1760128947603
3011687,131.39595773827398
3011688,130.713636621174
3011689,45.616327756332566
3011690,21.329900889082218
3011691,2078.7013993644123
3011692,6.56041413000786
3011693,0.34588853541659215
3011694,0.0
3011695,0.0
3011696,0.0
3011697,0.0
3011698,0.0
3011699,0.0
3011700,6.223272914651555
3011701,16.239984654686648
3011702,0.0
3011703,160.33467698925313
3011704,128.38299903286213
3011705,0.0
3011706,0.0
3011707,66.7215725263324
3011708,28.881196398239798
3011709,0.0
3011710,0.0
3011711,3.1664616395651617
3011712,3.2965673587111066
3011713,0.0
3011714,0.15541294117733595
3011715,599.6776799236331
3011716,0.0
3011717,205.8204983731581
3011718,0.0
3011719,694.9898940780895
3011720,118.61745407603783
3011721,104.78980009748261
3011722,37.052218079253244
3011723,16.943051921015208
3011724,1926.2330156538567
3011725,6.1528265814502525
3011726,0.0
3011727,0.0
3011728,0.0
3011729,0.0
3011730,0.0
3011731,0.0
3011732,0.0
3011733,4.170731442265668
3011734,12.598523282475789
3011735,0.0
3011736,173.78351575408465
3011737,139.43912043483277
3011738,0.0
3011739,0.0
3011740,66.89886857912131
3011741,25.462086201354076
3011742,0.0
3011743,0.0
3011744,1.463383990525791
3011745,2.371264651360182
3011746,0.0
3011747,1.1869556934513854
3011748,408.8079660769616
3011749,0.0
3011750,226.61324256987876
3011751,0.0
3011752,1000.8529667809639
3011753,134.58294838311437
3011754,124.96601029442873
3011755,45.455176475609385
3011756,26.138610695903665
3011757,2174.355167601617
3011758,7.686170085975437
3011759,0.0
3011760,0.0
3011761,0.0
3011762,0.0
3011763,0.0
3011764,0.0
3011765,0.0
3011766,7.569173984826945
3011767,16.34809549914676
3011768,0.0
3011769,382.88859158936725
3011770,244.2074400625421
3011771,0.0
3011772,0.0
3011773,77.34880845278933
3011774,42.64510651024004
3011775,0.0
3011776,0.0
3011777,6.053123278805859
3011778,1.2220037572097735
3011779,0.0
3011780,0.5260751815441909
3011781,517.7920074698652
3011782,0.0
3011783,184.07575810774387
3011784,0.0
3011785,770.9832063133276
3011786,128.54111086384643
3011787,167.24717269340897
3011788,48.22038406305791
3011789,21.67196971856923
3011790,2088.4630239341022
3011791,7.027307674821316
3011792,0.0
3011793,0.0
3011794,0.0
3011795,0.0
3011796,0.0
3011797,0.0
3011798,0.0
3011799,4.007184606523245
3011800,19.46272931786894
3011801,0.0
3011802,137.51837952072074
3011803,150.84546368152456
3011804,0.0
3011805,0.0
3011806,60.94484510981443
3011807,25.92530796757831
3011808,0.0
3011809,0.0
3011810,3.989793326504132
3011811,4.1843738526428895
3011812,0.0
3011813,0.04786840133263537
3011814,374.4426844297528
3011815,0.0
3011816,212.8728611384231
3011817,0.0
3011818,864.5140919439814
3011819,115.1464657049346
3011820,171.2005767489723
3011821,90.31215482907099
3011822,22.463874250579714
3011823,2141.2912418711494
3011824,8.522625363399822
3011825,0.0
3011826,0.0
3011827,0.0
3011828,0.0
3011829,0.0
3011830,0.0
3011831,0.0
3011832,2.5782743039016793
3011833,15.351664187908337
3011834,0.0
3011835,115.14331258154114
3011836,188.99539680617815
3011837,0.0
3011838,0.0
3011839,80.94884445004836
3011840,41.70263042846487
3011841,0.0
3011842,0.0
3011843,4.002074063145614
3011844,4.673822641167142
3011845,0.0
3011846,0.0
3011847,759.6579891309945
3011848,0.0
3011849,193.84394348341198
3011850,0.0
3011851,840.5221445003037
3011852,169.1984927772524
3011853,202.90991550390603
3011854,71.65213048004486
3011855,35.08124013277977
3011856,2353.1221512563925
3011857,7.283210764431335
3011858,0.0
3011859,0.0
3011860,0.0
3011861,0.0
3011862,0.0
3011863,0.0
3011864,0.0
3011865,2.7525313683389205
3011866,13.81372895989733
3011867,0.0
3011868,207.77193030181058
3011869,153.98483886757873
3011870,0.0
3011871,0.0
3011872,149.05304322361383
3011873,41.75302786501227
3011874,0.0
3011875,0.0
3011876,5.856504866612528
3011877,2.4076900246593573
3011878,0.0
3011879,0.0
3011880,628.3142029148624
3011881,0.0
3011882,597.9900575212645
3011883,0.0
3011884,558.377765731286
3011885,216.2173389965948
3011886,135.5471923418471
3011887,110.64350610681083
3011888,41.315591869836034
3011889,1793.9247991872292
3011890,15.477992978603297
3011891,0.0
3011892,0.0
3011893,0.0
3011894,0.0
3011895,0.0
3011896,0.0
3011897,0.0
3011898,4.146693379171202
3011899,32.206573230694424
3011900,0.0
3011901,118.79888133255216
3011902,100.88755269569226
3011903,0.0
3011904,0.0
3011905,105.31223009690389
3011906,39.051394556025286
3011907,0.0
3011908,0.0
3011909,9.100007726118834
3011910,2.8783658858833556
3011911,0.0
3011912,0.10559201846092026
3011913,889.4314875822967
3011914,0.0
3011915,169.28469929165453
3011916,0.0
3011917,701.0194994669632
3011918,93.76688439461253
3011919,119.24475805157807
3011920,44.93829338802426
3011921,22.765850801977727
3011922,1829.77113747422
3011923,5.6459830008390774
3011924,0.044473316764518156
3011925,0.0
3011926,0.0
3011927,0.0
3011928,0.0
3011929,0.0
3011930,0.0
3011931,1.4565426782593405
3011932,20.46949647061133
3011933,0.0
3011934,146.13781487221675
3011935,121.78757273466495
3011936,0.0
3011937,0.0
3011938,55.445269993677506
3011939,34.816521725408904
3011940,0.0
3011941,0.0
3011942,4.06324427979532
3011943,5.8990839123531424
3011944,2.9162846176356956
3011945,6.385852851099367
3011946,889.9302010789312
3011947,2.9162846176356956
3011948,275.5710218784676
3011949,2.9162846176356956
3011950,841.17250511102
3011951,338.8132838445904
3011952,153.40320527395616
3011953,132.3428959894941
3011954,69.39105883573039
3011955,2343.040591685075
3011956,25.61804555228079
3011957,3.581768054102814
3011958,2.9162846176356956
3011959,2.9162846176356956
3011960,2.8578170028634773
3011961,2.9162846176356956
3011962,2.9162846176356956
3011963,7.8885411487918375
3011964,21.294052730937725
3011965,33.97430019154472
3011966,2.9162846176356956
3011967,439.5176703446781
3011968,158.5206174005433
3011969,2.9162846176356956
3011970,2.9162846176356956
3011971,209.20822816596572
3011972,76.31876337635097
3011973,2.9162846176356956
3011974,2.9162846176356956
3011975,20.617655604903565
3011976,0.0
3011977,0.0
3011978,0.0
3011979,25.194627363573773
3011980,0.0
3011981,35.51376888719094
3011982,0.0
3011983,37.659763071696155
3011984,34.51976773435234
3011985,14.645641602113866
3011986,6.301157881933975
3011987,0.0
3011988,20.687495843327675
3011989,0.0
3011990,0.0
3011991,0.0
3011992,0.0
3011993,0.0
3011994,0.0
3011995,0.0
3011996,0.0
3011997,0.0
3011998,0.0
3011999,0.0
3012000,37.14062991456829
3012001,17.488169917488676
3012002,0.0
3012003,0.0
3012004,13.657236875474748
3012005,0.0
3012006,0.0
3012007,0.0
3012008,0.0
3012009,0.0
3012010,0.0
3012011,0.0
3012012,27.168631960195917
3012013,0.0
3012014,38.25156543975421
3012015,0.0
3012016,39.18804294110519
3012017,33.01432399719177
3012018,14.182878990004149
3012019,5.392042885011205
3012020,0.0
3012021,30.565506342943095
3012022,0.0
3012023,0.0
3012024,0.0
3012025,0.0
3012026,0.0
3012027,0.0
3012028,0.0
3012029,0.0
3012030,0.0
3012031,0.0
3012032,0.0
3012033,35.27644059168532
3012034,17.650244515172854
3012035,0.0
3012036,0.0
3012037,12.158987991951435
3012038,0.0
3012039,0.0
3012040,0.0
3012041,0.0
3012042,0.0
3012043,0.0
3012044,0.0
3012045,26.740376488222765
3012046,0.0
3012047,36.17226165572449
3012048,0.0
3012049,39.17241332242502
3012050,33.19985370119412
3012051,15.024319246365778
3012052,5.648111013423804
3012053,0.0
3012054,21.340868379626027
3012055,0.0
3012056,0.0
3012057,0.0
3012058,0.0
3012059,0.0
3012060,0.0
3012061,0.0
3012062,0.0
3012063,0.0
3012064,0.0
3012065,0.0
3012066,34.04638020938671
3012067,18.06423407409821
3012068,0.0
3012069,0.0
3012070,12.850305397294086
3012071,0.0
3012072,0.0
3012073,0.0
3012074,0.0
3012075,1.4830154116672736
3012076,0.0
3012077,0.0
3012078,547.9912707589723
3012079,0.0
3012080,262.6096470237209
3012081,0.0
3012082,634.5687124726505
3012083,230.2163190777398
3012084,122.57949557980758
3012085,61.73016780552288
3012086,45.10905236986804
3012087,1771.9469644044914
3012088,15.460111216343442
3012089,0.0
3012090,0.0
3012091,0.0
3012092,0.0
3012093,0.0
3012094,0.0
3012095,0.0
3012096,6.320082394894469
3012097,27.82163932412477
3012098,0.0
3012099,1491.2901209889562
3012100,136.13231598576087
3012101,0.0
3012102,0.0
3012103,129.50479213838017
3012104,44.55051414302349
3012105,0.0
3012106,0.0
3012107,15.88357821754839
3012108,12.127198432228722
3012109,8.356579322341075
3012110,10.19010494041112
3012111,1427.3595595288914
3012112,8.356579322341075
3012113,442.7886093684533
3012114,8.356579322341075
3012115,1075.76812752583
3012116,520.9300987941575
3012117,198.9572064271015
3012118,189.33141930472664
3012119,85.62133131155208
3012120,3010.4907145940297
3012121,30.26756011397098
3012122,8.652392986572748
3012123,8.356579322341075
3012124,8.356579322341075
3012125,8.298111707568857
3012126,8.356579322341075
3012127,8.356579322341075
3012128,10.733218757395663
3012129,15.04534837880778
3012130,53.97020461609072
3012131,8.356579322341075
3012132,365.6236711335029
3012133,223.7688797921631
3012134,8.356579322341075
3012135,8.356579322341075
3012136,260.1456167336618
3012137,103.80962967388507
3012138,8.356579322341075
3012139,8.356579322341075
3012140,39.01224573195064
3012141,2.5124627497873515
3012142,0.0
3012143,0.0
3012144,1165.2165678453757
3012145,0.0
3012146,221.77665039922536
3012147,0.0
3012148,534.0447209866525
3012149,273.7436048845869
3012150,129.3370510541416
3012151,101.52268711018128
3012152,47.39870336862112
3012153,1617.9780629012366
3012154,13.854863915990396
3012155,0.0
3012156,0.0
3012157,0.0
3012158,0.0
3012159,0.0
3012160,0.0
3012161,1.3680766182768376
3012162,11.935295687760782
3012163,64.8394881100917
3012164,0.0
3012165,206.83198957263622
3012166,104.12882354325612
3012167,0.0
3012168,0.0
3012169,101.30355478758547
3012170,70.13508654263026
3012171,0.0
3012172,0.0
3012173,3.905203938441523
3012174,3.307461231530744
3012175,0.0
3012176,0.0
3012177,409.7862135877504
3012178,0.0
3012179,241.2177321893565
3012180,0.0
3012181,556.0525784196643
3012182,161.91372775309495
3012183,108.72438325833774
3012184,63.22479464636655
3012185,26.91027953011086
3012186,1623.3332333281137
3012187,6.557527113806431
3012188,0.26229633542874486
3012189,0.0
3012190,0.0
3012191,0.0
3012192,0.0
3012193,0.0
3012194,0.0
3012195,5.751298145233582
3012196,15.203867626518992
3012197,0.0
3012198,216.3617568661704
3012199,174.74832772900493
3012200,0.0
3012201,0.0
3012202,136.5205826167372
3012203,34.22455484808796
3012204,0.0
3012205,0.0
3012206,3.0239536892669507
3012207,3.1191631920650362
3012208,0.0
3012209,1.2182162248151505
3012210,698.7916062835941
3012211,0.0
3012212,312.3591868318822
3012213,0.0
3012214,574.7008261067265
3012215,272.6876435581932
3012216,141.90386451689778
3012217,145.6798079077793
3012218,47.230353774893054
3012219,1775.210517898189
3012220,19.82154498897781
3012221,0.21785646059952413
3012222,0.0
3012223,0.0
3012224,0.0
3012225,0.0
3012226,0.0
3012227,0.33060663466567
3012228,7.566796085854005
3012229,36.34883463817994
3012230,0.0
3012231,167.43499870120965
3012232,133.63257215017902
3012233,0.0
3012234,0.0
3012235,164.79274359366826
3012236,61.489863052764065
3012237,0.0
3012238,0.0
3012239,16.8070266197661
3012240,3.2185570802554864
3012241,0.0
3012242,0.008795833237176032
3012243,494.32375453376596
3012244,0.0
3012245,358.1264178216394
3012246,0.0
3012247,570.7590047490713
3012248,187.7275100716083
3012249,133.652368569462
3012250,85.40948506234444
3012251,33.00093290948757
3012252,1769.9082913288355
3012253,8.668305857566132
3012254,0.0
3012255,0.0
3012256,0.0
3012257,0.0
3012258,0.0
3012259,0.0
3012260,0.0
3012261,4.455712197792592
3012262,44.431640452309004
3012263,0.0
3012264,134.42029576987701
3012265,148.0948785989071
3012266,0.0
3012267,0.0
3012268,120.76530214142241
3012269,42.091985347743325
3012270,0.0
3012271,0.0
3012272,4.257454499984447
3012273,0.0
3012274,0.0
3012275,0.0
3012276,28.426869636822502
3012277,0.0
3012278,38.28444453259671
3012279,0.0
3012280,40.267062667370794
3012281,32.724319698849364
3012282,15.2462684913856
3012283,6.094423801878577
3012284,0.0
3012285,19.33123633801954
3012286,0.0
3012287,0.0
3012288,0.0
3012289,0.0
3012290,0.0
3012291,0.0
3012292,0.0
3012293,0.0
3012294,0.0
3012295,0.0
3012296,0.0
3012297,36.21385799385915
3012298,17.77584227259151
3012299,0.0
3012300,0.0
3012301,13.500542059701996
3012302,0.0
3012303,0.0
3012304,0.0
3012305,0.0
3012306,20.988849592973317
3012307,15.319952260327746
3012308,20.00786572519181
3012309,2708.7662849480857
3012310,15.319952260327746
3012311,645.4292349185972
3012312,15.319952260327746
3012313,1621.1238420859795
3012314,923.8617862108946
3012315,279.12193554486976
3012316,384.5650146926612
3012317,209.97414509458616
3012318,4695.458898698428
3012319,64.89108649915072
3012320,17.91288217691995
3012321,15.319952260327746
3012322,15.319952260327746
3012323,16.542859911946692
3012324,15.319952260327746
3012325,15.319952260327746
3012326,22.625453783918427
3012327,50.77177869672178
3012328,99.18571365889045
3012329,15.319952260327746
3012330,545.186510726158
3012331,303.64815327688206
3012332,15.319952260327746
3012333,15.319952260327746
3012334,389.103375208664
3012335,246.7256470726773
3012336,15.319952260327746
3012337,15.319952260327746
3012338,89.25297851908148
3012339,0.0
3012340,0.0
3012341,0.0
3012342,331.7628354750992
3012343,0.0
3012344,139.26923864103028
3012345,0.0
3012346,394.22732394273896
3012347,116.81224157193286
3012348,68.69100490414795
3012349,51.0280896164166
3012350,13.41978408198273
3012351,1142.5935038720936
3012352,2.2871754482776137
3012353,0.0
3012354,0.0
3012355,0.0
3012356,0.0
3012357,0.0
3012358,0.0
3012359,0.0
3012360,0.0
3012361,16.618462003805885
3012362,0.0
3012363,98.7580626929327
3012364,78.18824971568958
3012365,0.0
3012366,0.0
3012367,73.50772559451401
3012368,17.986292501004947
3012369,0.0
3012370,0.0
3012371,0.0
3012372,6.57268801658331
3012373,0.0
3012374,0.22493442389109464
3012375,567.8928933449392
3012376,0.0
3012377,329.3204928415858
3012378,0.0
3012379,836.2154020791876
3012380,201.89957314679654
3012381,142.7099539799186
3012382,75.62225435545176
3012383,19.821493705347798
3012384,2416.540072225471
3012385,9.598472237018418
3012386,0.0
3012387,0.0
3012388,0.0
3012389,0.0
3012390,0.0
3012391,0.0
3012392,0.0
3012393,2.179929656506528
3012394,19.86366176220984
3012395,0.0
3012396,184.50709686631808
3012397,203.223123189295
3012398,0.0
3012399,0.0
3012400,85.91615156017663
3012401,56.474139282816346
3012402,0.0
3012403,0.0
3012404,2.5205632997932845
3012405,0.0
3012406,0.0
3012407,0.0
3012408,176.2168645328165
3012409,0.0
3012410,107.75166955083047
3012411,0.0
3012412,438.6295873980413
3012413,94.79880514144266
3012414,79.35862500241761
3012415,30.040623937966892
3012416,13.747380647593857
3012417,1118.5678456602348
3012418,2.2497932203282307
3012419,0.0
3012420,0.0
3012421,0.0
3012422,0.0
3012423,0.0
3012424,0.0
3012425,0.0
3012426,0.7913991836259049
3012427,14.331884766938431
3012428,0.0
3012429,101.01349629516976
3012430,119.62100824321944
3012431,0.0
3012432,0.0
3012433,68.4148199043501
3012434,20.122497802490567
3012435,0.0
3012436,0.0
3012437,0.0
3012438,3.0487529453470623
3012439,0.0
3012440,0.03775415520547898
3012441,548.4505726836
3012442,0.0
3012443,212.19945205918782
3012444,0.0
3012445,854.6070572794417
3012446,152.58084574623877
3012447,144.878684738574
3012448,95.57589777475117
3012449,37.59203066144246
3012450,2242.0239903013644
3012451,6.740381232458201
3012452,0.0
3012453,0.0
3012454,0.0
3012455,0.0
3012456,0.0
3012457,0.0
3012458,0.0
3012459,5.588841393790492
3012460,32.58188196015491
3012461,0.0
3012462,194.4001600862959
3012463,174.64975728092426
3012464,0.0
3012465,0.0
3012466,93.33804420807309
3012467,39.01884111362649
3012468,0.0
3012469,0.0
3012470,1.3338540236535161
3012471,1.4524713554776416
3012472,0.0
3012473,0.012062136943095991
3012474,807.4283027862382
3012475,0.0
3012476,537.8200007195545
3012477,0.0
3012478,781.8664892788083
3012479,196.43710612282362
3012480,201.44042155718924
3012481,63.0803992188833
3012482,30.385377626831563
3012483,2604.324155629821
3012484,15.676708525885363
3012485,0.33625587347860164
3012486,0.0
3012487,0.0
3012488,0.0
3012489,0.0
3012490,0.0
3012491,0.0
3012492,9.526773756706238
3012493,45.713605936890154
3012494,0.0
3012495,203.24775505935426
3012496,237.92979504849856
3012497,0.0
3012498,0.0
3012499,116.78740421168531
3012500,46.81301613062882
3012501,0.0
3012502,0.0
3012503,2.199204247656662
3012504,0.0
3012505,0.0
3012506,0.0
3012507,433.6280817314015
3012508,0.0
3012509,118.39240672645373
3012510,0.0
3012511,427.6970054782329
3012512,92.74614614985175
3012513,69.0332614715875
3012514,42.27083571102205
3012515,12.036387139294593
3012516,1222.9121849997753
3012517,2.289791878841247
3012518,0.0
3012519,0.0
3012520,0.0
3012521,0.0
3012522,0.0
3012523,0.0
3012524,0.0
3012525,0.0
3012526,11.008301876639182
3012527,0.0
3012528,138.6237515066138
3012529,91.51357218964426
3012530,0.0
3012531,0.0
3012532,41.49385636961635
3012533,18.675097384964687
3012534,0.0
3012535,0.0
3012536,0.0
3012537,0.0
3012538,0.0
3012539,0.0
3012540,25.264570859592958
3012541,0.0
3012542,37.16314557406637
3012543,0.0
3012544,35.61559769530668
3012545,31.94175896118326
3012546,14.172466989304112
3012547,4.494236087856457
3012548,0.0
3012549,18.499990470366516
3012550,0.0
3012551,0.0
3012552,0.0
3012553,0.0
3012554,0.0
3012555,0.0
3012556,0.0
3012557,0.0
3012558,0.0
3012559,0.0
3012560,0.0
3012561,35.12248325043315
3012562,17.364233257586985
3012563,0.0
3012564,0.0
3012565,11.930850641710013
3012566,0.0
3012567,0.0
3012568,0.0
3012569,0.0
3012570,8.010839408878853
3012571,3.0983618520270397
3012572,6.1654495682429244
3012573,743.5824104943775
3012574,3.0983618520270397
3012575,384.7129911120488
3012576,3.0983618520270397
3012577,1110.2936043526395
3012578,439.1178207050887
3012579,113.17928574879184
3012580,140.5029526527858
3012581,129.66971076093583
3012582,3050.7460840201
3012583,46.99369852052585
3012584,4.27227609527818
3012585,3.0983618520270397
3012586,3.0983618520270397
3012587,3.4912187283173797
3012588,3.0983618520270397
3012589,3.0983618520270397
3012590,9.272759452654505
3012591,17.118638905177278
3012592,65.61429942157596
3012593,3.0983618520270397
3012594,226.66776620196885
3012595,225.17971549733278
3012596,3.0983618520270397
3012597,3.0983618520270397
3012598,108.69688198661022
3012599,131.2136677573416
3012600,3.0983618520270397
3012601,3.0983618520270397
3012602,18.063022100078218
3012603,5.192181386167928
3012604,0.9857304421876005
3012605,2.5494280668126947
3012606,507.834600772604
3012607,0.9857304421876005
3012608,311.7835830368688
3012609,0.9857304421876005
3012610,791.1069841208762
3012611,312.51621043191017
3012612,131.7052051868761
3012613,101.4324312053784
3012614,87.21908761213786
3012615,2370.533440122749
3012616,23.2393899113846
3012617,1.8333652783907395
3012618,0.9857304421876005
3012619,0.9857304421876005
3012620,0.9272628274153827
3012621,0.9857304421876005
3012622,0.9857304421876005
3012623,2.247768094726968
3012624,20.03990657201457
3012625,40.208035648607066
3012626,0.9857304421876005
3012627,173.19007625977366
3012628,215.8628866697707
3012629,0.9857304421876005
3012630,0.9857304421876005
3012631,77.22549348562983
3012632,110.56425865467368
3012633,0.9857304421876005
3012634,0.9857304421876005
3012635,16.485837716894068
3012636,5.051442366821918
3012637,0.0
3012638,0.5670652696611729
3012639,612.6075047922825
3012640,0.0
3012641,667.3495225180552
3012642,0.0
3012643,1002.9416415974888
3012644,180.48354752047038
3012645,108.5513046396712
3012646,96.68842172564656
3012647,39.536368040035725
3012648,2572.0046286464885
3012649,24.340578224297666
3012650,0.9733632794692779
3012651,0.0
3012652,0.0
3012653,0.0
3012654,0.0
3012655,0.0
3012656,0.9395221761866068
3012657,8.006683818124333
3012658,26.417787568177264
3012659,0.0
3012660,151.76843222482765
3012661,225.87730548813457
3012662,0.0
3012663,0.0
3012664,86.60204290416438
3012665,52.08217933427501
3012666,0.0
3012667,0.0
3012668,10.281734429880803
3012669,6.706490441283929
3012670,2.5060225724774137
3012671,5.416410700807776
3012672,801.9118847058785
3012673,2.5060225724774137
3012674,266.24086250743346
3012675,2.5060225724774137
3012676,792.3418394641717
3012677,323.72087270561224
3012678,154.9997953938077
3012679,132.93594310516778
3012680,58.596593813152765
3012681,2307.279171036057
3012682,30.728547411947503
3012683,3.5068114705371514
3012684,2.5060225724774137
3012685,2.5060225724774137
3012686,2.6370190048758735
3012687,2.5060225724774137
3012688,2.5060225724774137
3012689,6.297460653589535
3012690,20.28832038063355
3012691,27.929111586229478
3012692,2.5060225724774137
3012693,303.3650682753578
3012694,171.62594883533103
3012695,2.5060225724774137
3012696,2.5060225724774137
3012697,219.38520203867205
3012698,88.040846203438
3012699,2.5060225724774137
3012700,2.5060225724774137
3012701,25.548150375459727
3012702,1.0185792013002035
3012703,0.0
3012704,0.1300288443444313
3012705,590.4649314789614
3012706,0.0
3012707,230.49196217731418
3012708,0.0
3012709,771.767452137152
3012710,150.91149654566013
3012711,126.55425292795115
3012712,83.79177813652625
3012713,19.08018447244411
3012714,2082.210924058726
3012715,8.056467831802191
3012716,0.21467637292426756
3012717,0.0
3012718,0.0
3012719,0.0
3012720,0.0
3012721,0.0
3012722,0.0
3012723,2.7618146318030483
3012724,16.25685360274614
3012725,0.0
3012726,91.78184226904044
3012727,159.88718605420647
3012728,0.0
3012729,0.0
3012730,81.74317783623246
3012731,30.641573813962836
3012732,0.0
3012733,0.0
3012734,2.0188567751503603
3012735,1.959558481904632
3012736,0.0
3012737,0.5128028959047555
3012738,461.7789559379929
3012739,0.0
3012740,195.2703003960282
3012741,0.0
3012742,519.2738046099112
3012743,204.7889720316224
3012744,116.86526444807532
3012745,80.36714693115178
3012746,64.59045677010299
3012747,1421.1677640847292
3012748,14.05670558739448
3012749,0.0
3012750,0.0
3012751,0.0
3012752,0.0
3012753,0.0
3012754,0.0
3012755,0.08892515938892065
3012756,14.43863089975109
3012757,21.277571033420703
3012758,0.0
3012759,127.49298082772853
3012760,140.3823434598857
3012761,0.0
3012762,0.0
3012763,80.5754394319897
3012764,56.21760201162763
3012765,0.0
3012766,0.0
3012767,5.128558352090431
3012768,0.0
3012769,0.0
3012770,0.0
3012771,26.067282326957066
3012772,0.0
3012773,35.5241678574271
3012774,0.0
3012775,36.412373005654665
3012776,32.834724354137535
3012777,14.715681209844522
3012778,6.5425700784476675
3012779,0.0
3012780,27.25091776288471
3012781,0.0
3012782,0.0
3012783,0.0
3012784,0.0
3012785,0.0
3012786,0.0
3012787,0.0
3012788,0.0
3012789,0.0
3012790,0.0
3012791,0.0
3012792,35.227704557384016
3012793,18.44079825812091
3012794,0.0
3012795,0.0
3012796,13.60756452334773
3012797,0.0
3012798,0.0
3012799,0.0
3012800,0.0
3012801,4.475395852416647
3012802,0.0
3012803,0.0
3012804,825.523535920557
3012805,0.0
3012806,187.81821365294297
3012807,0.0
3012808,688.4424344078441
3012809,96.23207756275522
3012810,113.94734115587335
3012811,67.52443778270307
3012812,19.514966881686263
3012813,1879.001768021264
3012814,5.750965789131929
3012815,0.0
3012816,0.0
3012817,0.0
3012818,0.0
3012819,0.0
3012820,0.0
3012821,0.0
3012822,4.865364144995392
3012823,67.64853320703895
3012824,0.0
3012825,141.3629609242428
3012826,139.51619610142515
3012827,0.0
3012828,0.0
3012829,85.73465690557514
3012830,40.450125161752666
3012831,0.0
3012832,0.0
3012833,0.38437323287624947
3012834,34.24822141388911
3012835,22.231661199619
3012836,25.117250431048387
3012837,3301.9732485127133
3012838,22.231661199619
3012839,717.3379381494251
3012840,22.231661199619
3012841,2118.171040581483
3012842,1220.964545466563
3012843,405.9192339071931
3012844,448.22179320087366
3012845,289.9044858183579
3012846,8046.571312039538
3012847,78.09295431978488
3012848,25.215799947194043
3012849,22.231661199619
3012850,22.231661199619
3012851,23.185330468416456
3012852,22.231661199619
3012853,22.231661199619
3012854,25.516269104838507
3012855,39.30388432221661
3012856,165.366453769224
3012857,22.231661199619
3012858,711.2929581589118
3012859,655.280730526055
3012860,22.231661199619
3012861,22.231661199619
3012862,379.5356025264961
3012863,327.88962240319967
3012864,22.231661199619
3012865,22.231661199619
3012866,100.55299912068425
3012867,29.85151653501659
3012868,16.359419738000852
3012869,21.89945694820783
3012870,2121.321715534491
3012871,16.359419738000852
3012872,597.5403336407303
3012873,16.359419738000852
3012874,1815.0719243128892
3012875,765.0926471166266
3012876,402.360502157977
3012877,294.58775556233667
3012878,229.12419821463342
3012879,5538.039088706147
3012880,72.07512862405397
3012881,17.295244515655064
3012882,16.359419738000852
3012883,16.359419738000852
3012884,16.962705398490243
3012885,16.359419738000852
3012886,16.359419738000852
3012887,21.01142636054827
3012888,24.521320697186013
3012889,85.03542548067647
3012890,16.359419738000852
3012891,893.4131006941936
3012892,347.58741442235424
3012893,16.359419738000852
3012894,16.359419738000852
3012895,454.5632728274181
3012896,206.2310941972617
3012897,16.359419738000852
3012898,16.359419738000852
3012899,82.10366458134125
3012900,24.152954282071043
3012901,12.066354100488464
3012902,19.455418260662388
3012903,1534.3974065106684
3012904,12.066354100488464
3012905,409.9229928436499
3012906,12.066354100488464
3012907,1765.8759455245674
3012908,538.6174986626763
3012909,501.0391640623103
3012910,160.36721852190297
3012911,162.9050855843603
3012912,5368.346435411831
3012913,45.808550696140706
3012914,12.893463664914778
3012915,12.066354100488464
3012916,12.066354100488464
3012917,12.792334119615894
3012918,12.066354100488464
3012919,12.066354100488464
3012920,15.08851987395197
3012921,36.88440404880009
3012922,62.93801328129376
3012923,12.066354100488464
3012924,1086.4476714534421
3012925,453.1691601667077
3012926,12.066354100488464
3012927,12.066354100488464
3012928,570.5408323639908
3012929,136.85908421466905
3012930,12.066354100488464
3012931,12.066354100488464
3012932,42.950804305631785
3012933,25.686553417403495
3012934,15.503734516821016
3012935,20.259414617855118
3012936,2065.0640266861437
3012937,15.503734516821016
3012938,612.5364055515392
3012939,15.503734516821016
3012940,1780.4183902475208
3012941,775.3144462112755
3012942,403.8640954466015
3012943,244.44642661193222
3012944,172.45821305496636
3012945,5533.539122642295
3012946,47.80225306081158
3012947,16.812564731005413
3012948,15.503734516821016
3012949,15.503734516821016
3012950,16.118362859102522
3012951,15.503734516821016
3012952,15.503734516821016
3012953,23.32784044922738
3012954,20.89832447240062
3012955,74.72641495606504
3012956,15.503734516821016
3012957,808.1831005370947
3012958,416.3398712665354
3012959,15.503734516821016
3012960,15.503734516821016
3012961,547.7723879530536
3012962,198.7431989658703
3012963,15.503734516821016
3012964,15.503734516821016
3012965,71.27294178476933
3012966,13.951812340340672
3012967,8.274759506416512
3012968,12.865821941904514
3012969,1094.1676340416786
3012970,8.274759506416512
3012971,421.3441700980529
3012972,8.274759506416512
3012973,1596.837049760731
3012974,380.34355942567345
3012975,402.15005228565263
3012976,113.74460550254815
3012977,111.71692602184672
3012978,4687.933093660192
3012979,27.21219865549117
3012980,9.001545721053391
3012981,8.274759506416512
3012982,8.274759506416512
3012983,8.216291891644293
3012984,8.274759506416512
3012985,8.274759506416512
3012986,8.88605463553764
3012987,16.5967351873157
3012988,48.933100735506244
3012989,8.274759506416512
3012990,833.5734548048754
3012991,368.1454111443126
3012992,8.274759506416512
3012993,8.274759506416512
3012994,559.31694387029
3012995,97.38978599228447
3012996,8.274759506416512
3012997,8.274759506416512
3012998,24.744503302267926
3012999,10.814067826046593
3013000,6.3178532274679515
3013001,9.615229981971053
3013002,1439.8734311334665
3013003,6.3178532274679515
3013004,355.3861178428724
3013005,6.3178532274679515
3013006,924.0057612367483
3013007,525.2308782191014
3013008,169.61551679883164
3013009,193.10311723867088
3013010,139.03720092520396
3013011,2758.6928737530516
3013012,36.49900420369808
3013013,6.7326054521373315
3013014,6.3178532274679515
3013015,6.3178532274679515
3013016,6.877636713989524
3013017,6.3178532274679515
3013018,6.3178532274679515
3013019,12.160829221187385
3013020,15.443234818164754
3013021,50.70867069963268
3013022,6.3178532274679515
3013023,334.3526531027838
3013024,168.20968819543407
3013025,6.3178532274679515
3013026,6.3178532274679515
3013027,178.18856490402283
3013028,165.23665474968482
3013029,6.3178532274679515
3013030,6.3178532274679515
3013031,42.3386550171733
3013032,5.172963252016384
3013033,0.6862218557962771
3013034,2.919924973380687
3013035,680.5922682264944
3013036,0.6862218557962771
3013037,310.0670169634659
3013038,0.6862218557962771
3013039,1024.1496479067553
3013040,274.3020204324531
3013041,224.0634230114681
3013042,127.539066840548
3013043,89.27141048617946
3013044,2684.626523479914
3013045,17.71572876761599
3013046,1.4982550204790615
3013047,0.6862218557962771
3013048,0.6862218557962771
3013049,0.632740137002235
3013050,0.6862218557962771
3013051,0.6862218557962771
3013052,1.5289852271740663
3013053,29.204241896547327
3013054,43.85936853137935
3013055,0.6862218557962771
3013056,294.9250945145742
3013057,209.99990976044347
3013058,0.6862218557962771
3013059,0.6862218557962771
3013060,167.9074207359816
3013061,83.38973422784505
3013062,0.6862218557962771
3013063,0.6862218557962771
3013064,15.925101525719654
3013065,14.374031060433364
3013066,5.968126130568214
3013067,10.026362482521833
3013068,1080.4871173784763
3013069,5.968126130568214
3013070,370.4782273618475
3013071,5.968126130568214
3013072,1307.751341841365
3013073,394.0842733164057
3013074,320.44796954910754
3013075,114.46462343971749
3013076,108.36118937722102
3013077,4509.068833455273
3013078,36.91634533185978
3013079,6.524062309686272
3013080,5.968126130568214
3013081,5.968126130568214
3013082,6.463092969373504
3013083,5.968126130568214
3013084,5.968126130568214
3013085,6.204956729366545
3013086,15.074897666673465
3013087,58.880007445597826
3013088,5.968126130568214
3013089,761.2379555623914
3013090,312.32326297956797
3013091,5.968126130568214
3013092,5.968126130568214
3013093,249.8935314440754
3013094,121.82986316915017
3013095,5.968126130568214
3013096,5.968126130568214
3013097,23.084766985040712
3013098,16.253331726507334
3013099,9.823681637039344
3013100,12.31460158825342
3013101,1953.1270885842257
3013102,9.823681637039344
3013103,499.8068608009301
3013104,9.823681637039344
3013105,1142.573339586661
3013106,662.3129327427928
3013107,224.07935216441925
3013108,265.2010605413522
3013109,124.94968000943854
3013110,3339.8451589740853
3013111,29.33032016792727
3013112,10.408203619765608
3013113,9.823681637039344
3013114,9.823681637039344
3013115,10.338592059757337
3013116,9.823681637039344
3013117,9.823681637039344
3013118,12.167963410485957
3013119,16.07567950433257
3013120,70.88263292358134
3013121,9.823681637039344
3013122,558.7050868572453
3013123,209.11519128048045
3013124,9.823681637039344
3013125,9.823681637039344
3013126,302.77981098029085
3013127,146.02432611616095
3013128,9.823681637039344
3013129,9.823681637039344
3013130,67.35405286911625
3013131,0.0
3013132,0.0
3013133,0.0
3013134,26.703187086897312
3013135,0.0
3013136,37.943977812621824
3013137,0.0
3013138,35.793032367175485
3013139,33.490033896039364
3013140,13.922909551389107
3013141,6.028252309939579
3013142,0.0
3013143,20.313714948321195
3013144,0.0
3013145,0.0
3013146,0.0
3013147,0.0
3013148,0.0
3013149,0.0
3013150,0.0
3013151,0.0
3013152,0.0
3013153,0.0
3013154,0.0
3013155,36.16700670869485
3013156,16.909561684612704
3013157,0.0
3013158,0.0
3013159,13.328307887985165
3013160,0.0
3013161,0.0
3013162,0.0
3013163,0.0
3013164,0.0
3013165,0.0
3013166,0.0
3013167,26.86307568786662
3013168,0.0
3013169,38.831347702793074
3013170,0.0
3013171,36.6669172655033
3013172,31.625032291888353
3013173,13.973335849449825
3013174,4.943726517969294
3013175,0.0
3013176,19.139704018824975
3013177,0.0
3013178,0.0
3013179,0.0
3013180,0.0
3013181,0.0
3013182,0.0
3013183,0.0
3013184,0.0
3013185,0.0
3013186,0.0
3013187,0.0
3013188,33.82552086224651
3013189,17.42216088366795
3013190,0.0
3013191,0.0
3013192,12.622439436576677
3013193,0.0
3013194,0.0
3013195,0.0
3013196,0.0
3013197,0.6920518819957837
3013198,0.0
3013199,0.0
3013200,344.75497441012453
3013201,0.0
3013202,175.15764266977877
3013203,0.0
3013204,687.6175834987465
3013205,74.30042253860441
3013206,107.58769541958617
3013207,45.66603407282023
3013208,12.596630397233133
3013209,1770.4095473683103
3013210,5.457452223911572
3013211,0.0
3013212,0.0
3013213,0.0
3013214,0.0
3013215,0.0
3013216,0.0
3013217,0.0
3013218,2.306621518309443
3013219,17.282854950423815
3013220,0.0
3013221,78.05929951284315
3013222,134.59907232527266
3013223,0.0
3013224,0.0
3013225,46.5227312322356
3013226,43.07994934032163
3013227,0.0
3013228,0.0
3013229,0.32388771113631587
3013230,11.372191061216961
3013231,6.79052770251711
3013232,9.870709331266156
3013233,984.8302262297397
3013234,6.79052770251711
3013235,320.16580085175553
3013236,6.79052770251711
3013237,954.0244608348548
3013238,380.5058483488423
3013239,216.4744880713739
3013240,159.7303261352744
3013241,97.2084571350899
3013242,3118.2724407492487
3013243,40.41449129346148
3013244,7.826300970690379
3013245,6.79052770251711
3013246,6.79052770251711
3013247,6.8866228630683395
3013248,6.79052770251711
3013249,6.79052770251711
3013250,8.535378153457394
3013251,19.32649956590413
3013252,41.215219432234626
3013253,6.79052770251711
3013254,352.4659619129302
3013255,217.66612540871927
3013256,6.79052770251711
3013257,6.79052770251711
3013258,308.23409438271835
3013259,117.64697351072334
3013260,6.79052770251711
3013261,6.79052770251711
3013262,34.822655817750594
3013263,8.585373442281016
3013264,4.705759850851008
3013265,7.220267838514216
3013266,1432.3322885346188
3013267,4.705759850851008
3013268,401.40025583662907
3013269,4.705759850851008
3013270,981.5817212831937
3013271,581.0597083745206
3013272,155.0131130918518
3013273,218.83938939899252
3013274,121.62073935852165
3013275,2553.091168484857
3013276,39.06614819189254
3013277,5.68657746557594
3013278,4.705759850851008
3013279,4.705759850851008
3013280,5.152767118818606
3013281,4.705759850851008
3013282,4.705759850851008
3013283,11.740847744711061
3013284,14.530733874371268
3013285,62.95090528212202
3013286,4.705759850851008
3013287,484.9273500099686
3013288,156.7917305070292
3013289,4.705759850851008
3013290,4.705759850851008
3013291,213.7589250680975
3013292,117.6671301673366
3013293,4.705759850851008
3013294,4.705759850851008
3013295,51.71415404266323
3013296,16.354101366234907
3013297,9.141321343947215
3013298,12.05610180921073
3013299,1513.7082856306997
3013300,9.141321343947215
3013301,393.6168010867516
3013302,9.141321343947215
3013303,1013.439571313609
3013304,654.2355757066426
3013305,195.5778549923326
3013306,218.09416915527078
3013307,113.72499043047523
3013308,2901.4201700279164
3013309,42.00556101374721
3013310,11.011456604646096
3013311,9.141321343947215
3013312,9.141321343947215
3013313,9.581443326992572
3013314,9.141321343947215
3013315,9.141321343947215
3013316,12.741578013718398
3013317,35.011021401455565
3013318,72.83411174462745
3013319,9.141321343947215
3013320,396.459863066789
3013321,207.2824302611098
3013322,9.141321343947215
3013323,9.141321343947215
3013324,202.50246797300383
3013325,169.0399947651555
3013326,9.141321343947215
3013327,9.141321343947215
3013328,50.10285243957161
3013329,13.448308888568896
3013330,5.104873350196543
3013331,8.037033224298273
3013332,871.9327062115926
3013333,5.104873350196543
3013334,525.6945815280582
3013335,5.104873350196543
3013336,1348.5543780389187
3013337,285.9573004407451
3013338,356.63465198820063
3013339,116.8615151272644
3013340,44.90919933461263
3013341,4312.030086849847
3013342,18.739200760664936
3013343,6.316597304615517
3013344,5.104873350196543
3013345,5.104873350196543
3013346,5.061363423358853
3013347,5.104873350196543
3013348,5.104873350196543
3013349,5.351034697182604
3013350,15.880052306529002
3013351,24.605533355330078
3013352,5.104873350196543
3013353,332.16002839956855
3013354,315.9833118528951
3013355,5.104873350196543
3013356,5.104873350196543
3013357,323.6043527660872
3013358,65.73100884909498
3013359,5.104873350196543
3013360,5.104873350196543
3013361,21.7278498182907
3013362,2.1629626465785976
3013363,0.0
3013364,1.1248227085649085
3013365,874.5533993312389
3013366,0.0
3013367,325.01402035254694
3013368,0.0
3013369,822.468429454496
3013370,435.29368793148586
3013371,131.23375748882884
3013372,169.68399959212633
3013373,89.02802903835926
3013374,2077.347729070484
3013375,26.26232318408745
3013376,0.9523589456314094
3013377,0.0
3013378,0.0
3013379,0.0
3013380,0.0
3013381,0.0
3013382,6.581886112762412
3013383,10.561170218675112
3013384,74.34401841029867
3013385,0.0
3013386,314.27596387970937
3013387,141.56343573102396
3013388,0.0
3013389,0.0
3013390,187.27656518163033
3013391,70.65242085136352
3013392,0.0
3013393,0.0
3013394,25.98312168750488
3013395,2.505271632432116
3013396,0.0
3013397,0.040713487606226506
3013398,381.5690271852038
3013399,0.0
3013400,133.67909511017032
3013401,0.0
3013402,723.5175597357411
3013403,108.63237366640412
3013404,164.71033692578956
3013405,42.71345464798214
3013406,21.301322043201374
3013407,1945.1013933144393
3013408,5.264176991273919
3013409,0.0
3013410,0.0
3013411,0.0
3013412,0.0
3013413,0.0
3013414,0.0
3013415,0.0
3013416,3.812759359877524
3013417,7.468514308921577
3013418,0.0
3013419,211.32841088629277
3013420,162.03391980638602
3013421,0.0
3013422,0.0
3013423,98.50610391940725
3013424,22.334594004613653
3013425,0.0
3013426,0.0
3013427,1.6006025710237783
3013428,14.644435046689914
3013429,5.677253887050268
3013430,9.946900712554442
3013431,1882.8436030761145
3013432,5.677253887050268
3013433,486.21305960585124
3013434,5.677253887050268
3013435,1765.7663360055951
3013436,194.87068662341414
3013437,271.6210543829302
3013438,79.42888952908318
3013439,43.94976207270139
3013440,4961.074875680011
3013441,24.547230391632024
3013442,6.309009735291393
3013443,5.677253887050268
3013444,5.677253887050268
3013445,5.778334943579673
3013446,5.677253887050268
3013447,5.677253887050268
3013448,6.523155448980567
3013449,18.40304283718694
3013450,27.774108471496874
3013451,5.677253887050268
3013452,566.0622867862708
3013453,321.66780851916866
3013454,5.677253887050268
3013455,5.677253887050268
3013456,365.4093158843167
3013457,43.12315146590423
3013458,5.677253887050268
3013459,5.677253887050268
3013460,10.892435546894115
3013461,1.9416156285037571
3013462,0.0
3013463,0.07226068725349766
3013464,512.9664152163804
3013465,0.0
3013466,196.53881995649462
3013467,0.0
3013468,717.7610940337738
3013469,127.60278255275637
3013470,129.66645780759873
3013471,45.84128806117296
3013472,18.888581805008172
3013473,1865.197352371642
3013474,6.98238948737324
3013475,0.18176810407680222
3013476,0.0
3013477,0.0
3013478,0.0
3013479,0.0
3013480,0.0
3013481,0.0
3013482,6.107489820815215
3013483,25.738862554944408
3013484,0.0
3013485,169.87564792839584
3013486,132.1102006248698
3013487,0.0
3013488,0.0
3013489,69.73077258631331
3013490,28.57923686328455
3013491,0.0
3013492,0.0
3013493,2.9749920332344306
3013494,1.7289987633607629
3013495,0.0
3013496,0.0
3013497,593.4498859458812
3013498,0.0
3013499,197.54458097175382
3013500,0.0
3013501,689.9393973159815
3013502,125.50015530272722
3013503,112.38029640110831
3013504,36.054771213437135
3013505,20.457126063907886
3013506,1919.9377798952587
3013507,5.553888682336538
3013508,0.0
3013509,0.0
3013510,0.0
3013511,0.0
3013512,0.0
3013513,0.0
3013514,0.0
3013515,2.3099209363131887
3013516,13.889803730802463
3013517,0.0
3013518,157.56022412048955
3013519,142.5441620614922
3013520,0.0
3013521,0.0
3013522,65.31466174487285
3013523,26.335543589392714
3013524,0.0
3013525,0.0
3013526,2.515984851442952
3013527,1.3962575349988349
3013528,0.0
3013529,1.1479835727861145
3013530,398.0537181214434
3013531,0.0
3013532,214.47221945268055
3013533,0.0
3013534,1024.251943339091
3013535,137.67418001218556
3013536,127.41403680422749
3013537,44.63565110879284
3013538,36.49299092099824
3013539,2220.4043999531305
3013540,8.353035854269175
3013541,0.0
3013542,0.0
3013543,0.0
3013544,0.0
3013545,0.0
3013546,0.0
3013547,0.0
3013548,6.82323515365022
3013549,16.984282132217334
3013550,0.0
3013551,346.9772573097769
3013552,260.02061376659
3013553,0.0
3013554,0.0
3013555,71.00164848195676
3013556,36.188518848152675
3013557,0.0
3013558,0.0
3013559,5.512381766553166
3013560,2.733229498606959
3013561,0.0
3013562,1.510462167459791
3013563,540.7642335787799
3013564,0.0
3013565,169.94668969327822
3013566,0.0
3013567,813.265100513067
3013568,131.483895354288
3013569,157.20771613283458
3013570,51.07678551043074
3013571,21.388207412493735
3013572,2101.5907437952783
3013573,8.475645547535374
3013574,0.0
3013575,0.0
3013576,0.0
3013577,0.0
3013578,0.0
3013579,0.0
3013580,0.0
3013581,3.5212048517641827
3013582,18.67926121235998
3013583,0.0
3013584,125.26570569871808
3013585,172.43680395366653
3013586,0.0
3013587,0.0
3013588,53.926928602927624
3013589,25.265524779793367
3013590,0.0
3013591,0.0
3013592,4.526327845951862
3013593,3.7582753920739522
3013594,0.0
3013595,0.0
3013596,370.4350818318017
3013597,0.0
3013598,183.00575880681404
3013599,0.0
3013600,842.0397033823149
3013601,114.3164029233891
3013602,172.78449849734676
3013603,84.9118294383185
3013604,20.21675642424291
3013605,2137.5572827926026
3013606,7.392548680133448
3013607,0.0
3013608,0.0
3013609,0.0
3013610,0.0
3013611,0.0
3013612,0.0
3013613,0.0
3013614,4.133320531062608
3013615,15.92145530620287
3013616,0.0
3013617,98.33051660304284
3013618,170.4009538066191
3013619,0.0
3013620,0.0
3013621,81.36106204321608
3013622,44.58965464487129
3013623,0.0
3013624,0.0
3013625,2.251930275770845
3013626,1.9359609893348582
3013627,0.0
3013628,0.08842527857956761
3013629,716.8211071223975
3013630,0.0
3013631,181.48327392074495
3013632,0.0
3013633,793.8375330917434
3013634,163.65705507585335
3013635,197.7191497911905
3013636,71.99528817605042
3013637,35.09919314880951
3013638,2335.5227814906157
3013639,5.874515486901991
3013640,0.0
3013641,0.0
3013642,0.0
3013643,0.0
3013644,0.0
3013645,0.0
3013646,0.0
3013647,2.2698241024480756
3013648,25.882838215434838
3013649,0.0
3013650,191.33236818532643
3013651,147.02726537835576
3013652,0.0
3013653,0.0
3013654,142.72383454513928
3013655,41.678835152498245
3013656,0.0
3013657,0.0
3013658,7.238880810516573
3013659,1.6815714007289717
3013660,0.0
3013661,0.2419285452136446
3013662,663.7692918788381
3013663,0.0
3013664,589.3511064673747
3013665,0.0
3013666,554.2870997163678
3013667,211.64696778308996
3013668,135.0647757535984
3013669,108.3243080598688
3013670,47.79846007460842
3013671,1880.7274809415878
3013672,14.280137721165694
3013673,0.0
3013674,0.0
3013675,0.0
3013676,0.0
3013677,0.0
3013678,0.0
3013679,0.0
3013680,6.653400029537714
3013681,33.988721840358174
3013682,0.0
3013683,120.00158252114034
3013684,99.45635397611323
3013685,0.0
3013686,0.0
3013687,99.21828388239847
3013688,43.49045563027283
3013689,0.0
3013690,0.0
3013691,9.397118262866126
3013692,2.347764340649773
3013693,0.0
3013694,0.0
3013695,907.5293652643662
3013696,0.0
3013697,214.67507743669628
3013698,0.0
3013699,739.2517243058287
3013700,98.60159481339498
3013701,124.35840235887437
3013702,45.420535817989276
3013703,23.472321824021943
3013704,1871.9032620097373
3013705,7.847826274435846
3013706,0.03823563433999322
3013707,0.0
3013708,0.0
3013709,0.0
3013710,0.0
3013711,0.0
3013712,0.0
3013713,1.6527245057016247
3013714,47.650328168449434
3013715,0.0
3013716,133.94052656466673
3013717,120.3224028990959
3013718,0.0
3013719,0.0
3013720,58.824269756891574
3013721,30.436791226259295
3013722,0.0
3013723,0.0
3013724,5.459355180001149
3013725,6.524187806476084
3013726,3.044408576270955
3013727,6.64488287000899
3013728,957.3086050300581
3013729,3.044408576270955
3013730,322.2380502883731
3013731,3.044408576270955
3013732,912.6954825046693
3013733,419.96010619880036
3013734,173.57057836572588
3013735,160.4158635774918
3013736,73.65565441916134
3013737,2596.7085434656956
3013738,25.55643766020913
3013739,3.662637213876053
3013740,3.044408576270955
3013741,3.044408576270955
3013742,2.985940961498737
3013743,3.044408576270955
3013744,3.044408576270955
3013745,9.534255351639436
3013746,15.622648640466181
3013747,33.00575947225989
3013748,3.044408576270955
3013749,442.85072079415136
3013750,181.89429630075773
3013751,3.044408576270955
3013752,3.044408576270955
3013753,225.04912240634286
3013754,90.72250105054664
3013755,3.044408576270955
3013756,3.044408576270955
3013757,23.144131669494854
3013758,0.0
3013759,0.0
3013760,0.0
3013761,25.224994464749713
3013762,0.0
3013763,35.691652266104654
3013764,0.0
3013765,38.58676830634162
3013766,34.69765027983266
3013767,14.757059501111598
3013768,6.4790410524893485
3013769,0.0
3013770,47.60483744590371
3013771,0.0
3013772,0.0
3013773,0.0
3013774,0.0
3013775,0.0
3013776,0.0
3013777,0.0
3013778,0.0
3013779,0.0
3013780,0.0
3013781,0.0
3013782,37.31851287676531
3013783,17.660581806156145
3013784,0.0
3013785,0.0
3013786,13.835119420955072
3013787,0.02029625645365485
3013788,0.0
3013789,0.0
3013790,0.0
3013791,0.0
3013792,0.0
3013793,0.0
3013794,27.270938687113713
3013795,0.0
3013796,38.501388027693096
3013797,0.0
3013798,39.43786552904406
3013799,33.264146585130646
3013800,14.432701577943032
3013801,5.641865472950087
3013802,0.0
3013803,56.97252675620416
3013804,0.0
3013805,0.0
3013806,0.0
3013807,0.0
3013808,0.0
3013809,0.0
3013810,0.0
3013811,0.0
3013812,0.0
3013813,0.0
3013814,0.0
3013815,35.52626317962421
3013816,17.900067103111738
3013817,0.0
3013818,0.0
3013819,12.40881057989032
3013820,0.0
3013821,0.0
3013822,0.0
3013823,0.0
3013824,0.0
3013825,0.0
3013826,0.0
3013827,26.903217868826154
3013828,0.0
3013829,36.33510386976128
3013830,0.0
3013831,39.22657832189353
3013832,33.3626959152309
3013833,15.187161460402557
3013834,5.810953227460584
3013835,0.0
3013836,47.18457604458192
3013837,0.0
3013838,0.0
3013839,0.0
3013840,0.0
3013841,0.0
3013842,0.0
3013843,0.0
3013844,0.0
3013845,0.0
3013846,0.0
3013847,0.0
3013848,34.20922242342348
3013849,18.227076288134988
3013850,0.0
3013851,0.0
3013852,13.013147611330863
3013853,0.0
3013854,0.0
3013855,0.0
3013856,0.0
3013857,1.3994469256007473
3013858,0.0
3013859,0.0
3013860,597.024450666867
3013861,0.0
3013862,262.41501708338546
3013863,0.0
3013864,685.691134444836
3013865,249.97066633920338
3013866,127.17057743663713
3013867,69.17389033233992
3013868,62.15556234058955
3013869,1844.7845037691666
3013870,15.549053073506993
3013871,0.0
3013872,0.0
3013873,0.0
3013874,0.0
3013875,0.0
3013876,0.0
3013877,0.0
3013878,3.7115691301531433
3013879,35.566087270290595
3013880,0.0
3013881,1375.678005503059
3013882,138.3723771543003
3013883,0.0
3013884,0.0
3013885,164.85791739380045
3013886,45.84889807300378
3013887,0.0
3013888,0.0
3013889,16.73191741345149
3013890,10.611309716520191
3013891,8.481076600089793
3013892,9.754589910167752
3013893,1778.9545049998396
3013894,8.481076600089793
3013895,515.8208456762703
3013896,8.481076600089793
3013897,1252.2745589177018
3013898,634.5193543523827
3013899,223.33050881997855
3013900,222.40057933993617
3013901,109.01262337675539
3013902,3484.684669614573
3013903,27.74065082104932
3013904,8.907139297872952
3013905,8.481076600089793
3013906,8.481076600089793
3013907,8.422608985317575
3013908,8.481076600089793
3013909,8.481076600089793
3013910,15.136958448125561
3013911,18.826445872360903
3013912,60.71570365901213
3013913,8.481076600089793
3013914,435.31550648956016
3013915,234.72321199365905
3013916,8.481076600089793
3013917,8.481076600089793
3013918,288.584035292514
3013919,125.86010883306155
3013920,8.481076600089793
3013921,8.481076600089793
3013922,48.83523944566405
3013923,1.4878703526034527
3013924,0.0
3013925,0.315886806997846
3013926,1335.7643323447157
3013927,0.0
3013928,267.95001888990384
3013929,0.0
3013930,613.4001288044179
3013931,324.7045144818335
3013932,139.8666774469078
3013933,119.96869890603539
3013934,57.68733927017182
3013935,1767.6725243845608
3013936,14.438971271516808
3013937,0.0
3013938,0.0
3013939,0.0
3013940,0.0
3013941,0.0
3013942,0.0
3013943,5.248932543889077
3013944,23.922445488075862
3013945,96.00115540970266
3013946,0.0
3013947,375.0157475114477
3013948,109.7975920543932
3013949,0.0
3013950,0.0
3013951,133.5124563704198
3013952,83.05952805348522
3013953,0.0
3013954,0.0
3013955,3.8419334392770272
3013956,2.9796874194627687
3013957,0.0
3013958,0.0
3013959,397.94729800309227
3013960,0.0
3013961,249.3582538012392
3013962,0.0
3013963,588.2534524875796
3013964,167.79877299549037
3013965,108.81943300822778
3013966,72.02422708771225
3013967,30.06512922167535
3013968,1706.4875186941438
3013969,8.39353945452453
3013970,0.0
3013971,0.0
3013972,0.0
3013973,0.0
3013974,0.0
3013975,0.0
3013976,0.0
3013977,6.479952592674744
3013978,20.64394594262175
3013979,0.0
3013980,319.67025363722
3013981,182.90112661638952
3013982,0.0
3013983,0.0
3013984,145.6513134876869
3013985,35.55928189862245
3013986,0.0
3013987,0.0
3013988,2.7752656843575636
3013989,2.6571539718725665
3013990,0.0
3013991,1.4504492006633862
3013992,821.8232914354423
3013993,0.0
3013994,340.81437548042663
3013995,0.0
3013996,621.1470471373897
3013997,310.18097541813614
3013998,163.60156981762393
3013999,166.49120789688598
3014000,51.876067663164946
3014001,1915.232728758661
3014002,19.704702639997812
3014003,0.0
3014004,0.0
3014005,0.0
3014006,0.0
3014007,0.0
3014008,0.0
3014009,0.2485715317861783
3014010,9.439860019954743
3014011,55.13616478361019
3014012,0.0
3014013,184.4154629533367
3014014,142.0386628448295
3014015,0.0
3014016,0.0
3014017,179.11199529733852
3014018,70.41330137423269
3014019,0.0
3014020,0.0
3014021,17.54119772661655
3014022,3.405953275192404
3014023,0.0
3014024,0.34083372887482377
3014025,523.1964163137594
3014026,0.0
3014027,343.22337712272383
3014028,0.0
3014029,559.052906749376
3014030,174.96121404141627
3014031,131.02408043544534
3014032,73.65568163443238
3014033,26.639802954022716
3014034,1705.3023649645993
3014035,9.72164971569628
3014036,0.0
3014037,0.0
3014038,0.0
3014039,0.0
3014040,0.0
3014041,0.0
3014042,0.0
3014043,4.110508940830503
3014044,45.64549757465639
3014045,0.0
3014046,95.98359107295698
3014047,144.25298135837141
3014048,0.0
3014049,0.0
3014050,104.08441178023428
3014051,43.44387630470192
3014052,0.0
3014053,0.0
3014054,4.010451494701253
3014055,0.0
3014056,0.0
3014057,0.0
3014058,28.464799467152844
3014059,0.0
3014060,38.46989064066482
3014061,0.0
3014062,41.20163063117065
3014063,32.90976580691749
3014064,15.365249536254439
3014065,6.279869493230004
3014066,0.0
3014067,45.19943914915439
3014068,0.0
3014069,0.0
3014070,0.0
3014071,0.0
3014072,0.0
3014073,0.0
3014074,0.0
3014075,0.0
3014076,0.0
3014077,0.0
3014078,0.0
3014079,36.399303685210576
3014080,17.95581689041338
3014081,0.0
3014082,0.0
3014083,13.68598733433673
3014084,0.06506744197538694
3014085,0.0
3014086,0.0
3014087,0.0
3014088,21.8864886857019
3014089,16.779741090198133
3014090,21.177810350683032
3014091,2912.353791055404
3014092,16.779741090198133
3014093,740.4423217684152
3014094,16.779741090198133
3014095,1835.7138165364609
3014096,1037.7765069420627
3014097,307.65398215860864
3014098,453.1934990176604
3014099,234.06911036892703
3014100,5483.008565107788
3014101,69.6541514029357
3014102,19.347393720835292
3014103,16.779741090198133
3014104,16.779741090198133
3014105,18.00264874181708
3014106,16.779741090198133
3014107,16.779741090198133
3014108,27.923747650540463
3014109,55.557618045712324
3014110,150.62601588575686
3014111,16.779741090198133
3014112,627.0370586408471
3014113,351.9082488735294
3014114,16.779741090198133
3014115,16.779741090198133
3014116,408.8654556861105
3014117,276.453890987995
3014118,16.779741090198133
3014119,16.779741090198133
3014120,101.13316369620868
3014121,0.0
3014122,0.0
3014123,0.0
3014124,354.28575295128724
3014125,0.0
3014126,132.37900860239128
3014127,0.0
3014128,395.1351610945418
3014129,113.04966467896749
3014130,73.630553642571
3014131,50.15177667813177
3014132,14.455846758711198
3014133,1075.3613902659513
3014134,2.1638644892800154
3014135,0.0
3014136,0.0
3014137,0.0
3014138,0.0
3014139,0.0
3014140,0.0
3014141,0.0
3014142,0.4994681597457413
3014143,25.01872809652778
3014144,0.0
3014145,89.1678816907153
3014146,75.45365096377209
3014147,0.0
3014148,0.0
3014149,66.71074941114802
3014150,18.06435325855849
3014151,0.0
3014152,0.0
3014153,0.0
3014154,3.993250272288355
3014155,0.0
3014156,0.5707864170365289
3014157,627.0499783087589
3014158,0.0
3014159,295.5352685357435
3014160,0.0
3014161,791.6647163017899
3014162,190.43510247062682
3014163,141.08098303810058
3014164,66.80609335315727
3014165,19.560801921326906
3014166,2296.0956756531905
3014167,9.858324599932947
3014168,0.0
3014169,0.0
3014170,0.0
3014171,0.0
3014172,0.0
3014173,0.0
3014174,0.0
3014175,3.026969782006846
3014176,20.020944213816975
3014177,0.0
3014178,166.40001203419337
3014179,197.7615338978872
3014180,0.0
3014181,0.0
3014182,77.45315189091068
3014183,43.07021937782336
3014184,0.0
3014185,0.0
3014186,3.9542692712716807
3014187,0.0
3014188,0.0
3014189,0.0
3014190,192.85594218188868
3014191,0.0
3014192,102.80544851565595
3014193,0.0
3014194,421.4878746320744
3014195,77.30981466083456
3014196,65.08395567677732
3014197,31.19681501565895
3014198,15.468296116946114
3014199,1106.5064930017022
3014200,2.4254135005480753
3014201,0.0
3014202,0.0
3014203,0.0
3014204,0.0
3014205,0.0
3014206,0.0
3014207,0.0
3014208,0.03769622610055534
3014209,35.03745077192314
3014210,0.0
3014211,95.57602430299801
3014212,120.00540080645258
3014213,0.0
3014214,0.0
3014215,61.527905024708424
3014216,19.544643078448534
3014217,0.0
3014218,0.0
3014219,0.0
3014220,3.7098220880306316
3014221,0.0
3014222,0.18137662502984386
3014223,562.5490633700297
3014224,0.0
3014225,200.23523368055993
3014226,0.0
3014227,839.7118479060089
3014228,151.9105334460702
3014229,139.0041133642436
3014230,86.771427982671
3014231,33.889753656929884
3014232,2204.2928744485525
3014233,7.146138578183461
3014234,0.10431458429202234
3014235,0.0
3014236,0.0
3014237,0.0
3014238,0.0
3014239,0.0
3014240,0.0
3014241,6.272436102232606
3014242,22.543241561589426
3014243,0.0
3014244,166.28802383293916
3014245,175.12932825752205
3014246,0.0
3014247,0.0
3014248,86.30130931548192
3014249,42.01942652718634
3014250,0.0
3014251,0.0
3014252,1.7169654011442388
3014253,2.7181842889739176
3014254,0.0
3014255,0.28489251783990666
3014256,861.8702714296905
3014257,0.0
3014258,531.342195669789
3014259,0.0
3014260,763.665430784876
3014261,175.49927282717778
3014262,203.56715468037203
3014263,62.54366275259572
3014264,30.519381566043663
3014265,2647.040882663722
3014266,13.759998936544166
3014267,1.0245693286772992
3014268,0.0
3014269,0.0
3014270,0.0
3014271,0.0
3014272,0.0
3014273,0.0
3014274,9.252802441538844
3014275,39.65701371562047
3014276,0.0
3014277,193.7712269368876
3014278,251.96322529418896
3014279,0.0
3014280,0.0
3014281,90.44210348864135
3014282,44.57434170543606
3014283,0.0
3014284,0.0
3014285,1.9512585180832849
3014286,0.0
3014287,0.0
3014288,0.0
3014289,507.1139060346821
3014290,0.0
3014291,109.61747729776056
3014292,0.0
3014293,434.13576861332604
3014294,88.18270975134321
3014295,68.01413317266024
3014296,41.94338404565582
3014297,12.06939590119163
3014298,1239.2855683026148
3014299,3.4183280131514415
3014300,0.0
3014301,0.0
3014302,0.0
3014303,0.0
3014304,0.0
3014305,0.0
3014306,0.0
3014307,0.0
3014308,17.044192298600784
3014309,0.0
3014310,93.7181076665732
3014311,85.55508748931463
3014312,0.0
3014313,0.0
3014314,36.487983655313
3014315,16.0454470271261
3014316,0.0
3014317,0.0
3014318,0.0
3014319,0.0
3014320,0.0
3014321,0.0
3014322,25.29493879420231
3014323,0.0
3014324,37.341028952980096
3014325,0.0
3014326,35.684803442935426
3014327,32.11964192338029
3014328,14.283885305018543
3014329,4.672119050053482
3014330,0.0
3014331,42.704698073467526
3014332,0.0
3014333,0.0
3014334,0.0
3014335,0.0
3014336,0.0
3014337,0.0
3014338,0.0
3014339,0.0
3014340,0.0
3014341,0.0
3014342,0.0
3014343,35.30036621263017
3014344,17.53664472953775
3014345,0.0
3014346,0.0
3014347,12.10873402062374
3014348,0.0
3014349,0.0
3014350,0.0
3014351,0.0
3014352,8.7872376506965
3014353,3.226485914841472
3014354,6.7362465797289595
3014355,845.0223130202484
3014356,3.226485914841472
3014357,427.22966005523267
3014358,3.226485914841472
3014359,1220.8557542155336
3014360,528.6483876100158
3014361,131.71338777792613
3014362,175.2153170992015
3014363,140.5401431656659
3014364,3395.015935869059
3014365,51.42807296769959
3014366,5.122439430710857
3014367,3.226485914841472
3014368,3.226485914841472
3014369,3.6120301436971545
3014370,3.226485914841472
3014371,3.226485914841472
3014372,7.464856391817497
3014373,16.731823658226226
3014374,72.44612985554063
3014375,3.226485914841472
3014376,248.38417636582307
3014377,260.73461751356956
3014378,3.226485914841472
3014379,3.226485914841472
3014380,133.95681766149946
3014381,174.35063329101595
3014382,3.226485914841472
3014383,3.226485914841472
3014384,17.647719214062842
3014385,5.448710964448795
3014386,1.1138545310468269
3014387,3.5921995145823598
3014388,578.0552384684516
3014389,1.1138545310468269
3014390,403.7262696118075
3014391,1.1138545310468269
3014392,878.3013763961532
3014393,446.1715290888905
3014394,145.60736782039064
3014395,115.76535647594011
3014396,139.21634217794187
3014397,2784.552902629359
3014398,24.342679367463322
3014399,2.5961864263933823
3014400,1.1138545310468269
3014401,1.1138545310468269
3014402,1.055386916274609
3014403,1.1138545310468269
3014404,1.1138545310468269
3014405,2.9394074900128055
3014406,21.93440586269397
3014407,49.01059863696169
3014408,1.1138545310468269
3014409,199.7075306187442
3014410,237.83625240255358
3014411,1.1138545310468269
3014412,1.1138545310468269
3014413,93.26594609908096
3014414,122.43965033539142
3014415,1.1138545310468269
3014416,1.1138545310468269
3014417,20.17544267490347
3014418,6.460362913017795
3014419,0.0
3014420,0.5137231392387935
3014421,590.2241388768794
3014422,0.0
3014423,622.3669162918594
3014424,0.0
3014425,1017.2561928637
3014426,180.11766538822587
3014427,97.48859785670348
3014428,95.11159958363667
3014429,36.56104991045831
3014430,2493.2082664518084
3014431,24.17739672067289
3014432,0.27738846600074285
3014433,0.0
3014434,0.0
3014435,0.0
3014436,0.0
3014437,0.0
3014438,0.774958623687406
3014439,7.0336420240005
3014440,34.36701248133695
3014441,0.0
3014442,132.9687045442867
3014443,217.18426196857106
3014444,0.0
3014445,0.0
3014446,89.8037437162702
3014447,54.14666563592678
3014448,0.0
3014449,0.0
3014450,9.353072554877706
3014451,6.636823736827891
3014452,2.634146687381433
3014453,5.861792695230777
3014454,901.4394043627562
3014455,2.634146687381433
3014456,287.6483047765487
3014457,2.634146687381433
3014458,837.6705305321947
3014459,381.88239013914676
3014460,161.80539149484252
3014461,140.2119526058288
3014462,75.16220667564303
3014463,2500.713104949732
3014464,30.03965658471574
3014465,4.034928965933433
3014466,2.634146687381433
3014467,2.634146687381433
3014468,2.765143119779893
3014469,2.634146687381433
3014470,2.634146687381433
3014471,8.745551547226345
3014472,18.60892712193847
3014473,39.38291288979815
3014474,2.634146687381433
3014475,354.2041142987062
3014476,188.80160138300494
3014477,2.634146687381433
3014478,2.634146687381433
3014479,222.6499002302986
3014480,84.4341806947177
3014481,2.634146687381433
3014482,2.634146687381433
3014483,26.71508674197073
3014484,2.4907210581129116
3014485,0.0
3014486,0.4429106114469623
3014487,495.3666535182942
3014488,0.0
3014489,213.6813401640568
3014490,0.0
3014491,703.1736880168321
3014492,142.08241245656606
3014493,121.63951825611184
3014494,78.65529567687604
3014495,22.212654932373418
3014496,1974.7199592135635
3014497,9.386606334820932
3014498,0.0
3014499,0.0
3014500,0.0
3014501,0.0
3014502,0.0
3014503,0.0
3014504,0.0
3014505,2.344146868069936
3014506,15.404500991532348
3014507,0.0
3014508,78.00460133777078
3014509,151.9962449237484
3014510,0.0
3014511,0.0
3014512,68.73632735020938
3014513,34.03423190779194
3014514,0.0
3014515,0.0
3014516,2.154911071332026
3014517,2.479129725644161
3014518,0.0
3014519,0.8365606979650675
3014520,474.931121258558
3014521,0.0
3014522,205.78720550555786
3014523,0.0
3014524,541.3207172690952
3014525,206.00937051160582
3014526,121.43288072140307
3014527,86.41986350528553
3014528,60.30870056125498
3014529,1510.9668285824741
3014530,17.966866557889077
3014531,0.0
3014532,0.0
3014533,0.0
3014534,0.0
3014535,0.0
3014536,0.0
3014537,0.14979479258953377
3014538,10.43140825839736
3014539,30.474150387041117
3014540,0.0
3014541,133.5255376630704
3014542,138.20041513323443
3014543,0.0
3014544,0.0
3014545,81.40280764804541
3014546,56.00815557564393
3014547,0.0
3014548,0.0
3014549,4.396895257744957
3014550,0.0
3014551,0.0
3014552,0.0
3014553,26.169589053874873
3014554,0.0
3014555,35.77399044536599
3014556,0.0
3014557,37.51999424717686
3014558,33.084546942076415
3014559,14.96550379778341
3014560,6.792392666386554
3014561,0.0
3014562,54.79453726465434
3014563,0.0
3014564,0.0
3014565,0.0
3014566,0.0
3014567,0.0
3014568,0.0
3014569,0.0
3014570,0.0
3014571,0.0
3014572,0.0
3014573,0.0
3014574,35.47752714532289
3014575,18.690620846059794
3014576,0.0
3014577,0.0
3014578,13.857387111286615
3014579,0.20299145552359543
3014580,0.0
3014581,0.0
3014582,0.0
3014583,2.8997564457478795
3014584,0.0
3014585,0.0
3014586,1001.5520073339806
3014587,0.0
3014588,197.56046320258818
3014589,0.0
3014590,699.8251286214067
3014591,91.70152235681068
3014592,113.69376293726344
3014593,64.08694488380966
3014594,22.62156478178167
3014595,1966.1572351031346
3014596,6.509837346330585
3014597,0.0
3014598,0.0
3014599,0.0
3014600,0.0
3014601,0.0
3014602,0.0
3014603,0.0
3014604,5.233672159903293
3014605,77.01285522885078
3014606,0.0
3014607,137.30270987002388
3014608,153.11099629502132
3014609,0.0
3014610,0.0
3014611,83.68739105024801
3014612,38.506966413594846
3014613,0.0
3014614,0.0
3014615,0.39639149541989194
3014616,35.93148481269397
3014617,24.392899029395583
3014618,27.59335409739252
3014619,3861.593297300088
3014620,24.392899029395583
3014621,897.1392036028509
3014622,24.392899029395583
3014623,2391.3196169595058
3014624,1420.4576948993492
3014625,468.6356317982222
3014626,566.4221554640563
3014627,355.16002795219725
3014628,7055.287723687198
3014629,96.89320264716956
3014630,27.403280426858327
3014631,24.392899029395583
3014632,24.392899029395583
3014633,25.34656829819304
3014634,24.392899029395583
3014635,24.392899029395583
3014636,28.981655324768052
3014637,48.18324785865921
3014638,211.2494848269413
3014639,24.392899029395583
3014640,785.0090091767588
3014641,410.62284238832416
3014642,24.392899029395583
3014643,24.392899029395583
3014644,485.1400282350655
3014645,421.9280084750162
3014646,24.392899029395583
3014647,24.392899029395583
3014648,122.28412299695681
3014649,29.549901767670026
3014650,17.942083825732837
3014651,23.607609341064155
3014652,2445.0745684466356
3014653,17.942083825732837
3014654,670.9703780625503
3014655,17.942083825732837
3014656,2022.6479939890876
3014657,908.8791591496287
3014658,457.1071314321759
3014659,362.1295236860145
3014660,268.45226527799326
3014661,6349.440621330712
3014662,78.43909924937796
3014663,19.016627724510982
3014664,17.942083825732837
3014665,17.942083825732837
3014666,19.07356670853733
3014667,17.942083825732837
3014668,17.942083825732837
3014669,22.77074771152403
3014670,25.612203363579127
3014671,107.89416554430194
3014672,17.942083825732837
3014673,969.0580363032497
3014674,384.7317115423033
3014675,17.942083825732837
3014676,17.942083825732837
3014677,482.3466806950909
3014678,236.19607341474088
3014679,17.942083825732837
3014680,17.942083825732837
3014681,84.67721250567682
3014682,23.38816442765978
3014683,12.876334887209943
3014684,20.935116244896573
3014685,1727.4813486825926
3014686,12.876334887209943
3014687,419.6090051759488
3014688,12.876334887209943
3014689,1893.5329860941458
3014690,572.2781527500855
3014691,557.0032774132006
3014692,187.05814204173427
3014693,202.26564099303968
3014694,5740.512477568606
3014695,47.397194105804815
3014696,13.943436617021662
3014697,12.876334887209943
3014698,12.876334887209943
3014699,14.27375483365549
3014700,12.876334887209943
3014701,12.876334887209943
3014702,16.480277800385206
3014703,44.4796480057699
3014704,64.20684833667113
3014705,12.876334887209943
3014706,1139.6070092351633
3014707,505.72800217047956
3014708,12.876334887209943
3014709,12.876334887209943
3014710,607.5601081632677
3014711,129.5099478176382
3014712,12.876334887209943
3014713,12.876334887209943
3014714,44.85784244331494
3014715,27.251524204845502
3014716,17.36187314803734
3014717,25.110642573569848
3014718,2270.883675750244
3014719,17.36187314803734
3014720,708.452359585332
3014721,17.36187314803734
3014722,2004.647470150235
3014723,901.9374789153013
3014724,476.35321125979976
3014725,298.74890889806994
3014726,235.7331416343913
3014727,6290.787060501223
3014728,61.06216363384615
3014729,18.59599178100169
3014730,17.36187314803734
3014731,17.36187314803734
3014732,17.97650149031885
3014733,17.36187314803734
3014734,17.36187314803734
3014735,27.56502045266452
3014736,24.287072695694512
3014737,85.41780860817138
3014738,17.36187314803734
3014739,851.9806781482025
3014740,455.7258033715461
3014741,17.36187314803734
3014742,17.36187314803734
3014743,594.4854864859819
3014744,225.15948314862092
3014745,17.36187314803734
3014746,17.36187314803734
3014747,76.55994532221774
3014748,17.29263524260137
3014749,9.290723544336549
3014750,15.095848263405344
3014751,1199.119160286936
3014752,9.290723544336549
3014753,450.89388012514166
3014754,9.290723544336549
3014755,1651.4169522887644
3014756,415.8329899228949
3014757,438.2192277168854
3014758,123.75021703836461
3014759,132.7233681023968
3014760,4825.654110958313
3014761,29.185165153853063
3014762,9.964972284610722
3014763,9.290723544336549
3014764,9.290723544336549
3014765,9.232255929564332
3014766,9.290723544336549
3014767,9.290723544336549
3014768,10.602171272048107
3014769,19.578935650165207
3014770,52.92639204863611
3014771,9.290723544336549
3014772,859.7869845960624
3014773,408.5230806599234
3014774,9.290723544336549
3014775,9.290723544336549
3014776,560.1185096840592
3014777,107.81988745124704
3014778,9.290723544336549
3014779,9.290723544336549
3014780,28.16065128488103
3014781,13.295967076989605
3014782,7.262712663345672
3014783,9.873872418795086
3014784,1695.2893950166572
3014785,7.262712663345672
3014786,443.0437067329541
3014787,7.262712663345672
3014788,1043.9412788564337
3014789,660.872305146032
3014790,205.07980619189144
3014791,247.7047366002651
3014792,173.74907910016356
3014793,3312.742085758442
3014794,45.219328144971875
3014795,8.215744215885271
3014796,7.262712663345672
3014797,7.262712663345672
3014798,7.822496149867247
3014799,7.262712663345672
3014800,7.262712663345672
3014801,12.508204449960946
3014802,14.475938716129397
3014803,74.39069324985606
3014804,7.262712663345672
3014805,393.18136003794376
3014806,215.69273580853886
3014807,7.262712663345672
3014808,7.262712663345672
3014809,197.1054772225895
3014810,201.07128097252007
3014811,7.262712663345672
3014812,7.262712663345672
3014813,51.56901612584388
3014814,5.190274711487562
3014815,0.8143459707002969
3014816,5.289773781522771
3014817,679.2197192364528
3014818,0.8143459707002969
3014819,333.2099941789117
3014820,0.8143459707002969
3014821,1070.9164850817506
3014822,314.80285380564897
3014823,230.20782082934068
3014824,139.4447100417877
3014825,100.3587025931652
3014826,2819.8490781994096
3014827,22.95596255406302
3014828,1.7770327503722365
3014829,0.8143459707002969
3014830,0.8143459707002969
3014831,0.8458361862612995
3014832,0.8143459707002969
3014833,0.8143459707002969
3014834,3.3374495193748634
3014835,31.714554765420424
3014836,43.0181145707691
3014837,0.8143459707002969
3014838,311.35769058844096
3014839,229.0631987830929
3014840,0.8143459707002969
3014841,0.8143459707002969
3014842,183.87981863736266
3014843,94.91988807712815
3014844,0.8143459707002969
3014845,0.8143459707002969
3014846,12.638856863123394
3014847,13.196365760196208
3014848,6.096250297561821
3014849,9.941351497985497
3014850,1212.9248466111276
3014851,6.096250297561821
3014852,450.844617723791
3014853,6.096250297561821
3014854,1422.6899505491094
3014855,473.4096555005574
3014856,334.8071329025745
3014857,116.95508551250745
3014858,126.42067038546787
3014859,4863.215987363201
3014860,41.34338745047653
3014861,6.902993287865563
3014862,6.096250297561821
3014863,6.096250297561821
3014864,6.59121713636711
3014865,6.096250297561821
3014866,6.096250297561821
3014867,6.744213767688693
3014868,16.941535373913965
3014869,84.23529814204034
3014870,6.096250297561821
3014871,833.3254980436751
3014872,328.1479237648888
3014873,6.096250297561821
3014874,6.096250297561821
3014875,251.9770232397802
3014876,141.05705725090846
3014877,6.096250297561821
3014878,6.096250297561821
3014879,24.66177742254627
3014880,17.581331196281695
3014881,10.328750200282938
3014882,14.191559785148868
3014883,2198.5530555287296
3014884,10.328750200282938
3014885,641.2381496312562
3014886,10.328750200282938
3014887,1444.8530055529227
3014888,855.399376340042
3014889,250.33128606819506
3014890,319.7577925250429
3014891,154.0858198798546
3014892,4000.1631084355486
3014893,42.31218513737876
3014894,11.965383704973133
3014895,10.328750200282938
3014896,10.328750200282938
3014897,10.843660623000929
3014898,10.328750200282938
3014899,10.328750200282938
3014900,13.544885375803332
3014901,19.100341783407288
3014902,92.49548608340035
3014903,10.328750200282938
3014904,585.4345638176104
3014905,254.52048726446498
3014906,10.328750200282938
3014907,10.328750200282938
3014908,383.7085264238796
3014909,184.87282491484254
3014910,10.328750200282938
3014911,10.328750200282938
3014912,78.06506239446651
3014913,0.0
3014914,0.0
3014915,0.0
3014916,26.853849505281577
3014917,0.0
3014918,38.0946393975727
3014919,0.0
3014920,35.83501757099147
3014921,33.64069548099023
3014922,14.007106489857383
3014923,6.178914311607146
3014924,0.0
3014925,45.56944743426786
3014926,0.0
3014927,0.0
3014928,0.0
3014929,0.0
3014930,0.0
3014931,0.0
3014932,0.0
3014933,0.0
3014934,0.0
3014935,0.0
3014936,0.0
3014937,36.317668293645724
3014938,17.05475177931732
3014939,0.0
3014940,0.0
3014941,13.478969889652731
3014942,0.0
3014943,0.0
3014944,0.0
3014945,0.0
3014946,0.0
3014947,0.0
3014948,0.0
3014949,27.22618042221099
3014950,0.0
3014951,39.00288342013296
3014952,0.0
3014953,37.69625205314321
3014954,31.796568842661642
3014955,14.078406920307124
3014956,5.1152628603842345
3014957,0.0
3014958,44.82632512825148
3014959,0.0
3014960,0.0
3014961,0.0
3014962,0.0
3014963,0.0
3014964,0.0
3014965,0.0
3014966,0.0
3014967,0.0
3014968,0.0
3014969,0.0
3014970,33.9970569963031
3014971,17.58822552747829
3014972,0.0
3014973,0.0
3014974,12.793975987349967
3014975,0.0
3014976,0.0
3014977,0.0
3014978,0.0
3014979,0.8988465321406447
3014980,0.0
3014981,0.0
3014982,358.57405706876153
3014983,0.0
3014984,171.64841493161438
3014985,0.0
3014986,680.9652660851591
3014987,75.2276447301574
3014988,104.50538904033152
3014989,42.039250820692665
3014990,15.204819148370042
3014991,1743.7782260085146
3014992,6.310717463017507
3014993,0.0
3014994,0.0
3014995,0.0
3014996,0.0
3014997,0.0
3014998,0.0
3014999,0.0
3015000,0.32267876713883625
3015001,20.161270336144593
3015002,0.0
3015003,73.85689213933657
3015004,134.50821754302748
3015005,0.0
3015006,0.0
3015007,42.88880230714557
3015008,43.4336005636601
3015009,0.0
3015010,0.0
3015011,0.04993640742157268
3015012,10.760124217919941
3015013,6.918651869510715
3015014,10.498025139198257
3015015,1065.6801477950255
3015016,6.918651869510715
3015017,368.23227724329263
3015018,6.918651869510715
3015019,1109.4112252855589
3015020,429.7755838910882
3015021,249.22400255910958
3015022,191.52901804884067
3015023,131.00644685749975
3015024,3571.080649953862
3015025,45.32882955979921
3015026,7.324394283118924
3015027,6.918651869510715
3015028,6.918651869510715
3015029,7.014747030061944
3015030,6.918651869510715
3015031,6.918651869510715
3015032,12.854072947696505
3015033,18.20966417513087
3015034,49.945843272691064
3015035,6.918651869510715
3015036,394.44327146700186
3015037,246.65038586228548
3015038,6.918651869510715
3015039,6.918651869510715
3015040,334.12962020750325
3015041,120.5287320806425
3015042,6.918651869510715
3015043,6.918651869510715
3015044,39.626449957018316
3015045,9.17452240005039
3015046,4.894380239418453
3015047,7.103736134931404
3015048,1468.3462209878953
3015049,4.894380239418453
3015050,430.69322251800685
3015051,4.894380239418453
3015052,971.5348334354252
3015053,620.1749700615655
3015054,162.1571434861568
3015055,245.66472812906798
3015056,140.13682407460763
3015057,2761.601727420615
3015058,35.502645709828904
3015059,6.068536278590146
3015060,4.894380239418453
3015061,4.894380239418453
3015062,5.184387182917718
3015063,4.894380239418453
3015064,4.894380239418453
3015065,9.59301024961475
3015066,15.285438320977885
3015067,71.00307347145437
3015068,4.894380239418453
3015069,442.65073949547036
3015070,161.20703020891992
3015071,4.894380239418453
3015072,4.894380239418453
3015073,226.03539569390583
3015074,123.27413779432067
3015075,4.894380239418453
3015076,4.894380239418453
3015077,52.34843216124549
3015078,14.47703731539183
3015079,9.967834783695867
3015080,12.47234187140577
3015081,1581.2691827273895
3015082,9.967834783695867
3015083,466.35137340364247
3015084,9.967834783695867
3015085,1256.5988708886628
3015086,787.8317693348291
3015087,228.0389564925835
3015088,279.3031159983114
3015089,149.34897708599655
3015090,3462.1608580232532
3015091,46.82785982229667
3015092,11.18942806174563
3015093,9.967834783695867
3015094,9.967834783695867
3015095,10.407956766741222
3015096,9.967834783695867
3015097,9.967834783695867
3015098,16.802842079334464
3015099,35.723083668825396
3015100,104.5994427501199
3015101,9.967834783695867
3015102,463.9442366039574
3015103,249.3884191894803
3015104,9.967834783695867
3015105,9.967834783695867
3015106,233.02675519574066
3015107,214.86347224829058
3015108,9.967834783695867
3015109,9.967834783695867
3015110,59.63625114018476
3015111,12.457192436946682
3015112,5.232997413010976
3015113,8.594904498313902
3015114,810.2773924638877
3015115,5.232997413010976
3015116,502.73526807459217
3015117,5.232997413010976
3015118,1399.8447092492352
3015119,274.0073973170031
3015120,363.68121057203405
3015121,110.75577811584037
3015122,44.903475753555696
3015123,4376.772934494938
3015124,19.088147871562672
3015125,6.207183409915121
3015126,5.232997413010976
3015127,5.232997413010976
3015128,5.189487486173285
3015129,5.232997413010976
3015130,5.232997413010976
3015131,5.63617713297122
3015132,16.61165860427922
3015133,30.596181594983484
3015134,5.232997413010976
3015135,321.4422411304915
3015136,311.74837473230167
3015137,5.232997413010976
3015138,5.232997413010976
3015139,329.2521647660967
3015140,66.42902132407092
3015141,5.232997413010976
3015142,5.232997413010976
3015143,19.392021374557558
3015144,1.8738694474162867
3015145,0.0
3015146,0.7059003997108757
3015147,799.6998909995154
3015148,0.0
3015149,277.7580415952244
3015150,0.0
3015151,700.760188410341
3015152,345.115188487424
3015153,122.30271941879448
3015154,125.59611531875572
3015155,67.08829326906154
3015156,1719.1600108520354
3015157,24.566194494194104
3015158,0.6726537152713439
3015159,0.0
3015160,0.0
3015161,0.0
3015162,0.0
3015163,0.0
3015164,0.7976231180365745
3015165,11.417719721617864
3015166,68.32812848951612
3015167,0.0
3015168,262.65471380969944
3015169,114.72940756303618
3015170,0.0
3015171,0.0
3015172,151.01747968583965
3015173,65.64010383843629
3015174,0.0
3015175,0.0
3015176,16.958157213589722
3015177,2.256334815121123
3015178,0.0
3015179,0.0
3015180,361.42973526839705
3015181,0.0
3015182,122.37137753625578
3015183,0.0
3015184,692.5738310475921
3015185,108.0844985998697
3015186,157.3183644869798
3015187,34.39791686356415
3015188,17.096719595948358
3015189,1694.8246194761637
3015190,5.3388895083546375
3015191,0.0
3015192,0.0
3015193,0.0
3015194,0.0
3015195,0.0
3015196,0.0
3015197,0.0
3015198,2.9623506360099725
3015199,10.060903397173421
3015200,0.0
3015201,202.1451188701025
3015202,129.77988738225804
3015203,0.0
3015204,0.0
3015205,92.9254220576801
3015206,22.502267383129627
3015207,0.0
3015208,0.0
3015209,4.797690602058863
3015210,10.992303529396972
3015211,5.6797046926033765
3015212,9.18337776839557
3015213,1751.1525726496097
3015214,5.6797046926033765
3015215,556.3331232828776
3015216,5.6797046926033765
3015217,1608.4620382582345
3015218,180.85728790247109
3015219,270.7141988462913
3015220,69.59731782315315
3015221,39.90421675851066
3015222,4506.9481109740855
3015223,25.797479298901585
3015224,6.717874507221557
3015225,5.6797046926033765
3015226,5.6797046926033765
3015227,5.6120208720937335
3015228,5.6797046926033765
3015229,5.6797046926033765
3015230,6.908103748456687
3015231,15.937232062285368
3015232,30.178292838029414
3015233,5.6797046926033765
3015234,609.2368631387626
3015235,303.906251524783
3015236,5.6797046926033765
3015237,5.6797046926033765
3015238,371.95057516886675
3015239,38.23226476240737
3015240,5.6797046926033765
3015241,5.6797046926033765
3015242,14.213951630292248
3015243,2.4423805712839557
3015244,0.0
3015245,0.024158919163373094
3015246,545.687716803203
3015247,0.0
3015248,219.43413097287262
3015249,0.0
3015250,695.468820196543
3015251,132.6272559888523
3015252,123.62222119727419
3015253,44.58809386212741
3015254,20.511315563447987
3015255,1688.8930101936714
3015256,7.500174399482132
3015257,0.1378305130300408
3015258,0.0
3015259,0.0
3015260,0.0
3015261,0.0
3015262,0.0
3015263,0.0
3015264,5.320533811413844
3015265,20.34535809155172
3015266,0.0
3015267,160.52245351061768
3015268,113.13465979013348
3015269,0.0
3015270,0.0
3015271,82.91363654916499
3015272,25.62206647584304
3015273,0.0
3015274,0.0
3015275,3.2453254835566074
3015276,1.585728412953857
3015277,0.0
3015278,0.0
3015279,614.2145364127217
3015280,0.0
3015281,214.30051415002245
3015282,0.0
3015283,632.3846505439973
3015284,120.38488212192647
3015285,107.53919217163624
3015286,36.261386022366786
3015287,17.782733325325566
3015288,1762.270292522382
3015289,6.506115840358973
3015290,0.0
3015291,0.0
3015292,0.0
3015293,0.0
3015294,0.0
3015295,0.0
3015296,0.0
3015297,4.3445631547889985
3015298,15.269577515147692
3015299,0.0
3015300,161.16576331749138
3015301,127.12997549688137
3015302,0.0
3015303,0.0
3015304,88.74191123106264
3015305,23.25431040891037
3015306,0.0
3015307,0.0
3015308,4.253089770360825
3015309,1.4164375043270931
3015310,0.0
3015311,1.303173799085506
3015312,389.0909689117273
3015313,0.0
3015314,208.95991700580288
3015315,0.0
3015316,914.1138330485121
3015317,137.22324653083024
3015318,123.75103403582413
3015319,43.57878231961203
3015320,30.119737450881956
3015321,2004.8482717046866
3015322,7.446680879814696
3015323,0.0
3015324,0.0
3015325,0.0
3015326,0.0
3015327,0.0
3015328,0.0
3015329,0.0
3015330,6.777907968239822
3015331,31.480899718342563
3015332,0.0
3015333,355.4009978179454
3015334,222.1750473926991
3015335,0.0
3015336,0.0
3015337,75.97354260021051
3015338,30.201295073542205
3015339,0.0
3015340,0.0
3015341,9.65295365696946
3015342,2.029035944982136
3015343,0.0
3015344,0.16550907014465555
3015345,538.3458566752686
3015346,0.0
3015347,177.71590202986152
3015348,0.0
3015349,741.3259237770333
3015350,128.9587643111005
3015351,166.26285791160709
3015352,50.69757139163579
3015353,24.36059599688196
3015354,1939.8290710890267
3015355,11.339059072288096
3015356,0.0
3015357,0.0
3015358,0.0
3015359,0.0
3015360,0.0
3015361,0.0
3015362,0.0
3015363,3.075357872484717
3015364,24.111436811895416
3015365,0.0
3015366,135.7913333041861
3015367,146.4979311178577
3015368,0.0
3015369,0.0
3015370,63.97862149780019
3015371,27.539237079147178
3015372,0.0
3015373,0.0
3015374,7.366734369141774
3015375,3.2434260946125404
3015376,0.0
3015377,0.0
3015378,338.2984500180875
3015379,0.0
3015380,182.2618612242477
3015381,0.0
3015382,790.6606739740598
3015383,116.13102739608817
3015384,147.45139694403582
3015385,79.69940844861914
3015386,20.717233015545133
3015387,1971.0254569927981
3015388,6.883298376642639
3015389,0.0
3015390,0.0
3015391,0.0
3015392,0.0
3015393,0.0
3015394,0.0
3015395,0.0
3015396,3.075340065713366
3015397,21.48437415658507
3015398,0.0
3015399,108.30513154045582
3015400,156.7974923144602
3015401,0.0
3015402,0.0
3015403,81.27745935467239
3015404,38.790853213393376
3015405,0.0
3015406,0.0
3015407,3.7762620707976717
3015408,1.2985865358045667
3015409,0.0
3015410,0.0
3015411,738.3175189437711
3015412,0.0
3015413,166.67606855429085
3015414,0.0
3015415,707.5030755089904
3015416,160.88276377380726
3015417,186.07056626625402
3015418,64.64149609080998
3015419,30.743928004716807
3015420,2059.803527684554
3015421,6.394360048897106
3015422,0.0
3015423,0.0
3015424,0.0
3015425,0.0
3015426,0.0
3015427,0.0
3015428,0.0
3015429,2.1762227599061243
3015430,21.408546988583645
3015431,0.0
3015432,187.73819076415833
3015433,128.55815505642175
3015434,0.0
3015435,0.0
3015436,156.63402459285467
3015437,39.12842211347767
3015438,0.0
3015439,0.0
3015440,7.748175196773719
3015441,2.5067075782396655
3015442,0.0
3015443,0.2818639586520595
3015444,605.4362421262099
3015445,0.0
3015446,582.4982975736209
3015447,0.0
3015448,508.31480187132223
3015449,203.90019284260632
3015450,124.75626898942095
3015451,97.73187172701091
3015452,38.71781745340755
3015453,1500.9107175220395
3015454,15.426748862071303
3015455,0.0
3015456,0.0
3015457,0.0
3015458,0.0
3015459,0.0
3015460,0.0
3015461,0.0
3015462,5.88045959806573
3015463,41.75786119975745
3015464,0.0
3015465,165.45623925362386
3015466,96.59589972827894
3015467,0.0
3015468,0.0
3015469,106.0769474244837
3015470,43.62717528429967
3015471,0.0
3015472,0.0
3015473,11.179159697198704
3015474,1.928661153408798
3015475,0.0
3015476,0.0
3015477,811.8454493442175
3015478,0.0
3015479,168.93569964169106
3015480,0.0
3015481,700.1542091014055
3015482,99.68776207691123
3015483,114.5252399081303
3015484,43.49202179400132
3015485,21.21757528476322
3015486,1664.5777776116283
3015487,7.418676764070609
3015488,0.106267021545978
3015489,0.0
3015490,0.0
3015491,0.0
3015492,0.0
3015493,0.0
3015494,0.0
3015495,1.5825806166188991
3015496,39.42932803142372
3015497,0.0
3015498,125.47627750629425
3015499,122.0903597811453
3015500,0.0
3015501,0.0
3015502,70.67097110052798
3015503,33.732527124342674
3015504,0.0
3015505,0.0
3015506,12.051544284135863
3015507,6.518087692671356
3015508,3.0468593818240635
3015509,5.556035249532717
3015510,927.6287770944713
3015511,3.0468593818240635
3015512,269.8109074768885
3015513,3.0468593818240635
3015514,853.7028196612164
3015515,340.97015936212887
3015516,145.77894684971554
3015517,132.73256802209025
3015518,63.49836079723633
3015519,2311.1753160775424
3015520,23.689158159146963
3015521,3.759400006348108
3015522,3.0468593818240635
3015523,3.0468593818240635
3015524,2.9791755613144204
3015525,3.0468593818240635
3015526,3.0468593818240635
3015527,7.167744869679879
3015528,21.755658502227437
3015529,42.32086676307807
3015530,3.0468593818240635
3015531,405.8669949001489
3015532,154.56159460325264
3015533,3.0468593818240635
3015534,3.0468593818240635
3015535,187.22084427988767
3015536,84.66710538369593
3015537,3.0468593818240635
3015538,3.0468593818240635
3015539,18.697693027216364
3015540,0.0
3015541,0.0
3015542,0.0
3015543,25.201182108877532
3015544,0.0
3015545,35.586620992336414
3015546,0.0
3015547,38.65590961058443
3015548,34.59261942278111
3015549,14.652028227343354
3015550,6.374010195437802
3015551,0.0
3015552,0.1195502358579077
3015553,0.0
3015554,0.0
3015555,0.0
3015556,0.0
3015557,0.0
3015558,0.0
3015559,0.0
3015560,0.0
3015561,0.0
3015562,0.0
3015563,0.0
3015564,37.21348160299707
3015565,17.5555505323879
3015566,0.0
3015567,0.0
3015568,13.730088980620224
3015569,0.0
3015570,0.0
3015571,0.0
3015572,0.0
3015573,0.0
3015574,0.0
3015575,0.0
3015576,27.161968607114883
3015577,0.0
3015578,38.39241711426087
3015579,0.0
3015580,39.32889544904523
3015581,33.15517650513182
3015582,14.323730664510807
3015583,5.532895184592908
3015584,0.0
3015585,6.670346815241736
3015586,0.0
3015587,0.0
3015588,0.0
3015589,0.0
3015590,0.0
3015591,0.0
3015592,0.0
3015593,0.0
3015594,0.0
3015595,0.0
3015596,0.0
3015597,35.417293099625375
3015598,17.791096189679514
3015599,0.0
3015600,0.0
3015601,12.29984049989149
3015602,0.0
3015603,0.0
3015604,0.0
3015605,0.0
3015606,0.0
3015607,0.0
3015608,0.0
3015609,26.891475295398184
3015610,0.0
3015611,36.24214071157045
3015612,0.0
3015613,39.30778940858055
3015614,33.269732757040074
3015615,15.094198302211733
3015616,5.717990069269758
3015617,0.0
3015618,0.6776984230855128
3015619,0.0
3015620,0.0
3015621,0.0
3015622,0.0
3015623,0.0
3015624,0.0
3015625,0.0
3015626,0.0
3015627,0.0
3015628,0.0
3015629,0.0
3015630,34.11625926523266
3015631,18.13411312994416
3015632,0.0
3015633,0.0
3015634,12.920184453140038
3015635,0.0
3015636,0.0
3015637,0.0
3015638,0.0
3015639,1.2896157002377735
3015640,0.0
3015641,0.0
3015642,509.41133712811137
3015643,0.0
3015644,235.59994076874202
3015645,0.0
3015646,600.3645579272999
3015647,227.66752270039137
3015648,122.06063712862552
3015649,57.3991102188415
3015650,57.41934335101
3015651,1684.9131897346447
3015652,14.186371703904205
3015653,0.0
3015654,0.0
3015655,0.0
3015656,0.0
3015657,0.0
3015658,0.0
3015659,0.0
3015660,6.533771197432266
3015661,42.986942879565625
3015662,0.0
3015663,742.1682415936945
3015664,126.37049822654993
3015665,0.0
3015666,0.0
3015667,123.09701290252373
3015668,42.689190659537566
3015669,0.0
3015670,0.0
3015671,14.197395398579014
3015672,11.767169954900636
3015673,8.532732311539606
3015674,10.197443521399343
3015675,1606.526022362295
3015676,8.532732311539606
3015677,456.82922657065336
3015678,8.532732311539606
3015679,1070.6071853652265
3015680,576.3366537905401
3015681,204.11989245391794
3015682,186.14353014111137
3015683,101.76984956625414
3015684,3059.418134908511
3015685,24.796163809843442
3015686,8.849596104471045
3015687,8.532732311539606
3015688,8.532732311539606
3015689,8.465048491029961
3015690,8.532732311539606
3015691,8.532732311539606
3015692,12.36673764275949
3015693,19.905533025461818
3015694,77.05319114369556
3015695,8.532732311539606
3015696,379.2780438460385
3015697,206.32573981553526
3015698,8.532732311539606
3015699,8.532732311539606
3015700,250.32107784611318
3015701,126.8790945335002
3015702,8.532732311539606
3015703,8.532732311539606
3015704,39.657960015920686
3015705,1.0465767431168769
3015706,0.0
3015707,0.16272462496148066
3015708,1429.3489767790043
3015709,0.0
3015710,271.8982062604523
3015711,0.0
3015712,639.4844316682248
3015713,337.21803774024215
3015714,154.88541654836382
3015715,132.69738450630064
3015716,60.711886820745335
3015717,1844.3384528924626
3015718,14.623694676714404
3015719,0.0
3015720,0.0
3015721,0.0
3015722,0.0
3015723,0.0
3015724,0.0
3015725,4.265405502710214
3015726,25.37854250720466
3015727,100.35881371630528
3015728,0.0
3015729,301.1308746921546
3015730,117.52649484706
3015731,0.0
3015732,0.0
3015733,127.72342667998751
3015734,72.46236726150252
3015735,0.0
3015736,0.0
3015737,5.471355813210101
3015738,2.5771476173853394
3015739,0.0
3015740,0.12302705377959144
3015741,373.4566553682384
3015742,0.0
3015743,224.0080289870673
3015744,0.0
3015745,551.9311270623898
3015746,162.6119382415425
3015747,101.73719085925298
3015748,61.1452184693881
3015749,37.7489507831003
3015750,1600.817875513866
3015751,9.80826715165654
3015752,0.20698706038266135
3015753,0.0
3015754,0.0
3015755,0.0
3015756,0.0
3015757,0.0
3015758,0.0
3015759,7.883555587221625
3015760,24.540700156714085
3015761,0.0
3015762,349.39660856490354
3015763,172.28846179127729
3015764,0.0
3015765,0.0
3015766,139.71060271538
3015767,35.207798950620024
3015768,0.0
3015769,0.0
3015770,2.964880710493638
3015771,2.8579210955057226
3015772,0.0
3015773,0.2892278856966395
3015774,735.1221981538702
3015775,0.0
3015776,300.99146418814826
3015777,0.0
3015778,529.9016115768611
3015779,265.81584828252375
3015780,136.72901750460858
3015781,135.9346058947246
3015782,45.70338936042575
3015783,1652.7527688589257
3015784,20.87334189417
3015785,0.2790884548797721
3015786,0.0
3015787,0.0
3015788,0.0
3015789,0.0
3015790,0.0
3015791,0.0
3015792,11.237971696415048
3015793,49.98673652850799
3015794,0.0
3015795,154.23799924406077
3015796,119.46993810318115
3015797,0.0
3015798,0.0
3015799,155.0371171070338
3015800,59.09950292857611
3015801,0.0
3015802,0.0
3015803,13.32850232723794
3015804,1.8889895776679029
3015805,0.0
3015806,0.19306637573833618
3015807,552.3081824473029
3015808,0.0
3015809,334.53520197711725
3015810,0.0
3015811,567.7317224699963
3015812,176.10583072129762
3015813,154.09624350897585
3015814,72.45613298054762
3015815,35.26870467145103
3015816,1654.5949793093414
3015817,11.125002637816518
3015818,0.0
3015819,0.0
3015820,0.0
3015821,0.0
3015822,0.0
3015823,0.0
3015824,0.0
3015825,2.177524565043023
3015826,71.67535138948546
3015827,0.0
3015828,123.7484984559057
3015829,148.30420128287608
3015830,0.0
3015831,0.0
3015832,114.40052595532353
3015833,44.365774848959475
3015834,0.0
3015835,0.0
3015836,5.758751191995852
3015837,0.0
3015838,0.0
3015839,0.0
3015840,28.44098794471406
3015841,0.0
3015842,38.36485978361328
3015843,0.0
3015844,41.270772768846854
3015845,32.804734533149244
3015846,15.260218679202893
3015847,6.174838636178457
3015848,0.0
3015849,0.0
3015850,0.0
3015851,0.0
3015852,0.0
3015853,0.0
3015854,0.0
3015855,0.0
3015856,0.0
3015857,0.0
3015858,0.0
3015859,0.0
3015860,0.0
3015861,36.29427282815903
3015862,17.850785616645137
3015863,0.0
3015864,0.0
3015865,13.580956477285184
3015866,0.0
3015867,0.0
3015868,0.0
3015869,0.0
3015870,21.26514347318767
3015871,16.782191791572068
3015872,20.097991558434238
3015873,2660.3683349624307
3015874,16.782191791572068
3015875,598.0059437712157
3015876,16.782191791572068
3015877,1636.077192126533
3015878,897.6443000050007
3015879,256.413419433992
3015880,374.0890361384437
3015881,200.2747218035374
3015882,4782.483410035753
3015883,65.81675435782272
3015884,18.469889312096342
3015885,16.782191791572068
3015886,16.782191791572068
3015887,17.158252713120064
3015888,16.782191791572068
3015889,16.782191791572068
3015890,24.850155894960256
3015891,55.957468686859436
3015892,135.89944339904517
3015893,16.782191791572068
3015894,502.7307684229086
3015895,295.40452486081176
3015896,16.782191791572068
3015897,16.782191791572068
3015898,390.83119417281335
3015899,265.5371452641381
3015900,16.782191791572068
3015901,16.782191791572068
3015902,79.70745733221823
3015903,0.0
3015904,0.0
3015905,0.0
3015906,341.29533617556524
3015907,0.0
3015908,125.80597023526029
3015909,0.0
3015910,369.90701831417357
3015911,107.41394705631147
3015912,75.03605681740525
3015913,51.61193081277125
3015914,22.510522099693677
3015915,991.4121452277011
3015916,1.738614700907759
3015917,0.0
3015918,0.0
3015919,0.0
3015920,0.0
3015921,0.0
3015922,0.0
3015923,0.0
3015924,0.0
3015925,24.357475898953016
3015926,0.0
3015927,95.63757654275635
3015928,76.30923834506905
3015929,0.0
3015930,0.0
3015931,85.6896135055126
3015932,17.127613190014866
3015933,0.0
3015934,0.0
3015935,0.0
3015936,4.2110855527068
3015937,0.0
3015938,0.5688129935983803
3015939,597.6075126575964
3015940,0.0
3015941,306.7671568961488
3015942,0.0
3015943,778.2733091496638
3015944,199.64722530067135
3015945,150.44520160055143
3015946,64.7247319778905
3015947,25.734406243930604
3015948,2303.6480181336065
3015949,10.618718536245325
3015950,0.0
3015951,0.0
3015952,0.0
3015953,0.0
3015954,0.0
3015955,0.0
3015956,0.0
3015957,2.6790582157239005
3015958,18.871108098670938
3015959,0.0
3015960,215.72902105511977
3015961,186.17069428748556
3015962,0.0
3015963,0.0
3015964,91.68415436614777
3015965,46.179888403408285
3015966,0.0
3015967,0.0
3015968,6.550196887036298
3015969,0.0
3015970,0.0
3015971,0.0
3015972,189.9809953922237
3015973,0.0
3015974,108.07734501306933
3015975,0.0
3015976,428.6224828821097
3015977,81.95458262010656
3015978,99.76831816901323
3015979,33.06368734788689
3015980,13.270784503363323
3015981,1102.674705438291
3015982,1.4319495862877036
3015983,0.0
3015984,0.0
3015985,0.0
3015986,0.0
3015987,0.0
3015988,0.0
3015989,0.0
3015990,0.0
3015991,179.96556261959645
3015992,0.0
3015993,112.39887768228043
3015994,119.06221343740411
3015995,0.0
3015996,0.0
3015997,79.44601797748534
3015998,19.56674026976186
3015999,0.0
3016000,0.0
3016001,0.0
3016002,3.456909497805065
3016003,0.0
3016004,0.002636468190914565
3016005,523.4002061181744
3016006,0.0
3016007,185.08357317940482
3016008,0.0
3016009,794.5898923979275
3016010,150.9558072891865
3016011,138.59171834513754
3016012,72.89637893883545
3016013,28.78214137546123
3016014,1982.7684144933771
3016015,8.40177350156307
3016016,0.0
3016017,0.0
3016018,0.0
3016019,0.0
3016020,0.0
3016021,0.0
3016022,0.0
3016023,6.011132565640596
3016024,33.02023430676881
3016025,0.0
3016026,219.05580769148077
3016027,164.15198566179188
3016028,0.0
3016029,0.0
3016030,101.48061754374567
3016031,33.402045319255926
3016032,0.0
3016033,0.0
3016034,1.3026937845297346
3016035,2.4537884588555654
3016036,0.0
3016037,0.5444016390349748
3016038,870.8682980790951
3016039,0.0
3016040,524.1810507654026
3016041,0.0
3016042,782.9171462227181
3016043,199.0140092323994
3016044,207.50208639788613
3016045,57.07417497622988
3016046,34.64340305894588
3016047,2558.869256383756
3016048,11.267717725029504
3016049,0.3770699847094867
3016050,0.0
3016051,0.0
3016052,0.0
3016053,0.0
3016054,0.0
3016055,0.0
3016056,9.72650519802461
3016057,65.43528159362695
3016058,0.0
3016059,205.93431153635734
3016060,250.78475500119112
3016061,0.0
3016062,0.0
3016063,118.26474068638313
3016064,41.796193689948964
3016065,0.0
3016066,0.0
3016067,2.0312911520795236
3016068,0.0
3016069,0.0
3016070,0.0
3016071,486.07433955179675
3016072,0.0
3016073,117.24634584293815
3016074,0.0
3016075,450.9448405124741
3016076,95.94442914583539
3016077,74.6969623193716
3016078,47.39873485743572
3016079,18.352364025009948
3016080,1207.9560536019815
3016081,4.565774248996767
3016082,0.0
3016083,0.0
3016084,0.0
3016085,0.0
3016086,0.0
3016087,0.0
3016088,0.0
3016089,0.0
3016090,23.65148214157841
3016091,0.0
3016092,137.2797394610296
3016093,91.23633958458393
3016094,0.0
3016095,0.0
3016096,45.527854734576515
3016097,18.8959251943814
3016098,0.0
3016099,0.0
3016100,0.0
3016101,0.0
3016102,0.0
3016103,0.0
3016104,25.271127271763522
3016105,0.0
3016106,37.23599767921185
3016107,0.0
3016108,35.75394558061163
3016109,32.01461106632874
3016110,14.178854447966998
3016111,4.567088401360285
3016112,0.0
3016113,5.899653003020621
3016114,0.0
3016115,0.0
3016116,0.0
3016117,0.0
3016118,0.0
3016119,0.0
3016120,0.0
3016121,0.0
3016122,0.0
3016123,0.0
3016124,0.0
3016125,35.19533577229533
3016126,17.431613872486203
3016127,0.0
3016128,0.0
3016129,12.003703163572194
3016130,0.0
3016131,0.0
3016132,0.0
3016133,0.0
3016134,9.411226288252607
3016135,3.228936824573756
3016136,6.674259089180092
3016137,779.5482207608854
3016138,3.228936824573756
3016139,377.61406882496993
3016140,3.228936824573756
3016141,1045.726532126521
3016142,485.72394368498516
3016143,117.36553612159395
3016144,145.2498110518906
3016145,137.0466841670574
3016146,2854.332417822444
3016147,50.5612828473928
3016148,4.497597487554461
3016149,3.228936824573756
3016150,3.228936824573756
3016151,3.290886299496681
3016152,3.228936824573756
3016153,3.228936824573756
3016154,7.17366783757841
3016155,20.684255975171798
3016156,82.78737567108384
3016157,3.228936824573756
3016158,219.82715560806454
3016159,221.01143094059069
3016160,3.228936824573756
3016161,3.228936824573756
3016162,120.0971316760008
3016163,163.23577113118745
3016164,3.228936824573756
3016165,3.228936824573756
3016166,17.47720745991786
3016167,5.8307728233301805
3016168,1.1163054147343168
3016169,3.150854562604777
3016170,546.706327733773
3016171,1.1163054147343168
3016172,329.30790275657455
3016173,1.1163054147343168
3016174,821.6294038559072
3016175,394.37318390457494
3016176,133.56067634995767
3016177,93.09672735919348
3016178,106.50671856821974
3016179,2499.905727469788
3016180,20.60288339696683
3016181,2.531820499573798
3016182,1.1163054147343168
3016183,1.1163054147343168
3016184,1.0486215942246733
3016185,1.1163054147343168
3016186,1.1163054147343168
3016187,3.1066522596206845
3016188,24.404618694342467
3016189,63.483175979330184
3016190,1.1163054147343168
3016191,169.51787012208132
3016192,202.83980997163397
3016193,1.1163054147343168
3016194,1.1163054147343168
3016195,81.76810447663755
3016196,116.69313965090693
3016197,1.1163054147343168
3016198,1.1163054147343168
3016199,14.8024021552656
3016200,7.589361053883712
3016201,0.0
3016202,0.4123509624106534
3016203,588.6238435975567
3016204,0.0
3016205,618.2985638225978
3016206,0.0
3016207,929.500856608606
3016208,190.733426054351
3016209,111.36473832505577
3016210,86.90585930763449
3016211,38.76066314151061
3016212,2409.3867636549667
3016213,23.475976042257248
3016214,0.14920303159331771
3016215,0.0
3016216,0.0
3016217,0.0
3016218,0.0
3016219,0.0
3016220,0.6114727939415694
3016221,8.258697264053174
3016222,36.74799264626948
3016223,0.0
3016224,160.34947943020532
3016225,196.55217397959484
3016226,0.0
3016227,0.0
3016228,91.55942749191857
3016229,57.002887845681194
3016230,0.0
3016231,0.0
3016232,20.264957408749105
3016233,5.456818313592249
3016234,2.6365976492033036
3016235,4.8639389118232375
3016236,751.5969149272141
3016237,2.6365976492033036
3016238,243.73020726670154
3016239,2.6365976492033036
3016240,779.2687924108013
3016241,294.6558559749291
3016242,141.30285998637214
3016243,109.8163632765931
3016244,62.23201382040241
3016245,2107.2389381024104
3016246,29.20028103025792
3016247,3.2442116037442084
3016248,2.6365976492033036
3016249,2.6365976492033036
3016250,2.608800996519066
3016251,2.6365976492033036
3016252,2.6365976492033036
3016253,4.890555937164363
3016254,12.582332409596107
3016255,37.332646347644584
3016256,2.6365976492033036
3016257,266.52897230833
3016258,161.05473875967948
3016259,2.6365976492033036
3016260,2.6365976492033036
3016261,180.99971828490237
3016262,77.46203504515876
3016263,2.6365976492033036
3016264,2.6365976492033036
3016265,22.553993898195195
3016266,1.59535400726775
3016267,0.0
3016268,0.10779732419727117
3016269,483.46094161538707
3016270,0.0
3016271,196.9220627470124
3016272,0.0
3016273,674.1493545463006
3016274,141.85504344610172
3016275,104.91315415086503
3016276,68.89297948405118
3016277,22.89590980653297
3016278,1870.7781274709143
3016279,8.939731172841224
3016280,0.0
3016281,0.0
3016282,0.0
3016283,0.0
3016284,0.0
3016285,0.0
3016286,0.0
3016287,1.3762735221470552
3016288,21.037387668973853
3016289,0.0
3016290,90.71466647526063
3016291,140.53602225959224
3016292,0.0
3016293,0.0
3016294,82.28558413872325
3016295,32.070700295394595
3016296,0.0
3016297,0.0
3016298,1.3295167177742298
3016299,2.8772196182040712
3016300,0.0
3016301,0.762937406491655
3016302,425.50208149065793
3016303,0.0
3016304,191.07007631625137
3016305,0.0
3016306,510.6000386902217
3016307,183.97739330024928
3016308,116.1124989284899
3016309,72.05546933289499
3016310,56.60066914066599
3016311,1348.013816523306
3016312,18.304882522053777
3016313,0.0
3016314,0.0
3016315,0.0
3016316,0.0
3016317,0.0
3016318,0.0
3016319,1.5704666122206339
3016320,11.391028749908864
3016321,24.911031262860824
3016322,0.0
3016323,132.839941663405
3016324,133.56372644307493
3016325,0.0
3016326,0.0
3016327,87.76788292764799
3016328,44.40715918903692
3016329,0.0
3016330,0.0
3016331,4.036808439737843
3016332,0.0
3016333,0.0
3016334,0.0
3016335,26.060618973876043
3016336,0.0
3016337,35.66501994865046
3016338,0.0
3016339,37.411024167178034
3016340,32.975576445360886
3016341,14.856533301067884
3016342,6.683422169671026
3016343,0.0
3016344,4.462820618607143
3016345,0.0
3016346,0.0
3016347,0.0
3016348,0.0
3016349,0.0
3016350,0.0
3016351,0.0
3016352,0.0
3016353,0.0
3016354,0.0
3016355,0.0
3016356,35.36855706532406
3016357,18.581650349344265
3016358,0.0
3016359,0.0
3016360,13.748417031287785
3016361,0.09402106298724222
3016362,0.0
3016363,0.0
3016364,0.0
3016365,1.6762086203804998
3016366,0.0
3016367,0.0
3016368,939.72304924768
3016369,0.0
3016370,192.70383899958233
3016371,0.0
3016372,727.6724769818416
3016373,101.14039693456229
3016374,121.93432707531655
3016375,63.295284391401026
3016376,20.873433377105858
3016377,1871.877145185554
3016378,6.614139135027152
3016379,0.2379659024552201
3016380,0.0
3016381,0.0
3016382,0.0
3016383,0.0
3016384,0.0
3016385,0.0
3016386,4.154359182475998
3016387,106.83503623482717
3016388,0.0
3016389,131.53298018846814
3016390,147.12558419442462
3016391,0.0
3016392,0.0
3016393,93.18460459880035
3016394,36.34700495814693
3016395,0.0
3016396,0.0
3016397,0.44851087696072645
3016398,33.9359651280659
3016399,21.515949810551135
3016400,24.986929654143573
3016401,3349.1877344775567
3016402,21.515949810551135
3016403,728.3962402927576
3016404,21.515949810551135
3016405,2003.5802658794444
3016406,1134.1080153081398
3016407,387.16478795367624
3016408,440.88054999715126
3016409,261.09709594466506
3016410,6676.4519225378435
3016411,79.26982226200907
3016412,24.20019537559268
3016413,21.515949810551135
3016414,21.515949810551135
3016415,22.48533235350204
3016416,21.515949810551135
3016417,21.515949810551135
3016418,24.15586728022839
3016419,35.701757780809686
3016420,210.56443899359198
3016421,21.515949810551135
3016422,700.6468014755038
3016423,515.9932979850528
3016424,21.515949810551135
3016425,21.515949810551135
3016426,386.87531642213855
3016427,329.78586163176806
3016428,21.515949810551135
3016429,21.515949810551135
3016430,90.68014649677546
3016431,25.134709976075143
3016432,16.952384073934812
3016433,21.276721726084677
3016434,2162.7124560162374
3016435,16.952384073934812
3016436,547.2881035320581
3016437,16.952384073934812
3016438,1672.5977204334333
3016439,743.4647916388006
3016440,375.1820910202706
3016441,280.40856262245916
3016442,201.36081575963834
3016443,5224.859589360843
3016444,70.19092150153286
3016445,17.891559049566265
3016446,16.952384073934812
3016447,16.952384073934812
3016448,17.931558594156648
3016449,16.952384073934812
3016450,16.952384073934812
3016451,22.353874118495277
3016452,24.41138309557145
3016453,120.5403468617142
3016454,16.952384073934812
3016455,768.378911870146
3016456,315.7529255791682
3016457,16.952384073934812
3016458,16.952384073934812
3016459,376.29464373035154
3016460,211.2689803866515
3016461,16.952384073934812
3016462,16.952384073934812
3016463,64.0644370910876
3016464,20.140834139301486
3016465,12.878785588583877
3016466,18.522642641827105
3016467,1423.8826141047566
3016468,12.878785588583877
3016469,357.7635909052308
3016470,12.878785588583877
3016471,1665.2578195410185
3016472,505.6123485202065
3016473,472.49053507283753
3016474,150.30666224796664
3016475,135.5366757148946
3016476,4992.070497740827
3016477,41.76554629563182
3016478,13.878207868743093
3016479,12.878785588583877
3016480,12.878785588583877
3016481,14.329184424559443
3016482,12.878785588583877
3016483,12.878785588583877
3016484,15.336785733861326
3016485,40.117742435322064
3016486,70.83765889434571
3016487,12.878785588583877
3016488,1008.9497998928723
3016489,442.68095595584083
3016490,12.878785588583877
3016491,12.878785588583877
3016492,539.3630391008454
3016493,121.98818992506563
3016494,12.878785588583877
3016495,12.878785588583877
3016496,39.814556787834384
3016497,24.228272348633354
3016498,17.364323849411274
3016499,22.310297919880707
3016500,2040.8887318009786
3016501,17.364323849411274
3016502,594.2967473947335
3016503,17.364323849411274
3016504,1761.7255060728737
3016505,767.0589201604727
3016506,385.2281325434951
3016507,240.93080636630643
3016508,201.0718022645864
3016509,5178.340832128551
3016510,47.908649631464044
3016511,18.325572368855045
3016512,17.364323849411274
3016513,17.364323849411274
3016514,17.879989858348193
3016515,17.364323849411274
3016516,17.364323849411274
3016517,21.64071785000227
3016518,25.327739574496956
3016519,99.74745026765419
3016520,17.364323849411274
3016521,731.2972676154741
3016522,381.3736432868672
3016523,17.364323849411274
3016524,17.364323849411274
3016525,501.6746500016496
3016526,211.7314970325451
3016527,17.364323849411274
3016528,17.364323849411274
3016529,65.70939106687625
3016530,16.276742699275626
3016531,9.293174245710484
3016532,12.966415269484255
3016533,1128.7391251722272
3016534,9.293174245710484
3016535,390.1602972471131
3016536,9.293174245710484
3016537,1560.0644927177266
3016538,389.35041483448794
3016539,402.3608786700317
3016540,102.65390131142674
3016541,123.0509721911905
3016542,4407.614640440793
3016543,30.391064304297753
3016544,9.75416724495032
3016545,9.293174245710484
3016546,9.293174245710484
3016547,9.225490425200839
3016548,9.293174245710484
3016549,9.293174245710484
3016550,10.526147663270756
3016551,20.291748211920197
3016552,65.86907678387446
3016553,9.293174245710484
3016554,763.44175552451
3016555,359.22533246225584
3016556,9.293174245710484
3016557,9.293174245710484
3016558,499.92862143547177
3016559,94.00148326341537
3016560,9.293174245710484
3016561,9.293174245710484
3016562,25.512007603290275
3016563,11.678842057747431
3016564,7.265163573077956
3016565,10.537471290181294
3016566,1481.341716530127
3016567,7.265163573077956
3016568,363.7281642199279
3016569,7.265163573077956
3016570,882.2679134707762
3016571,537.3571813154749
3016572,172.1241600284142
3016573,188.8981496102632
3016574,120.43954529352978
3016575,2659.0510232944916
3016576,41.835400525962484
3016577,7.9006870336485004
3016578,7.265163573077956
3016579,7.265163573077956
3016580,7.71601293429859
3016581,7.265163573077956
3016582,7.265163573077956
3016583,10.731019062680332
3016584,14.320356796605774
3016585,81.2322080953278
3016586,7.265163573077956
3016587,322.7918052685095
3016588,171.13073635530705
3016589,7.265163573077956
3016590,7.265163573077956
3016591,171.8800265296491
3016592,164.8710059328846
3016593,7.265163573077956
3016594,7.265163573077956
3016595,42.11390444920583
3016596,5.260401480864159
3016597,0.8167968283429929
3016598,4.325218376495354
3016599,637.4182331793567
3016600,0.8167968283429929
3016601,296.9035439950458
3016602,0.8167968283429929
3016603,957.4234433265348
3016604,273.31951620281757
3016605,212.43444811517764
3016606,120.31843303187259
3016607,84.32008786795562
3016608,2610.7464482887062
3016609,21.801272502469704
3016610,1.534953240898444
3016611,0.8167968283429929
3016612,0.8167968283429929
3016613,0.8195150461632812
3016614,0.8167968283429929
3016615,0.8167968283429929
3016616,2.548987037778412
3016617,27.65781586305796
3016618,51.19543623394894
3016619,0.8167968283429929
3016620,264.3651320134194
3016621,206.96238299785628
3016622,0.8167968283429929
3016623,0.8167968283429929
3016624,162.91507525520674
3016625,85.7168566057217
3016626,0.8167968283429929
3016627,0.8167968283429929
3016628,12.727932943994412
3016629,11.43338023220413
3016630,6.0987009989357555
3016631,9.169885190694053
3016632,1123.6720104600877
3016633,6.0987009989357555
3016634,375.2836593392768
3016635,6.0987009989357555
3016636,1335.1660670186388
3016637,421.8061471519683
3016638,305.10809403752984
3016639,101.03780166176614
3016640,104.49741724096859
3016641,4193.317992210676
3016642,41.14374363870387
3016643,6.75907641698857
3016644,6.0987009989357555
3016645,6.0987009989357555
3016646,6.92349255851957
3016647,6.0987009989357555
3016648,6.0987009989357555
3016649,6.703092869689591
3016650,24.282889197377102
3016651,90.21757691393981
3016652,6.0987009989357555
3016653,816.9796869736334
3016654,269.7099897566614
3016655,6.0987009989357555
3016656,6.0987009989357555
3016657,209.61977732210656
3016658,122.31420685008834
3016659,6.0987009989357555
3016660,6.0987009989357555
3016661,24.182380094459468
3016662,19.230222193935727
3016663,10.331201110015222
3016664,13.269145145877374
3016665,2070.709390806631
3016666,10.331201110015222
3016667,520.5244082701788
3016668,10.331201110015222
3016669,1154.0868681728653
3016670,709.2456233863097
3016671,207.52041999680304
3016672,256.07719770921597
3016673,144.40115388799035
3016674,3374.655155273069
3016675,39.525552028313605
3016676,11.19682924583627
3016677,10.331201110015222
3016678,10.331201110015222
3016679,10.916669662646601
3016680,10.331201110015222
3016681,10.331201110015222
3016682,14.313381741700397
3016683,16.434468079500284
3016684,100.53185111474042
3016685,10.331201110015222
3016686,522.8007962429165
3016687,200.46294982583504
3016688,10.331201110015222
3016689,10.331201110015222
3016690,305.9696515594898
3016691,156.13503195077269
3016692,10.331201110015222
3016693,10.331201110015222
3016694,64.30209383307124
3016695,0.0
3016696,0.0
3016697,0.0
3016698,26.842105264986813
3016699,0.0
3016700,38.00167623938187
3016701,0.0
3016702,35.916227824245084
3016703,33.547732322799405
3016704,13.914143331666558
3016705,6.08595115341632
3016706,0.0
3016707,0.056078312708105926
3016708,0.0
3016709,0.0
3016710,0.0
3016711,0.0
3016712,0.0
3016713,0.0
3016714,0.0
3016715,0.0
3016716,0.0
3016717,0.0
3016718,0.0
3016719,36.2247051354549
3016720,16.961788621126495
3016721,0.0
3016722,0.0
3016723,13.386006731461906
3016724,0.0
3016725,0.0
3016726,0.0
3016727,0.0
3016728,0.0
3016729,0.0
3016730,0.0
3016731,27.105142226634744
3016732,0.0
3016733,38.88184522455671
3016734,0.0
3016735,37.575213857566965
3016736,31.675530647085395
3016737,13.957368724730875
3016738,4.994224664807987
3016739,0.0
3016740,1.45897301125391
3016741,0.0
3016742,0.0
3016743,0.0
3016744,0.0
3016745,0.0
3016746,0.0
3016747,0.0
3016748,0.0
3016749,0.0
3016750,0.0
3016751,0.0
3016752,33.876018800726854
3016753,17.467187331902043
3016754,0.0
3016755,0.0
3016756,12.67293779177372
3016757,0.0
3016758,0.0
3016759,0.0
3016760,0.0
3016761,0.7950003735040285
3016762,0.0
3016763,0.0
3016764,373.3344601106552
3016765,0.0
3016766,150.90424110827217
3016767,0.0
3016768,686.4322945638967
3016769,69.78332022156837
3016770,105.36004544160095
3016771,39.83995120330586
3016772,13.551525745675539
3016773,1686.6963316920558
3016774,6.591696071547251
3016775,0.0
3016776,0.0
3016777,0.0
3016778,0.0
3016779,0.0
3016780,0.0
3016781,0.0
3016782,1.8435877180284397
3016783,25.31431896334767
3016784,0.0
3016785,74.06476714025986
3016786,121.44886569184878
3016787,0.0
3016788,0.0
3016789,40.299552436530234
3016790,47.64921424756508
3016791,0.0
3016792,0.0
3016793,0.11505366587249899
3016794,10.521449967683843
3016795,6.921102779242998
3016796,10.101945026038763
3016797,956.4452853731221
3016798,6.921102779242998
3016799,314.1157558726872
3016800,6.921102779242998
3016801,908.3617057750794
3016802,361.1778953379576
3016803,194.28452922257807
3016804,147.92303051441147
3016805,100.55707484659948
3016806,2778.83061899321
3016807,35.646819046195866
3016808,7.483756254920962
3016809,6.921102779242998
3016810,6.921102779242998
3016811,6.878348438624233
3016812,6.921102779242998
3016813,6.921102779242998
3016814,10.18172533637864
3016815,17.806079436886453
3016816,62.41888670145419
3016817,6.921102779242998
3016818,323.489326048004
3016819,194.9444106482195
3016820,6.921102779242998
3016821,6.921102779242998
3016822,271.99129893494586
3016823,92.99608830106223
3016824,6.921102779242998
3016825,6.921102779242998
3016826,32.17041043386489
3016827,8.523899286600159
3016828,4.896831149150737
3016829,6.996927022362858
3016830,1362.2785840904187
3016831,4.896831149150737
3016832,369.718770406575
3016833,4.896831149150737
3016834,856.8453780120624
3016835,590.5078421891263
3016836,152.74988869201087
3016837,215.99570482474505
3016838,111.80441935060118
3016839,2388.0947320546356
3016840,47.36892972950439
3016841,5.951442549315996
3016842,4.896831149150737
3016843,4.896831149150737
3016844,5.039445298292006
3016845,4.896831149150737
3016846,4.896831149150737
3016847,10.323991705336343
3016848,14.809833106740783
3016849,89.08211027955784
3016850,4.896831149150737
3016851,424.93123155779074
3016852,141.25996079968178
3016853,4.896831149150737
3016854,4.896831149150737
3016855,195.4317288931184
3016856,111.07283502145864
3016857,4.896831149150737
3016858,4.896831149150737
3016859,45.83262463869721
3016860,13.086733330816555
3016861,9.97028569342815
3016862,12.060647198301929
3016863,1493.1149704931474
3016864,9.97028569342815
3016865,407.44461210414386
3016866,9.97028569342815
3016867,1023.5583562626139
3016868,645.9919778675352
3016869,199.49423414481117
3016870,217.22495451485767
3016871,118.68039634135637
3016872,2925.067737967972
3016873,44.536812902281284
3016874,12.179686000983114
3016875,9.97028569342815
3016876,9.97028569342815
3016877,10.256600487368983
3016878,9.97028569342815
3016879,9.97028569342815
3016880,12.655033308024194
3016881,35.56713572122401
3016882,121.87817148704161
3016883,9.97028569342815
3016884,487.6584071242474
3016885,206.73095213924003
3016886,9.97028569342815
3016887,9.97028569342815
3016888,174.3293592025448
3016889,171.0972320458594
3016890,9.97028569342815
3016891,9.97028569342815
3016892,45.217786266010954
3016893,14.351413259088764
3016894,5.2354483227432596
3016895,7.956016826874947
3016896,856.8420216450612
3016897,5.2354483227432596
3016898,499.3294993200335
3016899,5.2354483227432596
3016900,1249.142529372688
3016901,256.4221982744107
3016902,359.4037978154724
3016903,109.54932764785802
3016904,42.44704363818688
3016905,3905.3097327649975
3016906,23.50194194557347
3016907,6.596401481634267
3016908,5.2354483227432596
3016909,5.2354483227432596
3016910,5.2325811499499
3016911,5.2354483227432596
3016912,5.2354483227432596
3016913,5.903108191705006
3016914,13.08914465835682
3016915,36.440899849096525
3016916,5.2354483227432596
3016917,363.1587211115938
3016918,287.04346576773236
3016919,5.2354483227432596
3016920,5.2354483227432596
3016921,344.13466681177806
3016922,65.22791132568032
3016923,5.2354483227432596
3016924,5.2354483227432596
3016925,27.289878283535224
3016926,2.733311291989555
3016927,0.0
3016928,1.074244679050056
3016929,868.6159531776186
3016930,0.0
3016931,281.5103343282113
3016932,0.0
3016933,708.3495429946757
3016934,393.8181525304741
3016935,134.2905531914071
3016936,152.38143670606416
3016937,75.28613901888984
3016938,1787.5281563890649
3016939,23.940965051412444
3016940,0.7976976135273279
3016941,0.0
3016942,0.0
3016943,0.0
3016944,0.0
3016945,0.0
3016946,3.936653006280693
3016947,11.415287572329673
3016948,101.28526526905898
3016949,0.0
3016950,434.55094735372643
3016951,110.08931915180582
3016952,0.0
3016953,0.0
3016954,205.81418564886542
3016955,68.49902892380254
3016956,0.0
3016957,0.0
3016958,26.016779221012733
3016959,2.3119032365997976
3016960,0.0
3016961,0.0
3016962,467.4756948272424
3016963,0.0
3016964,121.85476540615531
3016965,0.0
3016966,673.1802181803527
3016967,103.19039005286285
3016968,137.68608791896318
3016969,34.84553141665078
3016970,18.911268018740373
3016971,1680.193543263939
3016972,4.517997065712902
3016973,0.0
3016974,0.0
3016975,0.0
3016976,0.0
3016977,0.0
3016978,0.0
3016979,0.0
3016980,2.376597934912287
3016981,16.470619258979887
3016982,0.0
3016983,180.97902391312036
3016984,126.02688818042559
3016985,0.0
3016986,0.0
3016987,91.8539375055736
3016988,18.83904656672827
3016989,0.0
3016990,0.0
3016991,4.916986400473021
3016992,11.987751515016186
3016993,5.7133048843834375
3016994,8.068008438486402
3016995,2275.118758516396
3016996,5.7133048843834375
3016997,478.61717770506397
3016998,5.7133048843834375
3016999,1696.099615794056
3017000,188.0744365493526
3017001,242.0652574328834
3017002,68.39310169323693
3017003,41.6701250478106
3017004,4510.465889580261
3017005,25.278273351271714
3017006,6.622523996470823
3017007,5.7133048843834375
3017008,5.7133048843834375
3017009,5.645621063873794
3017010,5.7133048843834375
3017011,5.7133048843834375
3017012,6.79964943252204
3017013,16.565913978395702
3017014,43.10610247680211
3017015,5.7133048843834375
3017016,544.3632881052398
3017017,277.2668674230592
3017018,5.7133048843834375
3017019,5.7133048843834375
3017020,374.94051559819144
3017021,38.108116412850194
3017022,5.7133048843834375
3017023,5.7133048843834375
3017024,10.51936953590073
3017025,2.2734876446328496
3017026,0.0
3017027,0.07500811367497007
3017028,567.0710143818205
3017029,0.0
3017030,197.63510148125326
3017031,0.0
3017032,716.21165233111
3017033,131.6942320723102
3017034,115.81383198479486
3017035,42.60418545644853
3017036,23.012724888563138
3017037,1714.012155863985
3017038,7.293484645247986
3017039,0.2645626679428128
3017040,0.0
3017041,0.0
3017042,0.0
3017043,0.0
3017044,0.0
3017045,0.0
3017046,4.998493477962099
3017047,34.52736164129924
3017048,0.0
3017049,151.7011355943511
3017050,116.28910900528479
3017051,0.0
3017052,0.0
3017053,75.63789695000649
3017054,25.27355874000983
3017055,0.0
3017056,0.0
3017057,2.057701232345644
3017058,1.4726359656139705
3017059,0.0
3017060,0.0
3017061,624.8170799995895
3017062,0.0
3017063,190.5575134944646
3017064,0.0
3017065,651.6912643088949
3017066,127.98640712355552
3017067,101.09846941987776
3017068,35.34144647131567
3017069,17.02187346570746
3017070,1827.2347719766083
3017071,8.160450784471593
3017072,0.0
3017073,0.0
3017074,0.0
3017075,0.0
3017076,0.0
3017077,0.0
3017078,0.0
3017079,5.410947714051385
3017080,29.1279823578422
3017081,0.0
3017082,151.32758502245738
3017083,138.40486445783077
3017084,0.0
3017085,0.0
3017086,89.64260650515568
3017087,22.32725433588466
3017088,0.0
3017089,0.0
3017090,3.981562564193803
3017091,2.310739410298363
3017092,0.0
3017093,1.6276002930376952
3017094,477.47281914496585
3017095,0.0
3017096,203.25505435906015
3017097,0.0
3017098,962.286518486699
3017099,139.50307112624364
3017100,118.71725022466352
3017101,46.021581692988605
3017102,34.623958352908474
3017103,2067.8671397934804
3017104,9.748954956500482
3017105,0.0
3017106,0.0
3017107,0.0
3017108,0.0
3017109,0.0
3017110,0.0
3017111,0.0
3017112,7.156911589276179
3017113,31.376216027187674
3017114,0.0
3017115,318.48277039267884
3017116,244.80667369415684
3017117,0.0
3017118,0.0
3017119,66.62171396976366
3017120,37.00006555879486
3017121,0.0
3017122,0.0
3017123,9.836878162269244
3017124,2.8544988514420284
3017125,0.0
3017126,1.0530113950956417
3017127,579.287314253376
3017128,0.0
3017129,151.74700422596223
3017130,0.0
3017131,742.8190761575393
3017132,133.89411819703957
3017133,154.28021385365577
3017134,46.639437268118755
3017135,23.686356416277853
3017136,1951.9563251548373
3017137,9.32688735049976
3017138,0.0
3017139,0.0
3017140,0.0
3017141,0.0
3017142,0.0
3017143,0.0
3017144,0.0
3017145,1.9974352039745193
3017146,29.781720557776616
3017147,0.0
3017148,124.44526547740955
3017149,151.6025541889679
3017150,0.0
3017151,0.0
3017152,58.34210748393559
3017153,28.753860544007598
3017154,0.0
3017155,0.0
3017156,5.840892259957291
3017157,2.989426693556185
3017158,0.0
3017159,0.0
3017160,379.7552355590819
3017161,0.0
3017162,181.60869576590156
3017163,0.0
3017164,796.1883678739123
3017165,116.29935228758237
3017166,147.67848989399096
3017167,74.68313746491829
3017168,19.63173178327977
3017169,1989.6598632556309
3017170,10.240928709228978
3017171,0.0
3017172,0.0
3017173,0.0
3017174,0.0
3017175,0.0
3017176,0.0
3017177,0.0
3017178,3.6667369198295585
3017179,34.185904929470055
3017180,0.0
3017181,105.76886599378953
3017182,159.540302396299
3017183,0.0
3017184,0.0
3017185,80.0960867367585
3017186,41.9045867287108
3017187,0.0
3017188,0.0
3017189,2.942096295306216
3017190,2.15121448135854
3017191,0.0
3017192,0.0
3017193,892.8029360011659
3017194,0.0
3017195,149.82747883086356
3017196,0.0
3017197,804.4556956765816
3017198,147.11846335181428
3017199,153.26129330966705
3017200,57.44088825082913
3017201,30.251593603538534
3017202,2001.3349820057763
3017203,8.947721832540395
3017204,0.0
3017205,0.0
3017206,0.0
3017207,0.0
3017208,0.0
3017209,0.0
3017210,0.0
3017211,3.3236716629883656
3017212,43.75113861793445
3017213,0.0
3017214,179.76689055240377
3017215,125.16903129154893
3017216,0.0
3017217,0.0
3017218,130.2778032442871
3017219,36.748827922419906
3017220,0.0
3017221,0.0
3017222,6.027669463184175
3017223,2.076617215241444
3017224,0.0
3017225,0.19283431539075635
3017226,647.9781636744923
3017227,0.0
3017228,501.7182961377104
3017229,0.0
3017230,473.2075771568558
3017231,187.7907321471111
3017232,115.11042035597914
3017233,85.75932954383919
3017234,37.45433855120181
3017235,1419.9596004361283
3017236,11.651033503815835
3017237,0.0
3017238,0.0
3017239,0.0
3017240,0.0
3017241,0.0
3017242,0.0
3017243,0.0
3017244,3.6776240273763765
3017245,43.89236535617742
3017246,0.0
3017247,104.91929792988364
3017248,88.88622744571246
3017249,0.0
3017250,0.0
3017251,85.93347461749799
3017252,39.56563995428425
3017253,0.0
3017254,0.0
3017255,6.970021080191035
3017256,3.0382528605996058
3017257,0.0
3017258,0.7054172827409402
3017259,911.8257064616747
3017260,0.0
3017261,175.69077248195558
3017262,0.0
3017263,696.2892169271811
3017264,96.34874657137681
3017265,120.34945342515063
3017266,43.539729480848706
3017267,23.90234378245123
3017268,1719.457464802266
3017269,12.533483250597182
3017270,0.0
3017271,0.0
3017272,0.0
3017273,0.0
3017274,0.0
3017275,0.0
3017276,0.0
3017277,1.0858472226313882
3017278,51.74681423099928
3017279,0.0
3017280,114.31285510149773
3017281,126.02798245677961
3017282,0.0
3017283,0.0
3017284,53.22099123169983
3017285,30.267343117893894
3017286,0.0
3017287,0.0
3017288,1.9192001647804622
3017289,7.728429877659268
3017290,3.0804596777833
3017291,6.095782577813649
3017292,1164.5881418642655
3017293,3.0804596777833
3017294,299.845391023469
3017295,3.0804596777833
3017296,898.7297546493062
3017297,404.0735688988574
3017298,198.87153590707288
3017299,155.4288853073281
3017300,92.32298763037033
3017301,2488.2251117040596
3017302,30.104510552796295
3017303,3.6193988508152835
3017304,3.0804596777833
3017305,3.0804596777833
3017306,3.012775857273656
3017307,3.0804596777833
3017308,3.0804596777833
3017309,6.25904841783675
3017310,22.44459863676747
3017311,75.46823515531065
3017312,3.0804596777833
3017313,541.3276906835887
3017314,162.2584200734895
3017315,3.0804596777833
3017316,3.0804596777833
3017317,282.9045015022324
3017318,96.40016150530174
3017319,3.0804596777833
3017320,3.0804596777833
3017321,29.066664561553562
3017322,0.0
3017323,0.0
3017324,0.0
3017325,29.847191098189114
3017326,0.0
3017327,35.6004316079874
3017328,0.0
3017329,38.47979075643523
3017330,34.53594115879581
3017331,14.66583967642774
3017332,6.3878208110887895
3017333,0.0
3017334,0.0
3017335,0.0
3017336,0.0
3017337,0.0
3017338,0.0
3017339,0.0
3017340,0.0
3017341,0.0
3017342,0.0
3017343,0.0
3017344,0.0
3017345,0.0
3017346,37.17163553644778
3017347,17.569361148038887
3017348,0.0
3017349,0.0
3017350,13.677502041177014
3017351,0.0
3017352,0.0
3017353,0.0
3017354,0.0
3017355,0.0
3017356,0.0
3017357,0.0
3017358,33.22661274129083
3017359,0.0
3017360,39.58398778638863
3017361,0.0
3017362,40.34993578587117
3017363,34.45653641300955
3017364,15.42415861832621
3017365,6.220534134699257
3017366,0.0
3017367,0.0
3017368,0.0
3017369,0.0
3017370,0.0
3017371,0.0
3017372,0.0
3017373,0.0
3017374,0.0
3017375,0.0
3017376,0.0
3017377,0.0
3017378,0.0
3017379,36.774719730496315
3017380,18.57079663073567
3017381,0.0
3017382,0.0
3017383,13.461031489016879
3017384,0.0
3017385,0.0
3017386,0.0
3017387,0.0
3017388,0.0
3017389,0.0
3017390,0.0
3017391,33.84776287749625
3017392,0.0
3017393,37.52761721426739
3017394,0.0
3017395,40.462484098225374
3017396,34.59450961585067
3017397,16.288532503313
3017398,6.499535266661962
3017399,0.0
3017400,0.0
3017401,0.0
3017402,0.0
3017403,0.0
3017404,0.0
3017405,0.0
3017406,0.0
3017407,0.0
3017408,0.0
3017409,0.0
3017410,0.0
3017411,0.0
3017412,35.51193421103908
3017413,19.00771940156948
3017414,0.0
3017415,0.0
3017416,14.108883717740394
3017417,0.0
3017418,0.0
3017419,0.0
3017420,0.0
3017421,2.3696323387453386
3017422,0.0
3017423,0.0
3017424,621.5562089740137
3017425,0.0
3017426,236.16666833611916
3017427,0.0
3017428,638.750724929448
3017429,259.1902638379298
3017430,125.9688362868385
3017431,64.97109881784885
3017432,55.51106862857179
3017433,1707.9782174890354
3017434,20.150602732988865
3017435,0.0
3017436,0.0
3017437,0.0
3017438,0.0
3017439,0.0
3017440,0.0
3017441,0.0
3017442,5.461392370402565
3017443,73.81623382050498
3017444,0.0
3017445,461.2657854187237
3017446,120.12057419002798
3017447,0.0
3017448,0.0
3017449,149.92359507433105
3017450,49.15821255132062
3017451,0.0
3017452,0.0
3017453,15.741907776761483
3017454,17.229014252050337
3017455,8.538975387774606
3017456,10.264329789171008
3017457,1725.9704320576448
3017458,8.538975387774606
3017459,516.9756836302479
3017460,8.538975387774606
3017461,1182.52991803137
3017462,638.7979627837606
3017463,247.24463755199804
3017464,239.04803214127844
3017465,91.52219523107028
3017466,3389.699009912736
3017467,27.895807256298394
3017468,8.943127973866822
3017469,8.538975387774606
3017470,8.538975387774606
3017471,8.471291567264963
3017472,8.538975387774606
3017473,8.538975387774606
3017474,13.49809563119345
3017475,19.441313674941263
3017476,115.87131541978428
3017477,8.538975387774606
3017478,541.5935201289386
3017479,234.1756231878623
3017480,8.538975387774606
3017481,8.538975387774606
3017482,363.6859490270669
3017483,130.0562788667202
3017484,8.538975387774606
3017485,8.538975387774606
3017486,62.93285317004924
3017487,1.4008424630029896
3017488,0.0
3017489,2.550230149532231
3017490,2198.6204986021403
3017491,0.0
3017492,375.5110275053595
3017493,0.0
3017494,761.746315157688
3017495,482.1661280647289
3017496,183.72020889943522
3017497,189.45712308087172
3017498,62.26359556232556
3017499,2080.419231150614
3017500,16.84647035110138
3017501,0.0
3017502,0.0
3017503,0.0
3017504,0.0
3017505,0.0
3017506,0.0
3017507,4.303009520048507
3017508,26.8836974515547
3017509,185.29299792616138
3017510,0.0
3017511,358.65917116719356
3017512,138.4531949901404
3017513,0.0
3017514,0.0
3017515,189.710382247454
3017516,99.06544751058247
3017517,0.0
3017518,0.0
3017519,13.527631135642709
3017520,2.82034730006621
3017521,0.0
3017522,0.5961108031724223
3017523,436.1248222362955
3017524,0.0
3017525,236.80018838247884
3017526,0.0
3017527,563.9551970144748
3017528,172.53349433156552
3017529,119.39601124284992
3017530,63.83772588807619
3017531,38.6157818782128
3017532,1649.9041455423298
3017533,8.560785015424248
3017534,0.0532590020778998
3017535,0.0
3017536,0.0
3017537,0.0
3017538,0.0
3017539,0.0
3017540,0.0
3017541,6.709963464450109
3017542,46.80037177173227
3017543,0.0
3017544,339.55704581846
3017545,177.50640160684085
3017546,0.0
3017547,0.0
3017548,173.17906364751917
3017549,34.64091405984799
3017550,0.0
3017551,0.0
3017552,3.570902712495166
3017553,3.5541084818062867
3017554,0.0
3017555,0.46881445312871595
3017556,773.4415004430663
3017557,0.0
3017558,298.9952398995684
3017559,0.0
3017560,552.6114554705913
3017561,279.5941722386076
3017562,152.54906026172515
3017563,140.46693193094967
3017564,48.741699052760055
3017565,1674.932519737536
3017566,21.34540257462136
3017567,0.0008505311771915824
3017568,0.0
3017569,0.0
3017570,0.0
3017571,0.0
3017572,0.0
3017573,1.8642264918144553
3017574,6.848272147815646
3017575,79.25320230731677
3017576,0.0
3017577,188.62629597853834
3017578,126.99356706703969
3017579,0.0
3017580,0.0
3017581,172.39335345671594
3017582,68.71141699089071
3017583,0.0
3017584,0.0
3017585,14.988736507097002
3017586,3.4686637430330993
3017587,0.0
3017588,0.5647474757039439
3017589,511.00777030519396
3017590,0.0
3017591,304.4085046091486
3017592,0.0
3017593,537.7790363617197
3017594,165.5244714921656
3017595,132.74335184069565
3017596,67.3669805601446
3017597,32.15665012146139
3017598,1600.0263799155437
3017599,9.212548535497525
3017600,0.0
3017601,0.0
3017602,0.0
3017603,0.0
3017604,0.0
3017605,0.0
3017606,0.0
3017607,2.6588743755058477
3017608,158.75791577164674
3017609,0.0
3017610,121.89376226324623
3017611,141.25905028010268
3017612,0.0
3017613,0.0
3017614,101.57034370175887
3017615,45.922452544504125
3017616,0.0
3017617,0.0
3017618,4.7975150994398295
3017619,0.0
3017620,0.0
3017621,0.0
3017622,32.981969846806244
3017623,0.0
3017624,38.4714018744318
3017625,0.0
3017626,41.18738455643177
3017627,32.84078732761477
3017628,15.366761186738092
3017629,6.281380726996967
3017630,0.0
3017631,0.0
3017632,0.0
3017633,0.0
3017634,0.0
3017635,0.0
3017636,0.0
3017637,0.0
3017638,0.0
3017639,0.0
3017640,0.0
3017641,0.0
3017642,0.0
3017643,36.34515782006058
3017644,17.95732854089704
3017645,0.0
3017646,0.0
3017647,13.62110184644289
3017648,0.06657857156317593
3017649,0.0
3017650,0.0
3017651,0.0
3017652,23.071935424021852
3017653,17.021153712733888
3017654,19.936473784859114
3017655,3064.4629896185543
3017656,17.021153712733888
3017657,683.6831293061244
3017658,17.021153712733888
3017659,1680.535951091978
3017660,1084.548598650211
3017661,326.9728136681308
3017662,441.55446275127605
3017663,218.76489969693495
3017664,4966.122201604435
3017665,79.14320168779851
3017666,18.438334719959727
3017667,17.021153712733888
3017668,17.021153712733888
3017669,17.37727105036918
3017670,17.021153712733888
3017671,17.021153712733888
3017672,28.374051638981356
3017673,53.914343680770855
3017674,215.46305754753007
3017675,17.021153712733888
3017676,717.1061060810549
3017677,312.97386045226796
3017678,17.021153712733888
3017679,17.021153712733888
3017680,511.4186572114078
3017681,313.6297884479504
3017682,17.021153712733888
3017683,17.021153712733888
3017684,112.86228390643679
3017685,0.0
3017686,0.0
3017687,0.0
3017688,332.325111438828
3017689,0.0
3017690,125.46655433130364
3017691,0.0
3017692,387.2296565835126
3017693,114.52234598052968
3017694,66.81769760239973
3017695,46.35218199876927
3017696,13.635160920662303
3017697,970.8493921934573
3017698,0.8905668882454196
3017699,0.0
3017700,0.0
3017701,0.0
3017702,0.0
3017703,0.0
3017704,0.0
3017705,0.0
3017706,0.0
3017707,59.46794783067692
3017708,0.0
3017709,83.26915384135155
3017710,76.80682239129774
3017711,0.0
3017712,0.0
3017713,69.47400910154815
3017714,20.810364357853178
3017715,0.0
3017716,0.0
3017717,0.0
3017718,4.295067367829619
3017719,0.0
3017720,0.5527160338613695
3017721,657.2256439755813
3017722,0.0
3017723,313.55569160447635
3017724,0.0
3017725,810.6397484068767
3017726,210.97142487321446
3017727,146.89463098373784
3017728,68.82647696035609
3017729,34.90390066831705
3017730,2361.696747014331
3017731,11.11383686850854
3017732,0.0
3017733,0.0
3017734,0.0
3017735,0.0
3017736,0.0
3017737,0.0
3017738,0.0
3017739,3.120366533009614
3017740,29.785845115230863
3017741,0.0
3017742,209.76682166000276
3017743,199.15970826474566
3017744,0.0
3017745,0.0
3017746,85.69068342790104
3017747,45.80407738083727
3017748,0.0
3017749,0.0
3017750,4.513746391196229
3017751,0.0
3017752,0.0
3017753,0.0
3017754,185.8222250143511
3017755,0.0
3017756,113.58103722518024
3017757,0.0
3017758,459.2065384561614
3017759,88.15747986815765
3017760,66.36808715695665
3017761,32.06724928203841
3017762,13.28269048592404
3017763,1087.9626594210622
3017764,2.30360429607981
3017765,0.0
3017766,0.0
3017767,0.0
3017768,0.0
3017769,0.0
3017770,0.0
3017771,0.0
3017772,0.0
3017773,318.50248932597873
3017774,0.0
3017775,103.60101219983123
3017776,126.03376964399958
3017777,0.0
3017778,0.0
3017779,74.41704827105991
3017780,20.670166591486414
3017781,0.0
3017782,0.0
3017783,0.0
3017784,3.7300795625840406
3017785,0.0
3017786,0.038417177079580256
3017787,520.5983485225105
3017788,0.0
3017789,187.42192520609777
3017790,0.0
3017791,822.4590953320534
3017792,161.69476190049346
3017793,126.93548071586991
3017794,75.903767898642
3017795,29.867728306511918
3017796,1963.1178349898476
3017797,6.1180477972121565
3017798,0.0
3017799,0.0
3017800,0.0
3017801,0.0
3017802,0.0
3017803,0.0
3017804,0.0
3017805,7.244532775502167
3017806,29.552933223873303
3017807,0.0
3017808,181.55170227213625
3017809,153.95437164392118
3017810,0.0
3017811,0.0
3017812,94.71689000799266
3017813,32.97870302877811
3017814,0.0
3017815,0.0
3017816,1.0354243817568607
3017817,1.7365644766852464
3017818,0.0
3017819,1.0354810849444442
3017820,1075.767486931908
3017821,0.0
3017822,623.2957086681195
3017823,0.0
3017824,832.3356498385483
3017825,216.833884381997
3017826,208.06568480444065
3017827,60.937099858133905
3017828,33.76185445677618
3017829,2826.0954820936176
3017830,13.71863288291576
3017831,0.44206180004191165
3017832,0.0
3017833,0.0
3017834,0.0
3017835,0.0
3017836,0.0
3017837,0.0
3017838,9.846235082876492
3017839,97.59751720475059
3017840,0.0
3017841,194.532094870575
3017842,268.2126714521213
3017843,0.0
3017844,0.0
3017845,110.95254967804094
3017846,45.29988324742885
3017847,0.0
3017848,0.0
3017849,2.243628119135569
3017850,0.0
3017851,0.0
3017852,0.0
3017853,576.5719375230851
3017854,0.0
3017855,138.3808251114385
3017856,0.0
3017857,472.57397990744397
3017858,112.34931626512518
3017859,75.76955452838982
3017860,51.15970621362404
3017861,21.991333009276175
3017862,1300.0192828900636
3017863,3.993853232846286
3017864,0.0
3017865,0.0
3017866,0.0
3017867,0.0
3017868,0.0
3017869,0.0
3017870,0.0
3017871,0.0
3017872,77.06134406578593
3017873,0.0
3017874,116.89961456769987
3017875,94.45566484453758
3017876,0.0
3017877,0.0
3017878,40.418805756436896
3017879,19.535848588076217
3017880,0.0
3017881,0.0
3017882,0.0
3017883,0.0
3017884,0.0
3017885,0.0
3017886,31.512996665994564
3017887,0.0
3017888,38.526742731123065
3017889,0.0
3017890,36.933098206702226
3017891,33.344656891070315
3017892,15.378456781565838
3017893,5.353901939608413
3017894,0.0
3017895,0.0
3017896,0.0
3017897,0.0
3017898,0.0
3017899,0.0
3017900,0.0
3017901,0.0
3017902,0.0
3017903,0.0
3017904,0.0
3017905,0.0
3017906,0.0
3017907,36.59627926731603
3017908,18.3104878598924
3017909,0.0
3017910,0.0
3017911,13.197670560670119
3017912,0.0
3017913,0.0
3017914,0.0
3017915,0.0
3017916,7.377627608202177
3017917,3.2625369121746406
3017918,6.373126038930849
3017919,974.2860048558342
3017920,3.2625369121746406
3017921,376.0720353923745
3017922,3.2625369121746406
3017923,1130.451898234896
3017924,504.6879181815921
3017925,126.96159354156566
3017926,160.63556585653214
3017927,127.16138836736462
3017928,2998.602861267672
3017929,51.77015668513708
3017930,5.228771907225734
3017931,3.2625369121746406
3017932,3.2625369121746406
3017933,3.2845992192721605
3017934,3.2625369121746406
3017935,3.2625369121746406
3017936,6.6065129660025725
3017937,21.273402797644266
3017938,99.96503639521507
3017939,3.2625369121746406
3017940,347.0573894525368
3017941,222.0365707916228
3017942,3.2625369121746406
3017943,3.2625369121746406
3017944,137.0951704772676
3017945,179.10425882495647
3017946,3.2625369121746406
3017947,3.2625369121746406
3017948,19.41621941866404
3017949,6.213758886874706
3017950,1.1499056065143773
3017951,3.321674262941894
3017952,678.4082248188754
3017953,1.1499056065143773
3017954,384.46086782106414
3017955,1.1499056065143773
3017956,901.1274908021427
3017957,418.19548433113897
3017958,156.65771866043707
3017959,113.1712173027805
3017960,121.27072916867672
3017961,2809.382545837868
3017962,19.816593685848897
3017963,2.4391001748580154
3017964,1.1499056065143773
3017965,1.1499056065143773
3017966,1.0822217860047338
3017967,1.1499056065143773
3017968,1.1499056065143773
3017969,2.705078701953207
3017970,26.100236483856204
3017971,87.66574085079294
3017972,1.1499056065143773
3017973,208.15235462159637
3017974,224.66793204841366
3017975,1.1499056065143773
3017976,1.1499056065143773
3017977,115.7570334951763
3017978,139.29215398573032
3017979,1.1499056065143773
3017980,1.1499056065143773
3017981,19.55242087582139
3017982,7.042913153864232
3017983,0.0
3017984,0.3476048845503177
3017985,668.8529551919244
3017986,0.0
3017987,589.1491331956241
3017988,0.0
3017989,863.7998828934549
3017990,182.64644332546456
3017991,101.07609244208301
3017992,81.48117678492302
3017993,39.416229238961975
3017994,2318.997188898865
3017995,22.265677966927754
3017996,0.7815598670985335
3017997,0.0
3017998,0.0
3017999,0.0
3018000,0.0
3018001,0.0
3018002,1.4757286516770263
3018003,8.507864361699466
3018004,50.123565088788226
3018005,0.0
3018006,132.0464763420952
3018007,201.1335160082418
3018008,0.0
3018009,0.0
3018010,86.06526769254627
3018011,55.62831833393069
3018012,0.0
3018013,0.0
3018014,8.635325848328666
3018015,7.382005211972158
3018016,2.670197736804189
3018017,4.690122118334454
3018018,946.1665089181748
3018019,2.670197736804189
3018020,300.7400233948653
3018021,2.670197736804189
3018022,831.5569570680138
3018023,384.78014881392045
3018024,157.7002775919283
3018025,140.656680644656
3018026,96.15506197588074
3018027,2321.395114051723
3018028,31.730207578022842
3018029,3.2566335046187476
3018030,2.670197736804189
3018031,2.670197736804189
3018032,2.617471604229073
3018033,2.670197736804189
3018034,2.670197736804189
3018035,7.564158267257051
3018036,14.807399187231635
3018037,65.79726300734632
3018038,2.670197736804189
3018039,401.19614651862315
3018040,167.94183608285584
3018041,2.670197736804189
3018042,2.670197736804189
3018043,246.29028252787182
3018044,96.34704110068067
3018045,2.670197736804189
3018046,2.670197736804189
3018047,30.095313657732444
3018048,2.0355595014362136
3018049,0.0
3018050,0.0
3018051,498.93458499114337
3018052,0.0
3018053,194.73138689064913
3018054,0.0
3018055,706.8000614014493
3018056,130.73081451515583
3018057,107.61053264943371
3018058,69.86112313907282
3018059,24.03056226661077
3018060,1946.9482775531012
3018061,8.325203041712903
3018062,0.05174800794101175
3018063,0.0
3018064,0.0
3018065,0.0
3018066,0.0
3018067,0.0
3018068,0.0
3018069,1.4621517859937523
3018070,36.956128090849
3018071,0.0
3018072,79.26919193077237
3018073,148.2403231502057
3018074,0.0
3018075,0.0
3018076,72.71080625077663
3018077,35.42054558408968
3018078,0.0
3018079,0.0
3018080,1.4951061841733138
3018081,2.8217119587092405
3018082,0.0
3018083,0.4187496658259202
3018084,522.0133974039894
3018085,0.0
3018086,204.28476017719203
3018087,0.0
3018088,553.6837412255845
3018089,201.0997060672453
3018090,120.29483035861023
3018091,81.02772962222872
3018092,66.11628452637984
3018093,1454.2151140674987
3018094,18.184259387276057
3018095,0.0
3018096,0.0
3018097,0.0
3018098,0.0
3018099,0.0
3018100,0.0
3018101,1.952161484483364
3018102,8.3557359726
3018103,55.36596646780392
3018104,0.0
3018105,148.45416823504476
3018106,138.2486603533192
3018107,0.0
3018108,0.0
3018109,89.4915006554896
3018110,53.9473489637647
3018111,0.0
3018112,0.0
3018113,5.079242559360913
3018114,0.0
3018115,0.0
3018116,0.0
3018117,31.342965364569345
3018118,0.0
3018119,36.49648259407246
3018120,0.0
3018121,38.18227858029463
3018122,33.87678317117688
3018123,15.632772924912747
3018124,7.113059676499972
3018125,0.0
3018126,0.0
3018127,0.0
3018128,0.0
3018129,0.0
3018130,0.0
3018131,0.0
3018132,0.0
3018133,0.0
3018134,0.0
3018135,0.0
3018136,0.0
3018137,0.0
3018138,36.32280872682708
3018139,19.0545112464766
3018140,0.0
3018141,0.0
3018142,14.566644968077224
3018143,0.19501266023170638
3018144,0.0
3018145,0.0
3018146,0.0
3018147,1.91658059086177
3018148,0.0
3018149,0.26317028800690223
3018150,1099.8248070658592
3018151,0.0
3018152,200.97560730927327
3018153,0.0
3018154,777.1430810763361
3018155,110.79206810866978
3018156,112.64685811634527
3018157,60.339272681208996
3018158,23.72796203500099
3018159,2010.2869178709866
3018160,6.6699389972726095
3018161,0.9273841179272257
3018162,0.0
3018163,0.0
3018164,0.0
3018165,0.0
3018166,0.0
3018167,0.0
3018168,5.522428047002067
3018169,117.79118936865594
3018170,0.0
3018171,148.97682893167163
3018172,167.96572465060973
3018173,0.0
3018174,0.0
3018175,97.04914127777123
3018176,41.31747159810624
3018177,0.0
3018178,0.0
3018179,0.6521375854949012
3018180,32.104230797796696
3018181,19.761367073859955
3018182,23.952951868998714
3018183,3790.295364851847
3018184,19.761367073859955
3018185,841.0933494114611
3018186,19.761367073859955
3018187,2224.178609050594
3018188,1412.1663463240327
3018189,483.257734404136
3018190,537.6971260184465
3018191,292.3897946666616
3018192,6499.293930764835
3018193,100.32427365616715
3018194,22.490450089162387
3018195,19.761367073859955
3018196,19.761367073859955
3018197,20.750693200723568
3018198,19.761367073859955
3018199,19.761367073859955
3018200,26.297040695755285
3018201,34.307391389924454
3018202,326.2513017981601
3018203,19.761367073859955
3018204,1182.5638757667523
3018205,321.59791504021933
3018206,19.761367073859955
3018207,19.761367073859955
3018208,690.4630591003336
3018209,416.1108614980459
3018210,19.761367073859955
3018211,19.761367073859955
3018212,139.0415727763597
3018213,28.217148836652076
3018214,18.96632642999338
3018215,24.070667026923942
3018216,2760.9573822648936
3018217,18.96632642999338
3018218,675.4556173074975
3018219,18.96632642999338
3018220,1974.7039738037213
3018221,964.350012838535
3018222,479.564328516169
3018223,357.5506180468145
3018224,234.85475172026997
3018225,7414.7613976180355
3018226,77.83141297553007
3018227,20.113152101934958
3018228,18.96632642999338
3018229,18.96632642999338
3018230,20.492839552400362
3018231,18.96632642999338
3018232,18.96632642999338
3018233,25.070974218707732
3018234,27.321112821754
3018235,182.47976764103026
3018236,18.96632642999338
3018237,1077.562895756039
3018238,362.40368971916564
3018239,18.96632642999338
3018240,18.96632642999338
3018241,605.301031877175
3018242,250.39929692128152
3018243,18.96632642999338
3018244,18.96632642999338
3018245,110.30997897770564
3018246,21.805527078430192
3018247,11.795431521161822
3018248,18.924061225812807
3018249,1734.9792924204398
3018250,11.795431521161822
3018251,401.52898949691917
3018252,11.795431521161822
3018253,1829.6613181265461
3018254,582.435049117381
3018255,581.0957387309678
3018256,161.6453825590218
3018257,193.44277689321467
3018258,5485.737344599879
3018259,40.99535312194266
3018260,12.821290921186268
3018261,11.795431521161822
3018262,11.795431521161822
3018263,13.406914367835462
3018264,11.795431521161822
3018265,11.795431521161822
3018266,15.332527945877757
3018267,38.46720234087332
3018268,104.29632616738847
3018269,11.795431521161822
3018270,1356.1124836872616
3018271,434.3924819888045
3018272,11.795431521161822
3018273,11.795431521161822
3018274,657.931036379727
3018275,138.1001097169448
3018276,11.795431521161822
3018277,11.795431521161822
3018278,51.442276098793876
3018279,23.57200717339399
3018280,16.490322067868316
3018281,23.020208978505195
3018282,2427.2068605581517
3018283,16.490322067868316
3018284,671.1197786894134
3018285,16.490322067868316
3018286,1883.967838815276
3018287,902.5692376077761
3018288,466.2774573785362
3018289,284.84658592055973
3018290,203.74557404804725
3018291,6064.901334294055
3018292,51.88155122663428
3018293,18.671524363724487
3018294,16.490322067868316
3018295,16.490322067868316
3018296,17.030917556696114
3018297,16.490322067868316
3018298,16.490322067868316
3018299,26.326178044489517
3018300,26.086835575216856
3018301,160.46728674343768
3018302,16.490322067868316
3018303,1084.4263517777636
3018304,420.34569617581695
3018305,16.490322067868316
3018306,16.490322067868316
3018307,682.6717465901754
3018308,250.96398630499982
3018309,16.490322067868316
3018310,16.490322067868316
3018311,87.79023197665722
3018312,16.761993496171485
3018313,9.108653805110933
3018314,14.166175955440265
3018315,1274.9138534227932
3018316,9.108653805110933
3018317,411.3722669766657
3018318,9.108653805110933
3018319,1614.9854732020226
3018320,449.2939301966122
3018321,451.0826762833104
3018322,120.50972035111482
3018323,130.16350407917835
3018324,4821.387497886694
3018325,32.83780697942889
3018326,9.981950723793652
3018327,9.108653805110933
3018328,9.108653805110933
3018329,9.040969984601288
3018330,9.108653805110933
3018331,9.108653805110933
3018332,11.045188586975703
3018333,19.911035932733526
3018334,106.46731807556586
3018335,9.108653805110933
3018336,1339.7754956185502
3018337,389.74062876774514
3018338,9.108653805110933
3018339,9.108653805110933
3018340,552.2954557017014
3018341,122.00873696017099
3018342,9.108653805110933
3018343,9.108653805110933
3018344,28.046560732364924
3018345,14.232780154749332
3018346,7.833745480566693
3018347,12.062777915855822
3018348,1775.1419816017174
3018349,7.833745480566693
3018350,421.7222062315475
3018351,7.833745480566693
3018352,933.6763163069039
3018353,615.4166689312082
3018354,212.0370461714289
3018355,227.17314887441333
3018356,146.16096900561723
3018357,2863.266024764037
3018358,48.12262619428514
3018359,8.672323511908743
3018360,7.833745480566693
3018361,7.833745480566693
3018362,8.274623049830975
3018363,7.833745480566693
3018364,7.833745480566693
3018365,16.930339494855534
3018366,15.34373274813409
3018367,156.33932324056786
3018368,7.833745480566693
3018369,479.8323274750397
3018370,177.73548469337743
3018371,7.833745480566693
3018372,7.833745480566693
3018373,220.74487940559064
3018374,184.32768968331104
3018375,7.833745480566693
3018376,7.833745480566693
3018377,61.26654490643775
3018378,6.000009637748567
3018379,0.8503969680334675
3018380,4.114717887450094
3018381,732.9652233064675
3018382,0.8503969680334675
3018383,320.38706094362345
3018384,0.8503969680334675
3018385,991.8661696925184
3018386,286.62319882181725
3018387,232.7240443329354
3018388,132.25061243450023
3018389,115.31349142146681
3018390,2717.055744683402
3018391,24.699358057058745
3018392,1.9692611348222422
3018393,0.8503969680334675
3018394,0.8503969680334675
3018395,0.861252880360992
3018396,0.8503969680334675
3018397,0.8503969680334675
3018398,3.193858024393231
3018399,23.843478765599706
3018400,65.96745098678909
3018401,0.8503969680334675
3018402,317.54820660236857
3018403,205.64210749186955
3018404,0.8503969680334675
3018405,0.8503969680334675
3018406,166.11089558690009
3018407,91.01343788496034
3018408,0.8503969680334675
3018409,0.8503969680334675
3018410,16.12962614131506
3018411,12.088505307949319
3018412,6.132301294894989
3018413,11.121762008061923
3018414,1286.109408749415
3018415,6.132301294894989
3018416,392.595591219601
3018417,6.132301294894989
3018418,1349.4554177999887
3018419,439.10472487984043
3018420,343.12846442922586
3018421,114.56950823872525
3018422,102.00443991018466
3018423,4518.116843833082
3018424,41.172737058053585
3018425,6.490454253994502
3018426,6.132301294894989
3018427,6.132301294894989
3018428,6.996980022304209
3018429,6.132301294894989
3018430,6.132301294894989
3018431,7.145922988837629
3018432,16.170600799452604
3018433,110.81681662165863
3018434,6.132301294894989
3018435,670.2803270829556
3018436,296.62663021344065
3018437,6.132301294894989
3018438,6.132301294894989
3018439,245.38309484723302
3018440,132.64596754260052
3018441,6.132301294894989
3018442,6.132301294894989
3018443,27.68620998954727
3018444,19.652531858979106
3018445,10.882786745440205
3018446,14.441863151023771
3018447,2311.4763381665725
3018448,10.882786745440205
3018449,591.6638759199536
3018450,10.882786745440205
3018451,1274.9570148869218
3018452,821.3888967865859
3018453,276.1848603484489
3018454,331.31720834547366
3018455,156.139120819868
3018456,3696.0651636486673
3018457,35.665412255223096
3018458,11.861560185621405
3018459,10.882786745440205
3018460,10.882786745440205
3018461,11.50814246589699
3018462,10.882786745440205
3018463,10.882786745440205
3018464,16.497286407415313
3018465,18.24466916009398
3018466,157.4912184906338
3018467,10.882786745440205
3018468,692.8615367012154
3018469,205.21599391034408
3018470,10.882786745440205
3018471,10.882786745440205
3018472,403.7363588850093
3018473,166.36391672476714
3018474,10.882786745440205
3018475,10.882786745440205
3018476,90.15860045739038
3018477,0.0
3018478,0.0
3018479,0.0
3018480,31.986578236600153
3018481,0.0
3018482,38.58709980418168
3018483,0.0
3018484,36.345024976703996
3018485,34.102711746602196
3018486,14.46364594958105
3018487,6.569267926429426
3018488,0.0
3018489,0.0
3018490,0.0
3018491,0.0
3018492,0.0
3018493,0.0
3018494,0.0
3018495,0.0
3018496,0.0
3018497,0.0
3018498,0.0
3018499,0.0
3018500,0.0
3018501,36.79753896071659
3018502,17.49394370314437
3018503,0.0
3018504,0.0
3018505,13.88788651664762
3018506,0.0
3018507,0.0
3018508,0.0
3018509,0.0
3018510,0.0
3018511,0.0
3018512,0.0
3018513,33.52589902333857
3018514,0.0
3018515,40.18459505110724
3018516,0.0
3018517,38.83186912203985
3018518,33.08806929266916
3018519,15.16897541625232
3018520,5.79304276933707
3018521,0.0
3018522,0.0
3018523,0.0
3018524,0.0
3018525,0.0
3018526,0.0
3018527,0.0
3018528,0.0
3018529,0.0
3018530,0.0
3018531,0.0
3018532,0.0
3018533,0.0
3018534,35.34462458602053
3018535,18.358066093947542
3018536,0.0
3018537,0.0
3018538,13.945307101888448
3018539,0.0
3018540,0.0
3018541,0.0
3018542,0.0
3018543,1.2248719916762818
3018544,0.0
3018545,0.0
3018546,373.89510858813867
3018547,0.0
3018548,165.31611016228692
3018549,0.0
3018550,689.9279509443011
3018551,75.33819625859097
3018552,100.66385143816584
3018553,36.970053456082155
3018554,14.11203053128488
3018555,1702.9845756538803
3018556,6.217043483859969
3018557,0.0
3018558,0.0
3018559,0.0
3018560,0.0
3018561,0.0
3018562,0.0
3018563,0.0
3018564,2.905878691899133
3018565,32.560234768009984
3018566,0.0
3018567,77.49148498518349
3018568,135.494595115584
3018569,0.0
3018570,0.0
3018571,46.29806319390671
3018572,41.74505082729023
3018573,0.0
3018574,0.0
3018575,0.1635409344552723
3018576,14.052469521593052
3018577,6.954703075202232
3018578,10.21393125801258
3018579,1069.213330527651
3018580,6.954703075202232
3018581,303.40716223553574
3018582,6.954703075202232
3018583,964.0531717999094
3018584,385.8009405512674
3018585,218.4888714820154
3018586,155.88516650205483
3018587,104.32486735412247
3018588,2970.198595011446
3018589,34.54627553846123
3018590,7.485700428211837
3018591,6.954703075202232
3018592,6.954703075202232
3018593,6.896991046648941
3018594,6.954703075202232
3018595,6.954703075202232
3018596,11.213422865962654
3018597,17.82698271596649
3018598,104.73807805546966
3018599,6.954703075202232
3018600,510.41887913316043
3018601,185.39514064175543
3018602,6.954703075202232
3018603,6.954703075202232
3018604,354.5276064200734
3018605,115.53738772710481
3018606,6.954703075202232
3018607,6.954703075202232
3018608,44.9184532582633
3018609,8.534967530141913
3018610,4.711611104742161
3018611,7.096408102427686
3018612,1540.9516625224417
3018613,4.711611104742161
3018614,389.6012630137604
3018615,4.711611104742161
3018616,862.1781649069262
3018617,624.4785490997525
3018618,164.46107157317132
3018619,223.85951118798803
3018620,110.8798661806494
3018621,2537.05260922084
3018622,37.362447401201784
3018623,5.094859740265156
3018624,4.711611104742161
3018625,4.711611104742161
3018626,4.986244656676983
3018627,4.711611104742161
3018628,4.711611104742161
3018629,10.886335535769817
3018630,14.701820455472177
3018631,135.6248018335415
3018632,4.711611104742161
3018633,663.6730273774992
3018634,140.61647495916804
3018635,4.711611104742161
3018636,4.711611104742161
3018637,255.30230364690436
3018638,118.35489228574733
3018639,4.711611104742161
3018640,4.711611104742161
3018641,51.34114711053103
3018642,17.116435215983717
3018643,10.653897638104443
3018644,13.303100368786724
3018645,1735.550341070152
3018646,10.653897638104443
3018647,460.29340054660656
3018648,10.653897638104443
3018649,1076.5186495100545
3018650,731.5040688788536
3018651,231.70348368268048
3018652,254.32280202648295
3018653,140.22329869875287
3018654,2994.928344769609
3018655,45.64722261985973
3018656,13.044847872229802
3018657,10.653897638104443
3018658,10.653897638104443
3018659,10.950184224001626
3018660,10.653897638104443
3018661,10.653897638104443
3018662,13.935817093775432
3018663,36.35183987501192
3018664,169.4027937490786
3018665,10.653897638104443
3018666,793.7970213988735
3018667,210.35495582789338
3018668,10.653897638104443
3018669,10.653897638104443
3018670,284.2456109689041
3018671,197.88917408196855
3018672,10.653897638104443
3018673,10.653897638104443
3018674,67.65214655634867
3018675,14.912017909795502
3018676,5.2690485145233215
3018677,7.869192690802738
3018678,863.6343481827498
3018679,5.2690485145233215
3018680,459.176835022801
3018681,5.2690485145233215
3018682,1199.578414295081
3018683,245.66999100067926
3018684,289.7997466307061
3018685,92.12009192402866
3018686,37.49232956297388
3018687,3740.499130035484
3018688,22.699127550642153
3018689,6.694036801721335
3018690,5.2690485145233215
3018691,5.2690485145233215
3018692,5.286124925642665
3018693,5.2690485145233215
3018694,5.2690485145233215
3018695,5.869351303056093
3018696,16.67502083502769
3018697,47.75850988505793
3018698,5.2690485145233215
3018699,291.03523913120074
3018700,274.9057531810539
3018701,5.2690485145233215
3018702,5.2690485145233215
3018703,281.1549520700585
3018704,61.651504858472464
3018705,5.2690485145233215
3018706,5.2690485145233215
3018707,16.93165775334949
3018708,2.92323626262593
3018709,0.0
3018710,0.4406792071029968
3018711,1036.526786234102
3018712,0.0
3018713,285.34853321601565
3018714,0.0
3018715,686.6749648655165
3018716,399.50232331724754
3018717,139.36638417746107
3018718,164.99207295206355
3018719,86.01920896963955
3018720,2055.804301390878
3018721,27.65877228961513
3018722,0.0
3018723,0.0
3018724,0.0
3018725,0.0
3018726,0.0
3018727,0.0
3018728,0.7337039781620591
3018729,8.456650889230469
3018730,112.19289676670154
3018731,0.0
3018732,285.69295529008735
3018733,133.01872804660198
3018734,0.0
3018735,0.0
3018736,169.2911964393389
3018737,71.16538046348504
3018738,0.0
3018739,0.0
3018740,19.45464189270008
3018741,1.4807932532306012
3018742,0.0
3018743,0.0
3018744,635.9544892555278
3018745,0.0
3018746,172.090146080772
3018747,0.0
3018748,995.9272611594499
3018749,144.34907637607523
3018750,211.5549886149745
3018751,58.82286834438296
3018752,20.132999428787407
3018753,2726.747534461245
3018754,9.317940309888709
3018755,0.0
3018756,0.0
3018757,0.0
3018758,0.0
3018759,0.0
3018760,0.0
3018761,0.0
3018762,4.481422186175616
3018763,24.721666205464985
3018764,0.0
3018765,259.1060658862748
3018766,225.99414452891546
3018767,0.0
3018768,0.0
3018769,170.16857068174423
3018770,31.218124537002765
3018771,0.0
3018772,0.0
3018773,1.830300244507666
3018774,12.60082630136586
3018775,4.158408667503871
3018776,8.498296243689426
3018777,2779.881204502418
3018778,4.158408667503871
3018779,576.6183345409074
3018780,4.158408667503871
3018781,2228.527844659652
3018782,254.81537087237166
3018783,347.46207059954133
3018784,91.89126786721043
3018785,51.00751788980597
3018786,5966.423339929761
3018787,27.0091214949531
3018788,5.253875167431827
3018789,4.158408667503871
3018790,4.158408667503871
3018791,4.090620012230062
3018792,4.158408667503871
3018793,4.158408667503871
3018794,6.8628674627770145
3018795,22.101243342113975
3018796,58.050464363552535
3018797,4.158408667503871
3018798,616.3607696747102
3018799,410.74125724251763
3018800,4.158408667503871
3018801,4.158408667503871
3018802,468.65979455077644
3018803,52.124194811460704
3018804,4.158408667503871
3018805,4.158408667503871
3018806,12.61395384891157
3018807,3.910963982568921
3018808,0.0
3018809,0.0
3018810,896.0508014592901
3018811,0.0
3018812,268.7539356816511
3018813,0.0
3018814,891.4850594292809
3018815,183.50018533560157
3018816,154.1373297929404
3018817,61.71900317238633
3018818,28.562797207159523
3018819,2416.684378524411
3018820,10.980997307972139
3018821,0.0
3018822,0.0
3018823,0.0
3018824,0.0
3018825,0.0
3018826,0.0
3018827,0.0
3018828,6.50401174753927
3018829,52.257670767451216
3018830,0.0
3018831,161.78798974975422
3018832,159.47577702944793
3018833,0.0
3018834,0.0
3018835,95.51915622924462
3018836,35.91893362968617
3018837,0.0
3018838,0.0
3018839,1.136148652711666
3018840,4.502232277601371
3018841,0.0
3018842,0.0
3018843,1023.8962816348246
3018844,0.0
3018845,292.3186280658608
3018846,0.0
3018847,996.4925668497256
3018848,175.1249846927158
3018849,155.2924433733192
3018850,51.63964881235161
3018851,23.66869492087786
3018852,2794.3170420675406
3018853,10.490824765338271
3018854,0.0
3018855,0.0
3018856,0.0
3018857,0.0
3018858,0.0
3018859,0.0
3018860,0.0
3018861,7.349578544230031
3018862,39.003652005411055
3018863,0.0
3018864,247.6653924895026
3018865,198.33277807810433
3018866,0.0
3018867,0.0
3018868,117.20183588590508
3018869,36.55116145588536
3018870,0.0
3018871,0.0
3018872,1.2982381446512878
3018873,3.040671882518046
3018874,0.0
3018875,2.5683065587908054
3018876,724.9768890003687
3018877,0.0
3018878,281.7101386384487
3018879,0.0
3018880,1451.723759731255
3018881,184.5245159004861
3018882,163.9260035605833
3018883,61.20908451092945
3018884,34.492546280456416
3018885,3266.7616529039824
3018886,12.143191853713555
3018887,0.0
3018888,0.0
3018889,0.0
3018890,0.0
3018891,0.0
3018892,0.0
3018893,0.0
3018894,8.218061879798437
3018895,51.63011661739179
3018896,0.0
3018897,491.24671977177826
3018898,323.9190074433996
3018899,0.0
3018900,0.0
3018901,110.94659764846932
3018902,53.14113241923451
3018903,0.0
3018904,0.0
3018905,5.654806821827837
3018906,2.049772541579219
3018907,0.0
3018908,0.5067572836241419
3018909,748.4689188095534
3018910,0.0
3018911,200.05642481836654
3018912,0.0
3018913,936.0770829176959
3018914,163.61360683358242
3018915,211.79141955150382
3018916,62.152427901181206
3018917,29.31140004558551
3018918,2639.586906889408
3018919,11.174076129726995
3018920,0.0
3018921,0.0
3018922,0.0
3018923,0.0
3018924,0.0
3018925,0.0
3018926,0.0
3018927,2.885847941214789
3018928,53.29419105659035
3018929,0.0
3018930,150.9904687991778
3018931,196.68919878065262
3018932,0.0
3018933,0.0
3018934,90.8231977839697
3018935,38.453407009563705
3018936,0.0
3018937,0.0
3018938,5.065847859405828
3018939,6.237889549704139
3018940,0.0
3018941,0.0
3018942,581.8020039731947
3018943,0.0
3018944,248.63048501754702
3018945,0.0
3018946,1118.362915863293
3018947,148.28346455536484
3018948,210.56163501276413
3018949,108.74556052573854
3018950,23.662422900758454
3018951,2831.4593938872786
3018952,14.1049163686886
3018953,0.0
3018954,0.0
3018955,0.0
3018956,0.0
3018957,0.0
3018958,0.0
3018959,0.0
3018960,6.219275538052282
3018961,72.80400795478248
3018962,0.0
3018963,139.42252616477364
3018964,224.4835745005911
3018965,0.0
3018966,0.0
3018967,124.74613236286154
3018968,51.07309158664547
3018969,0.0
3018970,0.0
3018971,2.359378875052582
3018972,4.464679387427737
3018973,0.0
3018974,0.0
3018975,1254.9492124100423
3018976,0.0
3018977,215.9473307381083
3018978,0.0
3018979,1080.8357665003123
3018980,221.47795483291134
3018981,274.90615565542345
3018982,90.96117228669863
3018983,46.98898799582319
3018984,3100.6580347486106
3018985,10.506524014153765
3018986,0.0
3018987,0.0
3018988,0.0
3018989,0.0
3018990,0.0
3018991,0.0
3018992,0.0
3018993,4.722100009662862
3018994,62.08402492953137
3018995,0.0
3018996,230.79140769927966
3018997,193.2123317049954
3018998,0.0
3018999,0.0
3019000,222.76475138927267
3019001,60.96134406447055
3019002,0.0
3019003,0.0
3019004,6.227300456340966
3019005,5.354575039195616
3019006,0.0
3019007,0.0
3019008,1008.5702140830713
3019009,0.0
3019010,627.5136600100781
3019011,0.0
3019012,788.9837106968287
3019013,293.8267541844306
3019014,188.3958356239201
3019015,141.4113308571457
3019016,49.778199684380894
3019017,2481.8084663739983
3019018,17.777462184855693
3019019,0.0
3019020,0.0
3019021,0.0
3019022,0.0
3019023,0.0
3019024,0.0
3019025,0.0
3019026,6.42083857208075
3019027,73.48183683094527
3019028,0.0
3019029,155.29849861291734
3019030,162.2396789171352
3019031,0.0
3019032,0.0
3019033,154.74757587085685
3019034,55.4945051290235
3019035,0.0
3019036,0.0
3019037,11.16475631294813
3019038,2.9854590201501994
3019039,0.0
3019040,0.0
3019041,1222.7581460110061
3019042,0.0
3019043,212.4396809781054
3019044,0.0
3019045,1048.3369486301663
3019046,135.36697671341085
3019047,192.85628514601817
3019048,60.4483851744211
3019049,30.31281372475441
3019050,2662.7070095174577
3019051,11.84040551366748
3019052,0.0
3019053,0.0
3019054,0.0
3019055,0.0
3019056,0.0
3019057,0.0
3019058,0.0
3019059,3.049452599324055
3019060,60.03850570564056
3019061,0.0
3019062,196.2043574772295
3019063,191.09796161041228
3019064,0.0
3019065,0.0
3019066,86.52919847493584
3019067,35.83328305948965
3019068,0.0
3019069,0.0
3019070,1.851672210303486
3019071,10.059773259269162
3019072,2.1048120340703074
3019073,6.713777732135197
3019074,1488.189438912908
3019075,2.1048120340703074
3019076,376.8703476540131
3019077,2.1048120340703074
3019078,1043.5010162322244
3019079,502.6842583944873
3019080,224.91011200856363
3019081,203.69775467297893
3019082,107.33909607525511
3019083,3281.9454861035156
3019084,39.728722773673354
3019085,2.5912513402640966
3019086,2.1048120340703074
3019087,2.1048120340703074
3019088,2.0370233787964986
3019089,2.1048120340703074
3019090,2.1048120340703074
3019091,9.99653764913299
3019092,21.866934859621786
3019093,118.81078689818055
3019094,2.1048120340703074
3019095,472.81533718609944
3019096,235.69517796767943
3019097,2.1048120340703074
3019098,2.1048120340703074
3019099,312.1197334287754
3019100,115.65655998533038
3019101,2.1048120340703074
3019102,2.1048120340703074
3019103,28.35945906649374
3019104,0.0
3019105,0.0
3019106,0.0
3019107,110.91273050069351
3019108,0.0
3019109,46.07610428464807
3019110,0.0
3019111,77.50679880010536
3019112,45.563732503211355
3019113,23.356104584144692
3019114,11.672883113288982
3019115,0.0
3019116,229.3876375941332
3019117,0.0
3019118,0.0
3019119,0.0
3019120,0.0
3019121,0.0
3019122,0.0
3019123,0.0
3019124,0.0
3019125,0.0
3019126,1.72031404121486
3019127,0.0
3019128,43.75196930905629
3019129,26.914674652676098
3019130,0.0
3019131,0.0
3019132,22.33415989705687
3019133,3.047022100850149
3019134,0.0
3019135,0.0
3019136,0.0
3019137,0.0
3019138,0.0
3019139,0.0
3019140,102.60002582609239
3019141,0.0
3019142,49.20914802861912
3019143,0.0
3019144,82.76115516038324
3019145,44.79122095294368
3019146,23.141745199799367
3019147,12.31805735608883
3019148,0.474821881707971
3019149,245.8515995376117
3019150,0.0
3019151,0.0
3019152,0.0
3019153,0.0
3019154,0.0
3019155,0.0
3019156,0.0
3019157,0.0
3019158,0.0
3019159,2.132290326644677
3019160,0.0
3019161,43.72216120190632
3019162,27.027851206563746
3019163,0.0
3019164,0.0
3019165,21.4451625448456
3019166,3.4162038742248697
3019167,0.0
3019168,0.0
3019169,0.0
3019170,0.0
3019171,0.0
3019172,0.0
3019173,105.01516334115107
3019174,0.0
3019175,48.25463860881299
3019176,0.0
3019177,79.51882327297052
3019178,45.65274989933474
3019179,25.055605384911257
3019180,12.364496902505172
3019181,0.0
3019182,228.34477612384327
3019183,0.0
3019184,0.0
3019185,0.0
3019186,0.0
3019187,0.0
3019188,0.0
3019189,0.0
3019190,0.0
3019191,0.0
3019192,2.079493648333731
3019193,0.0
3019194,43.07703893834859
3019195,27.56812066592036
3019196,0.0
3019197,0.0
3019198,23.16787150439759
3019199,2.859523025061111
3019200,0.0
3019201,0.0
3019202,0.0
3019203,1.9188215450667032
3019204,0.0
3019205,0.0
3019206,829.887870055538
3019207,0.0
3019208,277.3402063233065
3019209,0.0
3019210,780.1724684464707
3019211,318.0138755831544
3019212,161.18109602130622
3019213,77.67100539089138
3019214,63.23273940307335
3019215,2232.966744966652
3019216,22.73056983124668
3019217,0.0
3019218,0.0
3019219,0.0
3019220,0.0
3019221,0.0
3019222,0.0
3019223,0.0
3019224,4.23182617406603
3019225,104.21649999632182
3019226,0.0
3019227,1417.0111728998077
3019228,169.50271655667228
3019229,0.0
3019230,0.0
3019231,169.36641716027023
3019232,64.64347177201662
3019233,0.0
3019234,0.0
3019235,13.024022926424076
3019236,8.88430957705546
3019237,5.256082914179186
3019238,7.1666475980417825
3019239,2005.6660853440267
3019240,5.256082914179186
3019241,570.4392501727872
3019242,5.256082914179186
3019243,1341.7968461162186
3019244,690.132437331814
3019245,335.2869185023273
3019246,253.90193292396575
3019247,110.2095071233637
3019248,3969.224609459059
3019249,29.179529314750653
3019250,5.810412304946052
3019251,5.256082914179186
3019252,5.256082914179186
3019253,5.188294258905377
3019254,5.256082914179186
3019255,5.256082914179186
3019256,10.425638709151402
3019257,15.735726020189254
3019258,133.8798898851871
3019259,5.256082914179186
3019260,433.5648645670337
3019261,295.5638742837322
3019262,5.256082914179186
3019263,5.256082914179186
3019264,333.3006908961675
3019265,162.70739188985428
3019266,5.256082914179186
3019267,5.256082914179186
3019268,49.374034253879266
3019269,2.265117778808233
3019270,0.0
3019271,3.389836678193946
3019272,2873.919507661395
3019273,0.0
3019274,493.59076506462304
3019275,0.0
3019276,1045.4223659948884
3019277,577.9367316659474
3019278,259.646576384078
3019279,246.02725266189927
3019280,73.55922080657797
3019281,2770.9484631080477
3019282,18.23643991976967
3019283,0.0
3019284,0.0
3019285,0.0
3019286,0.0
3019287,0.0
3019288,0.0
3019289,6.505491917246999
3019290,35.37909232909351
3019291,389.93914337039604
3019292,0.0
3019293,330.51367864404125
3019294,191.1457279018828
3019295,0.0
3019296,0.0
3019297,194.53135307448022
3019298,125.80424581325559
3019299,0.0
3019300,0.0
3019301,10.153687957294007
3019302,3.0090150308911623
3019303,0.0
3019304,0.023951569675755513
3019305,681.7766019889226
3019306,0.0
3019307,313.13634534637356
3019308,0.0
3019309,797.4017938810002
3019310,225.94816334457838
3019311,149.78089581926275
3019312,76.8008764817074
3019313,35.07870350729517
3019314,2486.0941942839418
3019315,13.11813530038665
3019316,0.0
3019317,0.0
3019318,0.0
3019319,0.0
3019320,0.0
3019321,0.0
3019322,0.0
3019323,7.024823826776661
3019324,60.91732094435218
3019325,0.0
3019326,308.58339965255493
3019327,244.75344339127847
3019328,0.0
3019329,0.0
3019330,211.4796270220944
3019331,41.56800043890567
3019332,0.0
3019333,0.0
3019334,3.152367454384315
3019335,3.9826639738425715
3019336,0.0
3019337,1.6423394937478526
3019338,1207.0041220714952
3019339,0.0
3019340,403.4829132985708
3019341,0.0
3019342,823.8374047649343
3019343,394.7449060222717
3019344,209.17047928924964
3019345,194.7866061351422
3019346,61.69528347513715
3019347,2544.4536043712096
3019348,28.382035857154026
3019349,0.0
3019350,0.0
3019351,0.0
3019352,0.0
3019353,0.0
3019354,0.0
3019355,4.279692983142145
3019356,12.808572387009812
3019357,211.03255507045372
3019358,0.0
3019359,232.9470226732838
3019360,180.73915394505352
3019361,0.0
3019362,0.0
3019363,238.36890097885168
3019364,103.2583311999309
3019365,0.0
3019366,0.0
3019367,19.73335820618333
3019368,7.823611275524973
3019369,0.0
3019370,0.0
3019371,778.2966551269095
3019372,0.0
3019373,424.10868836604857
3019374,0.0
3019375,849.1815218139001
3019376,261.23990686200847
3019377,212.76258654356695
3019378,110.10361712645462
3019379,33.28289451089774
3019380,2581.514293113927
3019381,13.614060286526309
3019382,0.0
3019383,0.0
3019384,0.0
3019385,0.0
3019386,0.0
3019387,0.0
3019388,0.0
3019389,6.2479276707807845
3019390,265.53973141062687
3019391,0.0
3019392,154.34423207396128
3019393,214.8749273448725
3019394,0.0
3019395,0.0
3019396,164.62173409809716
3019397,72.87517009644387
3019398,0.0
3019399,0.0
3019400,6.293346808905786
3019401,0.0
3019402,0.0
3019403,0.0
3019404,107.74979464713708
3019405,0.0
3019406,50.48785799137458
3019407,0.0
3019408,81.25932838584991
3019409,44.87913265810603
3019410,24.61217906241533
3019411,11.98729846899963
3019412,0.0
3019413,236.53592261210105
3019414,0.0
3019415,0.0
3019416,0.0
3019417,0.0
3019418,0.0
3019419,0.0
3019420,0.0
3019421,0.0
3019422,0.0
3019423,2.723451232856892
3019424,0.0
3019425,42.672750324626215
3019426,29.097563495838084
3019427,0.0
3019428,0.0
3019429,23.11691379176323
3019430,2.8284293802071367
3019431,0.0
3019432,0.0
3019433,0.0
3019434,36.297016229996785
3019435,26.00633091408535
3019436,34.01701911270784
3019437,4137.373759576732
3019438,26.00633091408535
3019439,893.8336850443027
3019440,26.00633091408535
3019441,2103.146886131007
3019442,1297.3474283387543
3019443,447.1578936904564
3019444,551.311773821776
3019445,313.1879154106006
3019446,6518.912367564954
3019447,96.61128847597487
3019448,28.286915210073424
3019449,26.00633091408535
3019450,26.00633091408535
3019451,26.362343416956477
3019452,26.00633091408535
3019453,26.00633091408535
3019454,37.96376979100874
3019455,65.22649448233179
3019456,320.9691384482669
3019457,26.00633091408535
3019458,811.8819005812252
3019459,497.7197504273632
3019460,26.00633091408535
3019461,26.00633091408535
3019462,552.5703801927532
3019463,369.60484998419673
3019464,26.00633091408535
3019465,26.00633091408535
3019466,127.33444755178823
3019467,0.0
3019468,0.0
3019469,0.0
3019470,499.3114898358327
3019471,0.0
3019472,166.67024743778057
3019473,0.0
3019474,524.2688440502274
3019475,143.51478513013305
3019476,100.34330241324862
3019477,63.92595565391589
3019478,18.55796232210574
3019479,1392.450673062153
3019480,2.877676992174317
3019481,0.0
3019482,0.0
3019483,0.0
3019484,0.0
3019485,0.0
3019486,0.0
3019487,0.0
3019488,0.03563795007067383
3019489,98.71390303210936
3019490,0.0
3019491,97.8088906780563
3019492,110.03255662080338
3019493,0.0
3019494,0.0
3019495,95.08342918238
3019496,30.119514710582884
3019497,0.0
3019498,0.0
3019499,0.0
3019500,5.88121502158596
3019501,0.0
3019502,1.057796888633463
3019503,747.8402145747757
3019504,0.0
3019505,377.61361169572865
3019506,0.0
3019507,1310.8432554314127
3019508,286.15981462402107
3019509,200.84793756921817
3019510,107.18607854569194
3019511,29.220196750581117
3019512,3483.478646979749
3019513,16.057457966535836
3019514,0.0
3019515,0.0
3019516,0.0
3019517,0.0
3019518,0.0
3019519,0.0
3019520,0.0
3019521,3.998505086684098
3019522,44.54811099223056
3019523,0.0
3019524,229.42396238723785
3019525,294.3086709015308
3019526,0.0
3019527,0.0
3019528,109.3292281785693
3019529,62.675239312676666
3019530,0.0
3019531,0.0
3019532,4.783397889867513
3019533,0.0
3019534,0.0
3019535,0.0
3019536,329.3892428590053
3019537,0.0
3019538,143.33451377085197
3019539,0.0
3019540,636.1900885220657
3019541,125.00691636035337
3019542,101.29191345477271
3019543,48.095000395262154
3019544,14.421175866757071
3019545,1683.2794216960435
3019546,3.3390679639409075
3019547,0.0
3019548,0.0
3019549,0.0
3019550,0.0
3019551,0.0
3019552,0.0
3019553,0.0
3019554,0.28476033615688423
3019555,189.00653641123836
3019556,0.0
3019557,117.42465401469191
3019558,170.8818463104658
3019559,0.0
3019560,0.0
3019561,107.26969598644637
3019562,31.44458547094238
3019563,0.0
3019564,0.0
3019565,0.0
3019566,4.493498657593654
3019567,0.0
3019568,0.0
3019569,663.3526229806388
3019570,0.0
3019571,262.46733688831904
3019572,0.0
3019573,1149.7890142566741
3019574,184.88194132915652
3019575,170.19419995239437
3019576,104.88571728305288
3019577,39.31584179768369
3019578,2933.5602246891804
3019579,9.364753835151522
3019580,0.2656930204256456
3019581,0.0
3019582,0.0
3019583,0.0
3019584,0.0
3019585,0.0
3019586,0.0
3019587,8.584548976556153
3019588,100.56665794376455
3019589,0.0
3019590,222.99921149316117
3019591,238.9127930749744
3019592,0.0
3019593,0.0
3019594,147.05778828437514
3019595,56.57982177711602
3019596,0.0
3019597,0.0
3019598,0.8833775763292064
3019599,1.466467027849455
3019600,0.0
3019601,0.340826775930096
3019602,1201.4743849246124
3019603,0.0
3019604,673.2106141222084
3019605,0.0
3019606,1031.8807946186403
3019607,248.22641003167993
3019608,259.88038864774575
3019609,73.62997571248162
3019610,36.271921396284995
3019611,3502.177116148784
3019612,17.5599950620601
3019613,0.0
3019614,0.0
3019615,0.0
3019616,0.0
3019617,0.0
3019618,0.0
3019619,0.0
3019620,12.101917352438825
3019621,111.11485234072344
3019622,0.0
3019623,226.46242360334477
3019624,307.4198230029669
3019625,0.0
3019626,0.0
3019627,168.00061903335157
3019628,59.187296425239325
3019629,0.0
3019630,0.0
3019631,2.928818447067499
3019632,0.7372517964535028
3019633,0.0
3019634,0.0
3019635,953.8940585743902
3019636,0.0
3019637,195.10080727479493
3019638,0.0
3019639,683.2970514400153
3019640,155.213600144489
3019641,115.67133446917383
3019642,77.05076063475349
3019643,26.087341504993596
3019644,1965.5923733293796
3019645,4.401259318222717
3019646,0.0
3019647,0.0
3019648,0.0
3019649,0.0
3019650,0.0
3019651,0.0
3019652,0.0
3019653,1.30852072080374
3019654,147.713638793086
3019655,0.0
3019656,127.00080359039003
3019657,132.34480793443296
3019658,0.0
3019659,0.0
3019660,64.87075447244484
3019661,33.66440342763853
3019662,0.0
3019663,0.0
3019664,0.0
3019665,0.0
3019666,0.0
3019667,0.0
3019668,104.9118126087446
3019669,0.0
3019670,49.26849506519662
3019671,0.0
3019672,77.49286042207301
3019673,43.97376970250322
3019674,24.108345478607916
3019675,11.30354314463116
3019676,0.0
3019677,237.24037111229208
3019678,0.0
3019679,0.0
3019680,0.0
3019681,0.0
3019682,0.0
3019683,0.0
3019684,0.0
3019685,0.0
3019686,0.0
3019687,1.518114424390597
3019688,0.0
3019689,43.4749893150258
3019690,26.760237135994945
3019691,0.0
3019692,0.0
3019693,22.29944863166246
3019694,2.5253732868312913
3019695,0.0
3019696,0.0
3019697,0.0
3019698,9.129842230678479
3019699,1.3321484315182164
3019700,7.270395546497909
3019701,1182.057927316426
3019702,1.3321484315182164
3019703,468.68399185753606
3019704,1.3321484315182164
3019705,1319.598209992607
3019706,538.6244949723298
3019707,152.3689251681274
3019708,200.46363742186156
3019709,156.2342193125038
3019710,3797.133589313854
3019711,50.96987231005822
3019712,3.728377814777871
3019713,1.3321484315182164
3019714,1.3321484315182164
3019715,1.4388661354805583
3019716,1.3321484315182164
3019717,1.3321484315182164
3019718,6.648298681365814
3019719,22.93023248158571
3019720,139.67473148322205
3019721,1.3321484315182164
3019722,298.8715147894941
3019723,315.6882183699293
3019724,1.3321484315182164
3019725,1.3321484315182164
3019726,173.82147756181917
3019727,181.77167752974933
3019728,1.3321484315182164
3019729,1.3321484315182164
3019730,20.16749197229453
3019731,8.278905068817323
3019732,0.17425814511494142
3019733,4.2767339744730295
3019734,1069.4407798112666
3019735,0.17425814511494142
3019736,524.8809682595287
3019737,0.17425814511494142
3019738,1343.7962416391101
3019739,468.4551686056584
3019740,221.6704794201301
3019741,175.87870627690788
3019742,140.62131595831647
3019743,4042.666902697153
3019744,27.19937244995605
3019745,1.9799892694958325
3019746,0.17425814511494142
3019747,0.17425814511494142
3019748,0.10646948984113225
3019749,0.17425814511494142
3019750,0.17425814511494142
3019751,1.1606009286705259
3019752,34.48619293622661
3019753,109.48836008172697
3019754,0.17425814511494142
3019755,249.38095247606242
3019756,386.7545585320125
3019757,0.17425814511494142
3019758,0.17425814511494142
3019759,146.2159540395159
3019760,203.41414234381998
3019761,0.17425814511494142
3019762,0.17425814511494142
3019763,24.14299416605244
3019764,9.02966797970854
3019765,0.0
3019766,0.4891800406769806
3019767,1040.7164515768095
3019768,0.0
3019769,812.2074023406957
3019770,0.0
3019771,1583.8405696934058
3019772,260.0654398145102
3019773,150.67892923770418
3019774,129.72023230037607
3019775,44.994166375956574
3019776,3505.3596991956556
3019777,28.254267461128148
3019778,1.3470829481769786
3019779,0.0
3019780,0.0
3019781,0.0
3019782,0.0
3019783,0.0
3019784,0.5608152020638388
3019785,8.692162392589044
3019786,94.4183689181006
3019787,0.0
3019788,175.41785202471357
3019789,316.3989207772204
3019790,0.0
3019791,0.0
3019792,145.72086952416373
3019793,89.8561571066337
3019794,0.0
3019795,0.0
3019796,12.730357658838013
3019797,8.972848227644516
3019798,1.6945502493599598
3019799,5.53982507332958
3019800,1326.7894132401325
3019801,1.6945502493599598
3019802,353.5811584859956
3019803,1.6945502493599598
3019804,1041.9953678535032
3019805,523.0492703223814
3019806,237.04325136989044
3019807,196.05043320178913
3019808,106.51712899910231
3019809,3323.4447940735845
3019810,42.61595056415464
3019811,2.747695989377924
3019812,1.6945502493599598
3019813,1.6945502493599598
3019814,1.641719282020678
3019815,1.6945502493599598
3019816,1.6945502493599598
3019817,6.602327919172865
3019818,18.7150594595025
3019819,121.74412437786016
3019820,1.6945502493599598
3019821,421.696103437293
3019822,258.28897162444946
3019823,1.6945502493599598
3019824,1.6945502493599598
3019825,316.09506931995224
3019826,128.05707991611263
3019827,1.6945502493599598
3019828,1.6945502493599598
3019829,32.21227570791739
3019830,1.6119277764290865
3019831,0.0
3019832,0.0
3019833,776.6551978245575
3019834,0.0
3019835,260.4379988754076
3019836,0.0
3019837,987.66060674093
3019838,169.97077061698758
3019839,147.623083586354
3019840,94.40712680729119
3019841,24.05678882106574
3019842,2679.0662106170275
3019843,10.647963198991802
3019844,0.0
3019845,0.0
3019846,0.0
3019847,0.0
3019848,0.0
3019849,0.0
3019850,0.0
3019851,2.8140747814908593
3019852,56.93949633951349
3019853,0.0
3019854,102.3539700850773
3019855,205.52654507661742
3019856,0.0
3019857,0.0
3019858,98.73659177780803
3019859,44.5103565421179
3019860,0.0
3019861,0.0
3019862,0.5139622549493859
3019863,4.593988398027989
3019864,0.0
3019865,0.7239672894671525
3019866,776.3986880997259
3019867,0.0
3019868,290.1517461974268
3019869,0.0
3019870,804.7092246231102
3019871,292.7920666576072
3019872,174.0815445274631
3019873,112.18681087516876
3019874,76.65932604875832
3019875,2332.69440907051
3019876,26.494357989992356
3019877,0.0
3019878,0.0
3019879,0.0
3019880,0.0
3019881,0.0
3019882,0.0
3019883,3.2485267535361197
3019884,15.338184675255647
3019885,80.67276726608769
3019886,0.0
3019887,187.9191125002264
3019888,209.82542889019837
3019889,0.0
3019890,0.0
3019891,109.86684120185082
3019892,78.49270681291446
3019893,0.0
3019894,0.0
3019895,6.695252708897003
3019896,0.0
3019897,0.0
3019898,0.0
3019899,105.47963384453023
3019900,0.0
3019901,46.89836461741805
3019902,0.0
3019903,78.19413159231215
3019904,44.442675591713694
3019905,24.218710006206866
3019906,11.800387658680574
3019907,0.0
3019908,242.31907230544968
3019909,0.0
3019910,0.0
3019911,0.0
3019912,0.0
3019913,0.0
3019914,0.0
3019915,0.0
3019916,0.0
3019917,0.0
3019918,0.9873500699001578
3019919,0.0
3019920,41.74201931910193
3019921,26.9234543235117
3019922,0.0
3019923,0.0
3019924,22.661668473888213
3019925,2.1356601844928504
3019926,0.0
3019927,0.0
3019928,0.0
3019929,2.517793848578216
3019930,0.0
3019931,0.0
3019932,1091.7682812736925
3019933,0.0
3019934,226.0934035012588
3019935,0.0
3019936,810.6260064948742
3019937,131.85342966730144
3019938,136.71916299420636
3019939,71.0214108942456
3019940,28.721060856674654
3019941,2154.6527988254156
3019942,6.459549411344371
3019943,0.0
3019944,0.0
3019945,0.0
3019946,0.0
3019947,0.0
3019948,0.0
3019949,0.0
3019950,3.839056282794786
3019951,207.87806740408877
3019952,0.0
3019953,146.14943161167324
3019954,167.27586108746732
3019955,0.0
3019956,0.0
3019957,114.2652528100231
3019958,43.94788811987517
3019959,0.0
3019960,0.0
3019961,0.30719002602589773
3019962,72.19404936117003
3019963,48.71433565366263
3019964,57.275983164644884
3019965,5504.665920164368
3019966,48.71433565366263
3019967,1184.0722037848448
3019968,48.71433565366263
3019969,2949.721233791368
3019970,1810.3045633281633
3019971,708.9404760842309
3019972,754.5349975406892
3019973,448.21327536411616
3019974,8993.974751821517
3019975,137.08279627019428
3019976,53.22648629914301
3019977,48.71433565366263
3019978,48.71433565366263
3019979,49.80826076130377
3019980,48.71433565366263
3019981,48.71433565366263
3019982,60.47954449826553
3019983,72.36603309446485
3019984,434.4310317353763
3019985,48.71433565366263
3019986,1088.7867905046885
3019987,593.259676927021
3019988,48.71433565366263
3019989,48.71433565366263
3019990,737.8311205304722
3019991,617.4062142050811
3019992,48.71433565366263
3019993,48.71433565366263
3019994,180.10620588477258
3019995,60.36940819515593
3019996,42.665625599233834
3019997,50.96141205604745
3019998,4157.397544252061
3019999,42.665625599233834
3020000,899.0516640593521
3020001,42.665625599233834
3020002,2761.9933836999608
3020003,1253.2299395376763
3020004,693.3261310430538
3020005,526.5734788163039
3020006,388.7998076387716
3020007,9004.889274517129
3020008,111.39167308260734
3020009,43.60950346175246
3020010,42.665625599233834
3020011,42.665625599233834
3020012,44.301234391475994
3020013,42.665625599233834
3020014,42.665625599233834
3020015,54.68490780015651
3020016,52.6743781525148
3020017,327.805074536049
3020018,42.665625599233834
3020019,1244.0581112142354
3020020,616.4233913732246
3020021,42.665625599233834
3020022,42.665625599233834
3020023,798.6069091251084
3020024,359.20671165051283
3020025,42.665625599233834
3020026,42.665625599233834
3020027,147.97594143416555
3020028,58.90058431327131
3020029,39.66354162571669
3020030,49.642800053633465
3020031,3041.818408516392
3020032,39.66354162571669
3020033,691.0326054661853
3020034,39.66354162571669
3020035,2891.733600130796
3020036,923.0223484875492
3020037,899.9936347389503
3020038,309.13919223347955
3020039,294.92771887900716
3020040,8787.269338389686
3020041,84.38017034555605
3020042,41.37302121535699
3020043,39.66354162571669
3020044,39.66354162571669
3020045,42.36973929616725
3020046,39.66354162571669
3020047,39.66354162571669
3020048,45.43722895129807
3020049,85.3913955511856
3020050,187.05432363129515
3020051,39.66354162571669
3020052,1337.2211052606065
3020053,792.0239366589232
3020054,39.66354162571669
3020055,39.66354162571669
3020056,1069.5611770325997
3020057,251.84120371142006
3020058,39.66354162571669
3020059,39.66354162571669
3020060,98.8179836856428
3020061,56.176924006645066
3020062,39.1457722828253
3020063,48.17288286132251
3020064,3602.6251626057065
3020065,39.1457722828253
3020066,979.8863788968958
3020067,39.1457722828253
3020068,2638.6166202742816
3020069,1290.069662022794
3020070,687.000061302688
3020071,459.9294234127714
3020072,355.0008889824493
3020073,8849.679735627245
3020074,85.58323947186871
3020075,42.36917763710551
3020076,39.1457722828253
3020077,39.1457722828253
3020078,39.94552952775407
3020079,39.1457722828253
3020080,39.1457722828253
3020081,51.43293914484826
3020082,51.78875385798629
3020083,261.8022920975331
3020084,39.1457722828253
3020085,937.8541641823056
3020086,682.8439505993279
3020087,39.1457722828253
3020088,39.1457722828253
3020089,890.0818908257387
3020090,369.64301315083605
3020091,39.1457722828253
3020092,39.1457722828253
3020093,130.59172147597542
3020094,49.12164236638612
3020095,34.46983736602767
3020096,43.72019737253815
3020097,2268.1764664186067
3020098,34.46983736602767
3020099,668.2482516942308
3020100,34.46983736602767
3020101,2536.1601836473137
3020102,758.5509335878752
3020103,732.90614472824
3020104,234.88320480134357
3020105,251.90539819027893
3020106,7704.845285385819
3020107,76.44576727085291
3020108,35.397730276365316
3020109,34.46983736602767
3020110,34.46983736602767
3020111,34.40204871075386
3020112,34.46983736602767
3020113,34.46983736602767
3020114,38.47990644350018
3020115,59.18101395983044
3020116,166.50313341536847
3020117,34.46983736602767
3020118,1175.1811824827116
3020119,695.1754212752379
3020120,34.46983736602767
3020121,34.46983736602767
3020122,921.0184439635958
3020123,213.57785746234362
3020124,34.46983736602767
3020125,34.46983736602767
3020126,66.7949549024098
3020127,19.362230996275837
3020128,10.747570441669376
3020129,16.745260516477764
3020130,2523.0922420866627
3020131,10.747570441669376
3020132,558.89874584229
3020133,10.747570441669376
3020134,1251.1165904850905
3020135,766.0391736533064
3020136,292.5630547822709
3020137,311.5897570755478
3020138,189.46013464766932
3020139,3978.760435410314
3020140,48.426296359080105
3020141,12.427567953543488
3020142,10.747570441669376
3020143,10.747570441669376
3020144,11.84648144528869
3020145,10.747570441669376
3020146,10.747570441669376
3020147,18.119255235027428
3020148,22.80909564073743
3020149,208.26967639283495
3020150,10.747570441669376
3020151,516.3689366846781
3020152,291.5386553370121
3020153,10.747570441669376
3020154,10.747570441669376
3020155,292.4188479359019
3020156,247.038548842116
3020157,10.747570441669376
3020158,10.747570441669376
3020159,69.82566836256476
3020160,8.301647095588754
3020161,0.0
3020162,4.741962398126653
3020163,921.9328503346018
3020164,0.0
3020165,367.30188579954773
3020166,0.0
3020167,1189.8418966470085
3020168,335.3454952323641
3020169,260.5763800844056
3020170,155.32775954088183
3020171,98.2114475723833
3020172,3350.970443028262
3020173,27.285404058900667
3020174,0.8447609123962465
3020175,0.0
3020176,0.0
3020177,0.0
3020178,0.0
3020179,0.0
3020180,2.439895582570345
3020181,33.35495527443972
3020182,83.30680528564822
3020183,0.0
3020184,362.3246641982581
3020185,268.97731792168963
3020186,0.0
3020187,0.0
3020188,204.97634716180863
3020189,86.62415059749408
3020190,0.0
3020191,0.0
3020192,12.990521913960364
3020193,28.07431827580436
3020194,13.024638776387485
3020195,17.937750064711544
3020196,1958.547350590696
3020197,13.024638776387485
3020198,524.5189727006217
3020199,13.024638776387485
3020200,1889.926468841275
3020201,656.1206277664814
3020202,502.9735261518635
3020203,177.3917240903108
3020204,150.92840967495195
3020205,6581.863074465835
3020206,58.58977004373499
3020207,15.3204260980487
3020208,13.024638776387485
3020209,13.024638776387485
3020210,13.80943833338173
3020211,13.024638776387485
3020212,13.024638776387485
3020213,14.73276122986941
3020214,26.936187692946355
3020215,152.37278733203254
3020216,13.024638776387485
3020217,955.9149662506518
3020218,500.2486119187375
3020219,13.024638776387485
3020220,13.024638776387485
3020221,383.58541701738557
3020222,210.68383904471966
3020223,13.024638776387485
3020224,13.024638776387485
3020225,39.17556812821855
3020226,19.043587354285968
3020227,8.719468835898654
3020228,12.159503093061142
3020229,2641.6344487509523
3020230,8.719468835898654
3020231,659.5461548329943
3020232,8.719468835898654
3020233,1516.3738387751453
3020234,852.694167814866
3020235,302.05004710007177
3020236,337.6952880229709
3020237,165.00895013741476
3020238,4431.966390172849
3020239,42.43146141926621
3020240,10.07220163271003
3020241,8.719468835898654
3020242,8.719468835898654
3020243,9.240015906049583
3020244,8.719468835898654
3020245,8.719468835898654
3020246,14.06309295541012
3020247,16.363300259408597
3020248,258.8120237136899
3020249,8.719468835898654
3020250,610.3465064045303
3020251,277.28010511045267
3020252,8.719468835898654
3020253,8.719468835898654
3020254,388.33884305797716
3020255,220.13114147151174
3020256,8.719468835898654
3020257,8.719468835898654
3020258,69.97704822944829
3020259,0.0
3020260,0.0
3020261,0.0
3020262,107.70468751846926
3020263,0.0
3020264,48.929667098667636
3020265,0.0
3020266,81.01144143377192
3020267,44.61398148132086
3020268,22.334967086653897
3020269,11.226233862440445
3020270,0.19192866608531833
3020271,259.0448693868839
3020272,0.0
3020273,0.0
3020274,0.0
3020275,0.0
3020276,0.0
3020277,0.0
3020278,0.0
3020279,0.0
3020280,0.0
3020281,1.1340124146373523
3020282,0.0
3020283,42.58176951381385
3020284,25.101264430977633
3020285,0.0
3020286,0.0
3020287,21.993163715285704
3020288,2.081703082261022
3020289,0.0
3020290,0.0
3020291,0.0
3020292,0.0
3020293,0.0
3020294,0.0
3020295,102.58529094910091
3020296,0.0
3020297,50.98393343627549
3020298,0.0
3020299,78.62106014989749
3020300,43.867954211996334
3020301,23.445508874670388
3020302,11.105128002247348
3020303,0.0
3020304,230.2064061544076
3020305,0.0
3020306,0.0
3020307,0.0
3020308,0.0
3020309,0.0
3020310,0.0
3020311,0.0
3020312,0.0
3020313,0.0
3020314,0.3928032508486128
3020315,0.0
3020316,40.51907863243943
3020317,26.527067817965218
3020318,0.0
3020319,0.0
3020320,22.557145789047333
3020321,1.6726198644928796
3020322,0.0
3020323,0.0
3020324,0.0
3020325,2.6394233584770648
3020326,0.0
3020327,0.0
3020328,521.4466002036422
3020329,0.0
3020330,213.87786641839196
3020331,0.0
3020332,975.2903305731224
3020333,88.73963288865477
3020334,136.41080427994282
3020335,52.88271934111047
3020336,16.369288792985813
3020337,2541.2330108785955
3020338,7.974434132030376
3020339,0.0
3020340,0.0
3020341,0.0
3020342,0.0
3020343,0.0
3020344,0.0
3020345,0.0
3020346,1.8083932107241725
3020347,64.86039647372473
3020348,0.0
3020349,92.74196514937644
3020350,192.0634038618647
3020351,0.0
3020352,0.0
3020353,73.25590325861656
3020354,45.9032609219918
3020355,0.0
3020356,0.0
3020357,0.0
3020358,15.28386649315176
3020359,8.343746802237723
3020360,11.954660772871284
3020361,1698.7677068977084
3020362,8.343746802237723
3020363,459.35629105060826
3020364,8.343746802237723
3020365,1406.138954216354
3020366,575.8893997490316
3020367,327.10542981924874
3020368,254.51506718019124
3020369,169.63268138767666
3020370,4477.988509924189
3020371,56.215869945458486
3020372,9.363839217568623
3020373,8.343746802237723
3020374,8.343746802237723
3020375,8.285929938920265
3020376,8.343746802237723
3020377,8.343746802237723
3020378,14.219680608914404
3020379,23.898747938240973
3020380,156.81127129235216
3020381,8.343746802237723
3020382,524.6689361197526
3020383,327.93651679771165
3020384,8.343746802237723
3020385,8.343746802237723
3020386,466.9113949919053
3020387,179.15216931938892
3020388,8.343746802237723
3020389,8.343746802237723
3020390,54.921321756964765
3020391,4.538968377634644
3020392,0.750492890429995
3020393,3.20739155896253
3020394,1816.9840687740975
3020395,0.750492890429995
3020396,423.398803867499
3020397,0.750492890429995
3020398,927.8076734013958
3020399,639.5192658662658
3020400,162.85034549581147
3020401,236.4807541351964
3020402,128.56934505988076
3020403,2678.5817967192534
3020404,33.268211040202914
3020405,1.687065612536001
3020406,0.750492890429995
3020407,0.750492890429995
3020408,0.7811519383633563
3020409,0.750492890429995
3020410,0.750492890429995
3020411,7.2212381517125905
3020412,10.5835758391127
3020413,190.64623884271563
3020414,0.750492890429995
3020415,473.7767384073305
3020416,178.50246684136198
3020417,0.750492890429995
3020418,0.750492890429995
3020419,241.99228873822477
3020420,143.5284424439002
3020421,0.750492890429995
3020422,0.750492890429995
3020423,38.407382730589916
3020424,18.43498371597201
3020425,9.863829060835435
3020426,15.175853576546704
3020427,2496.1977933310827
3020428,9.863829060835435
3020429,608.4271547391229
3020430,9.863829060835435
3020431,1401.7589379676924
3020432,925.044676537295
3020433,299.606490443768
3020434,364.03005316015316
3020435,145.8639524060241
3020436,4246.61888271637
3020437,55.24994885579508
3020438,12.226045532285239
3020439,9.863829060835435
3020440,9.863829060835435
3020441,10.683529889676906
3020442,9.863829060835435
3020443,9.863829060835435
3020444,17.55702104651952
3020445,34.91861105021036
3020446,175.88356250867574
3020447,9.863829060835435
3020448,559.4057388737901
3020449,333.44040200339066
3020450,9.863829060835435
3020451,9.863829060835435
3020452,286.39992015522336
3020453,269.85131527761024
3020454,9.863829060835435
3020455,9.863829060835435
3020456,67.63659919693123
3020457,17.042047079385384
3020458,5.260135675245786
3020459,9.59710294092984
3020460,1341.644729333224
3020461,5.260135675245786
3020462,612.2493417266313
3020463,5.260135675245786
3020464,1854.3559870567142
3020465,384.9784769931309
3020466,455.08814863179225
3020467,149.81563666161094
3020468,64.45478536076902
3020469,5761.266812601435
3020470,27.457975102305152
3020471,7.330285483002598
3020472,5.260135675245786
3020473,5.260135675245786
3020474,5.455163093926341
3020475,5.260135675245786
3020476,5.260135675245786
3020477,6.957443482927431
3020478,17.252629957377906
3020479,72.35335609755262
3020480,5.260135675245786
3020481,365.682660919212
3020482,444.9977094755877
3020483,5.260135675245786
3020484,5.260135675245786
3020485,458.80994627808826
3020486,88.9949484082817
3020487,5.260135675245786
3020488,5.260135675245786
3020489,24.299613842604778
3020490,2.0604553165905135
3020491,0.0
3020492,0.0
3020493,550.4611827363657
3020494,0.0
3020495,182.5720731373671
3020496,0.0
3020497,412.3211863749973
3020498,209.25856363647898
3020499,86.69082813093854
3020500,93.15067925340733
3020501,48.58588264002975
3020502,1345.9926918807073
3020503,17.195886802649312
3020504,0.0
3020505,0.0
3020506,0.0
3020507,0.0
3020508,0.0
3020509,0.0
3020510,0.0
3020511,3.6860651511415616
3020512,7.611016168416064
3020513,0.0
3020514,158.82485959467684
3020515,96.03220910432752
3020516,0.0
3020517,0.0
3020518,99.92643296168164
3020519,43.3105386396519
3020520,0.0
3020521,0.0
3020522,11.138072592658544
3020523,0.7009846984231451
3020524,0.0
3020525,0.0
3020526,606.3671402465551
3020527,0.0
3020528,182.91088937146378
3020529,0.0
3020530,906.0177390815618
3020531,144.04032969812388
3020532,222.625334164618
3020533,61.209696685557645
3020534,22.719670049529128
3020535,2599.637945510073
3020536,5.224307330732534
3020537,0.0
3020538,0.0
3020539,0.0
3020540,0.0
3020541,0.0
3020542,0.0
3020543,0.0
3020544,4.202033369574547
3020545,4.071596362643765
3020546,0.0
3020547,253.63409401588547
3020548,203.80810790184117
3020549,0.0
3020550,0.0
3020551,165.34395979026021
3020552,26.822885536774617
3020553,0.0
3020554,0.0
3020555,1.4548996550469178
3020556,11.66365888932634
3020557,3.8325221618628547
3020558,8.14306685837353
3020559,2382.1317451608984
3020560,3.8325221618628547
3020561,590.7059360265316
3020562,3.8325221618628547
3020563,2242.1545955225774
3020564,267.57392905432107
3020565,361.93557416828577
3020566,106.66455851212768
3020567,53.059789975842286
3020568,6297.088438207134
3020569,22.32967782170421
3020570,4.377651134699421
3020571,3.8325221618628547
3020572,3.8325221618628547
3020573,4.053915473323238
3020574,3.8325221618628547
3020575,3.8325221618628547
3020576,6.782137197772096
3020577,21.595290640691708
3020578,12.697656895955443
3020579,3.8325221618628547
3020580,651.55240313349
3020581,450.22642871043
3020582,3.8325221618628547
3020583,3.8325221618628547
3020584,470.25445602667907
3020585,55.12360213656644
3020586,3.8325221618628547
3020587,3.8325221618628547
3020588,10.677737530245091
3020589,3.0314572934994493
3020590,0.0
3020591,0.0
3020592,919.6078863735889
3020593,0.0
3020594,316.29289181140064
3020595,0.0
3020596,819.1418856323047
3020597,180.95286381476723
3020598,162.23589725224454
3020599,63.949657486315346
3020600,24.4495125917407
3020601,2415.206220942586
3020602,9.030005640713389
3020603,0.6103676221911845
3020604,0.0
3020605,0.0
3020606,0.0
3020607,0.0
3020608,0.0
3020609,0.0
3020610,7.223119827653294
3020611,9.205436404083395
3020612,0.0
3020613,173.80341216525795
3020614,166.40062612710818
3020615,0.0
3020616,0.0
3020617,99.5645109716637
3020618,35.380047536600586
3020619,0.0
3020620,0.0
3020621,0.9288574747791389
3020622,2.3589552313264663
3020623,0.0
3020624,0.0
3020625,753.6957881786163
3020626,0.0
3020627,264.2978039010602
3020628,0.0
3020629,764.327739257628
3020630,155.22170243407652
3020631,143.49101299742262
3020632,52.17404706075781
3020633,19.626395271819533
3020634,2286.2166275529535
3020635,4.578431850701203
3020636,0.0
3020637,0.0
3020638,0.0
3020639,0.0
3020640,0.0
3020641,0.0
3020642,0.0
3020643,4.414278072110863
3020644,5.276847644907907
3020645,0.0
3020646,150.21333758009962
3020647,149.54532725409993
3020648,0.0
3020649,0.0
3020650,97.7397280582813
3020651,32.24419853536287
3020652,0.0
3020653,0.0
3020654,0.4980823336909266
3020655,2.4410203690553387
3020656,0.0
3020657,1.08892492613285
3020658,579.5352199649107
3020659,0.0
3020660,236.88818504609583
3020661,0.0
3020662,851.5690989364308
3020663,158.37982574340163
3020664,124.98530343056879
3020665,58.125402884710866
3020666,26.812053710517333
3020667,2446.7099082710647
3020668,7.8657217671335005
3020669,0.0
3020670,0.0
3020671,0.0
3020672,0.0
3020673,0.0
3020674,0.0
3020675,0.0
3020676,4.5403793553898355
3020677,19.07459013036986
3020678,0.0
3020679,285.7817578523199
3020680,192.8161523142822
3020681,0.0
3020682,0.0
3020683,97.91156159723663
3020684,38.4615211900076
3020685,0.0
3020686,0.0
3020687,3.6906877112614866
3020688,1.2444765613785638
3020689,0.0
3020690,0.5436439953037797
3020691,693.0493013928335
3020692,0.0
3020693,180.215472584621
3020694,0.0
3020695,832.8803815245271
3020696,142.94102258934225
3020697,193.2070880364616
3020698,58.40257715196428
3020699,25.432027305772017
3020700,2390.6732622361433
3020701,7.722395064532298
3020702,0.0
3020703,0.0
3020704,0.0
3020705,0.0
3020706,0.0
3020707,0.0
3020708,0.0
3020709,2.810107254430249
3020710,6.804478195792868
3020711,0.0
3020712,139.68752368199694
3020713,163.79605342401368
3020714,0.0
3020715,0.0
3020716,78.38554519637587
3020717,28.544722479177317
3020718,0.0
3020719,0.0
3020720,3.9976764493463053
3020721,5.367745265304799
3020722,0.0
3020723,0.0
3020724,599.0897525969915
3020725,0.0
3020726,284.4642946469242
3020727,0.0
3020728,1216.6354048606215
3020729,167.8590171126998
3020730,237.85126452921278
3020731,132.9519965327609
3020732,27.23792153192346
3020733,3171.7693321494735
3020734,10.878245623340733
3020735,0.0
3020736,0.0
3020737,0.0
3020738,0.0
3020739,0.0
3020740,0.0
3020741,0.0
3020742,6.067583035866867
3020743,9.816208661409922
3020744,0.0
3020745,146.987719502674
3020746,272.46517577950914
3020747,0.0
3020748,0.0
3020749,127.32742163952736
3020750,54.62451386371612
3020751,0.0
3020752,0.0
3020753,3.3906198716416096
3020754,3.1986549623612435
3020755,0.0
3020756,0.14604451193621593
3020757,1273.8848038331175
3020758,0.0
3020759,247.41615777300206
3020760,0.0
3020761,972.0994887980527
3020762,228.59744527804514
3020763,299.71023453289337
3020764,110.88204669717499
3020765,47.02443466469944
3020766,3042.4311926411283
3020767,9.546918406250757
3020768,0.0
3020769,0.0
3020770,0.0
3020771,0.0
3020772,0.0
3020773,0.0
3020774,0.0
3020775,2.7597556406411234
3020776,11.474185270685961
3020777,0.0
3020778,216.9674800318784
3020779,196.16736689716882
3020780,0.0
3020781,0.0
3020782,223.19071992006928
3020783,60.572248531986446
3020784,0.0
3020785,0.0
3020786,9.698585524335149
3020787,2.5655278873787957
3020788,0.0
3020789,0.8061990373457517
3020790,1047.1315360277445
3020791,0.0
3020792,669.4929490983776
3020793,0.0
3020794,806.737257527111
3020795,310.1040588455596
3020796,202.88716906258924
3020797,160.5511502689629
3020798,59.338126473693805
3020799,2628.9579437865978
3020800,19.528752967814906
3020801,0.0
3020802,0.0
3020803,0.0
3020804,0.0
3020805,0.0
3020806,0.0
3020807,0.0
3020808,8.460799490457132
3020809,6.37563435880512
3020810,0.0
3020811,178.4319425076304
3020812,190.98055868254502
3020813,0.0
3020814,0.0
3020815,184.37447374138674
3020816,57.975617235085245
3020817,0.0
3020818,0.0
3020819,12.037629538148432
3020820,3.945229572128258
3020821,0.0
3020822,0.0
3020823,1033.611211090469
3020824,0.0
3020825,221.54764966612896
3020826,0.0
3020827,750.584666406371
3020828,133.00989932022546
3020829,171.22722455652743
3020830,58.937888269367136
3020831,27.072418635345834
3020832,2218.7243722326275
3020833,8.433033631183598
3020834,0.0
3020835,0.0
3020836,0.0
3020837,0.0
3020838,0.0
3020839,0.0
3020840,0.0
3020841,1.6641425915098562
3020842,16.901594208910065
3020843,0.0
3020844,142.53720484482017
3020845,135.92599101171444
3020846,0.0
3020847,0.0
3020848,79.10188173214486
3020849,42.61834576527903
3020850,0.0
3020851,0.0
3020852,2.727863713152149
3020853,8.477271902547221
3020854,1.7508672696766725
3020855,7.000452053362698
3020856,1520.7049667225713
3020857,1.7508672696766725
3020858,421.70049041035315
3020859,1.7508672696766725
3020860,1059.9089510014642
3020861,489.7536142277336
3020862,231.38316972820363
3020863,223.2564118848453
3020864,111.48981891358582
3020865,3464.937774268047
3020866,32.56037846132915
3020867,2.5412845178681343
3020868,1.7508672696766725
3020869,1.7508672696766725
3020870,1.6830786144028633
3020871,1.7508672696766725
3020872,1.7508672696766725
3020873,8.373414884192739
3020874,21.874475300943086
3020875,13.425086205025824
3020876,1.7508672696766725
3020877,446.7399871560471
3020878,241.3236694536394
3020879,1.7508672696766725
3020880,1.7508672696766725
3020881,322.52231399771557
3020882,115.38329838097351
3020883,1.7508672696766725
3020884,1.7508672696766725
3020885,27.656905226130174
3020886,0.0
3020887,0.0
3020888,0.0
3020889,112.80851430442698
3020890,0.0
3020891,46.7942751785273
3020892,0.0
3020893,77.23628206798186
3020894,45.29321410422107
3020895,24.092737172745917
3020896,11.402365131015404
3020897,0.0
3020898,247.66511103917867
3020899,0.0
3020900,0.0
3020901,0.0
3020902,0.0
3020903,0.0
3020904,0.0
3020905,0.0
3020906,0.0
3020907,0.0
3020908,0.0
3020909,0.0
3020910,43.481450910066
3020911,28.254600654636576
3020912,0.0
3020913,0.0
3020914,22.06364274821668
3020915,2.485085533317788
3020916,0.0
3020917,0.0
3020918,0.0
3020919,0.0
3020920,0.0
3020921,0.0
3020922,104.48037765812677
3020923,0.0
3020924,48.692306770618075
3020925,0.0
3020926,83.48054887120998
3020927,44.969685762866256
3020928,23.349524806986494
3020929,12.275967734558282
3020930,0.0
3020931,266.5728722670253
3020932,0.0
3020933,0.0
3020934,0.0
3020935,0.0
3020936,0.0
3020937,0.0
3020938,0.0
3020939,0.0
3020940,0.0
3020941,0.0
3020942,0.0
3020943,43.389643139647035
3020944,28.527589689886934
3020945,0.0
3020946,0.0
3020947,21.639705814969872
3020948,2.7922671225276305
3020949,0.0
3020950,0.0
3020951,0.0
3020952,0.0
3020953,0.0
3020954,0.0
3020955,108.44244746470545
3020956,0.0
3020957,49.924104552313125
3020958,0.0
3020959,80.0064169340097
3020960,45.84621651038945
3020961,26.295509572778386
3020962,12.337408665390075
3020963,0.0
3020964,248.6474789884038
3020965,0.0
3020966,0.0
3020967,0.0
3020968,0.0
3020969,0.0
3020970,0.0
3020971,0.0
3020972,0.0
3020973,0.0
3020974,0.0
3020975,0.0
3020976,42.75952226050476
3020977,30.41209998472395
3020978,0.0
3020979,0.0
3020980,23.377416158937308
3020981,2.250587657779324
3020982,0.0
3020983,0.0
3020984,0.0
3020985,1.863534902973584
3020986,0.0
3020987,0.0
3020988,771.3370921577521
3020989,0.0
3020990,288.1575188251989
3020991,0.0
3020992,721.7260749322528
3020993,288.7971592541295
3020994,166.37062540296844
3020995,82.70925927926433
3020996,59.81381801809043
3020997,2166.66985429355
3020998,20.29671788086341
3020999,0.0
3021000,0.0
3021001,0.0
3021002,0.0
3021003,0.0
3021004,0.0
3021005,0.0
3021006,5.944912188032393
3021007,28.717396050428043
3021008,0.0
3021009,513.7908747574302
3021010,170.21768563382875
3021011,0.0
3021012,0.0
3021013,160.00612953254628
3021014,49.02885467859038
3021015,0.0
3021016,0.0
3021017,12.634849333419552
3021018,9.054934253388854
3021019,4.751010687260388
3021020,6.219477467131009
3021021,1774.1477854074587
3021022,4.751010687260388
3021023,525.8956412606735
3021024,4.751010687260388
3021025,1203.9072431331435
3021026,562.3739813701901
3021027,249.84937191530804
3021028,215.17844839749472
3021029,90.59189644736142
3021030,3624.8182163562933
3021031,25.620431503676862
3021032,5.043110175798569
3021033,4.751010687260388
3021034,4.751010687260388
3021035,4.683222031986579
3021036,4.751010687260388
3021037,4.751010687260388
3021038,7.519363463004725
3021039,14.406320149126675
3021040,19.49635750376563
3021041,4.751010687260388
3021042,351.3128917601319
3021043,280.9756701137346
3021044,4.751010687260388
3021045,4.751010687260388
3021046,271.294243599112
3021047,139.30507016919336
3021048,4.751010687260388
3021049,4.751010687260388
3021050,38.04657460480654
3021051,1.534192377296669
3021052,0.0
3021053,1.9199090098711422
3021054,1890.8673347553727
3021055,0.0
3021056,338.3801810430961
3021057,0.0
3021058,748.5906755708726
3021059,361.3634287612666
3021060,197.8809243214626
3021061,145.15036117281662
3021062,56.30215187935295
3021063,2100.5529083296315
3021064,14.286822266519378
3021065,0.0
3021066,0.0
3021067,0.0
3021068,0.0
3021069,0.0
3021070,0.0
3021071,0.9399156517133846
3021072,31.31120333763353
3021073,137.2481768379397
3021074,0.0
3021075,233.8862581690431
3021076,154.77720285198262
3021077,0.0
3021078,0.0
3021079,155.27432225474112
3021080,86.29504641305235
3021081,0.0
3021082,0.0
3021083,5.060323077330315
3021084,2.787170791339637
3021085,0.0
3021086,0.0
3021087,673.8661085258356
3021088,0.0
3021089,340.5968802515238
3021090,0.0
3021091,826.3724193405553
3021092,234.8544538366397
3021093,159.63854188789276
3021094,102.04083227049497
3021095,41.981948460780735
3021096,2586.4126053337213
3021097,16.83978480891297
3021098,0.0
3021099,0.0
3021100,0.0
3021101,0.0
3021102,0.0
3021103,0.0
3021104,0.0
3021105,10.060138803837742
3021106,11.269857163436956
3021107,0.0
3021108,316.80659707893295
3021109,274.0803408491262
3021110,0.0
3021111,0.0
3021112,220.62835186137895
3021113,47.85993739984388
3021114,0.0
3021115,0.0
3021116,3.3514958662751875
3021117,4.311676384593613
3021118,0.0
3021119,0.4292270174342492
3021120,1475.4460128470632
3021121,0.0
3021122,543.8967137611097
3021123,0.0
3021124,942.4717008843411
3021125,454.52386232074196
3021126,245.11957140730522
3021127,241.37324481830606
3021128,78.07444492203668
3021129,2849.5489107087296
3021130,35.67408620941417
3021131,0.0
3021132,0.0
3021133,0.0
3021134,0.0
3021135,0.0
3021136,0.0
3021137,3.303974272705112
3021138,16.602934849414545
3021139,36.367669812142466
3021140,0.0
3021141,259.07743971232594
3021142,204.46822895166244
3021143,0.0
3021144,0.0
3021145,289.08629721326713
3021146,121.67097400360578
3021147,0.0
3021148,0.0
3021149,25.773850448348103
3021150,6.574018627963085
3021151,0.0
3021152,0.0
3021153,928.3975840995238
3021154,0.0
3021155,507.7988410915816
3021156,0.0
3021157,975.9102825995843
3021158,302.98362640038425
3021159,243.7500535127995
3021160,137.42462654803987
3021161,32.72466980209147
3021162,2935.978801678003
3021163,13.251293078378255
3021164,0.8451726658282284
3021165,0.0
3021166,0.0
3021167,0.0
3021168,0.0
3021169,0.0
3021170,0.0
3021171,6.818780614298062
3021172,54.8860430626754
3021173,0.0
3021174,203.15980378371054
3021175,256.8052445533315
3021176,0.0
3021177,0.0
3021178,214.4988288870225
3021179,78.74355656651547
3021180,0.0
3021181,0.0
3021182,5.557574853591558
3021183,0.0
3021184,0.0
3021185,0.0
3021186,113.09262036350746
3021187,0.0
3021188,53.36314185140922
3021189,0.0
3021190,81.73192107919034
3021191,45.0575974680286
3021192,24.819958669602464
3021193,11.65478082345705
3021194,0.0
3021195,257.5366738044949
3021196,0.0
3021197,0.0
3021198,0.0
3021199,0.0
3021200,0.0
3021201,0.0
3021202,0.0
3021203,0.0
3021204,0.0
3021205,0.0
3021206,0.0
3021207,42.34023226236693
3021208,30.81144621142392
3021209,0.0
3021210,0.0
3021211,23.3114574786042
3021212,2.2044927326890713
3021213,0.0
3021214,0.0
3021215,0.0
3021216,36.15328818685489
3021217,26.872496268146357
3021218,33.91609941569707
3021219,4225.698022036488
3021220,26.872496268146357
3021221,969.098278728179
3021222,26.872496268146357
3021223,2152.8462111454737
3021224,1224.3240625813044
3021225,469.09696940651617
3021226,594.4421423561283
3021227,306.81601924647845
3021228,6677.528627212999
3021229,92.66209009849675
3021230,29.285454650626107
3021231,26.872496268146357
3021232,26.872496268146357
3021233,27.951463687852964
3021234,26.872496268146357
3021235,26.872496268146357
3021236,35.930860734468766
3021237,70.74458569400379
3021238,45.263959766265096
3021239,26.872496268146357
3021240,747.7730209696392
3021241,553.9508658494698
3021242,26.872496268146357
3021243,26.872496268146357
3021244,580.6012423692416
3021245,359.40252240882694
3021246,26.872496268146357
3021247,26.872496268146357
3021248,127.4749121334558
3021249,0.0
3021250,0.0
3021251,0.0
3021252,464.6521667615564
3021253,0.0
3021254,158.6387263068193
3021255,0.0
3021256,523.0279866864358
3021257,144.2309822137571
3021258,92.29490773559408
3021259,62.298924320463875
3021260,13.874825531990687
3021261,1353.1842419182933
3021262,4.076184680331354
3021263,0.0
3021264,0.0
3021265,0.0
3021266,0.0
3021267,0.0
3021268,0.0
3021269,0.0
3021270,0.1067119929309861
3021271,16.535221739849003
3021272,0.0
3021273,99.29822467376691
3021274,114.44638370879919
3021275,0.0
3021276,0.0
3021277,88.85175418157486
3021278,27.532775772366243
3021279,0.0
3021280,0.0
3021281,0.08677434460873368
3021282,4.2485868510911695
3021283,0.0
3021284,0.0
3021285,788.6263199632986
3021286,0.0
3021287,402.1218617532175
3021288,0.0
3021289,1214.882469068367
3021290,288.2900366273487
3021291,195.15831521597667
3021292,114.3112117824881
3021293,21.422448823960778
3021294,3384.8687510515047
3021295,12.127270314822137
3021296,0.0
3021297,0.0
3021298,0.0
3021299,0.0
3021300,0.0
3021301,0.0
3021302,0.0
3021303,3.5172686873113417
3021304,6.527434350198265
3021305,0.0
3021306,282.0306713305872
3021307,308.9073886136224
3021308,0.0
3021309,0.0
3021310,113.40019965935508
3021311,59.32884756633962
3021312,0.0
3021313,0.0
3021314,2.732542080660532
3021315,0.0
3021316,0.0
3021317,0.0
3021318,330.18117979969264
3021319,0.0
3021320,145.45929821695577
3021321,0.0
3021322,549.0528517561879
3021323,114.9079755066634
3021324,101.67702808878225
3021325,47.574736631855316
3021326,13.868888846890615
3021327,1655.1767356664686
3021328,2.597669382924157
3021329,0.0
3021330,0.0
3021331,0.0
3021332,0.0
3021333,0.0
3021334,0.0
3021335,0.0
3021336,0.0
3021337,12.817604039936903
3021338,0.0
3021339,113.81205620271693
3021340,169.28924001323696
3021341,0.0
3021342,0.0
3021343,94.45613374264315
3021344,30.82456883808451
3021345,0.0
3021346,0.0
3021347,0.17337730094435222
3021348,5.307269512737768
3021349,0.0
3021350,0.0
3021351,688.8466065745628
3021352,0.0
3021353,289.09149042384206
3021354,0.0
3021355,1151.6179205058636
3021356,176.8442070955984
3021357,188.68929029053712
3021358,124.56608750407719
3021359,31.343252019740568
3021360,2952.9732086795293
3021361,6.949980851005375
3021362,0.0
3021363,0.0
3021364,0.0
3021365,0.0
3021366,0.0
3021367,0.0
3021368,0.0
3021369,11.729507152778732
3021370,7.7737007604075306
3021371,0.0
3021372,244.7498287517385
3021373,243.1691550315723
3021374,0.0
3021375,0.0
3021376,147.4374249086408
3021377,46.85463008990739
3021378,0.0
3021379,0.0
3021380,0.806833606303738
3021381,2.004781064518685
3021382,0.0
3021383,0.0
3021384,1238.868099184092
3021385,0.0
3021386,609.7155639714191
3021387,0.0
3021388,902.5325856336555
3021389,214.75266739820876
3021390,217.07192072202207
3021391,77.43170260765038
3021392,31.60452348245522
3021393,3206.92207017076
3021394,17.672478710079396
3021395,0.30344888263713843
3021396,0.0
3021397,0.0
3021398,0.0
3021399,0.0
3021400,0.0
3021401,0.0
3021402,10.372515315243827
3021403,22.463236193261377
3021404,0.0
3021405,203.65907957987156
3021406,273.75044184282643
3021407,0.0
3021408,0.0
3021409,152.74814290037867
3021410,53.616643062724016
3021411,0.0
3021412,0.0
3021413,1.3749832612690858
3021414,0.3422851316782807
3021415,0.0
3021416,0.0
3021417,781.1741152136959
3021418,0.0
3021419,180.68247943215528
3021420,0.0
3021421,598.5199747745205
3021422,148.2132552126845
3021423,110.43116959893248
3021424,69.06959481637368
3021425,20.572359576745935
3021426,1814.769153971003
3021427,4.172336734993685
3021428,0.0
3021429,0.0
3021430,0.0
3021431,0.0
3021432,0.0
3021433,0.0
3021434,0.0
3021435,0.0
3021436,85.03425508974583
3021437,0.0
3021438,150.49351399363348
3021439,135.0953407096437
3021440,0.0
3021441,0.0
3021442,71.15506751681416
3021443,32.00713636525078
3021444,0.0
3021445,0.0
3021446,0.0
3021447,0.0
3021448,0.0
3021449,0.0
3021450,106.90086322744875
3021451,0.0
3021452,48.4894758444698
3021453,0.0
3021454,77.12929358099937
3021455,43.6102028614296
3021456,23.744778637534296
3021457,10.939976303557536
3021458,0.0
3021459,253.15458825780092
3021460,0.0
3021461,0.0
3021462,0.0
3021463,0.0
3021464,0.0
3021465,0.0
3021466,0.0
3021467,0.0
3021468,0.0
3021469,0.0
3021470,0.0
3021471,43.11142330738557
3021472,26.39667029492132
3021473,0.0
3021474,0.0
3021475,21.935881790588837
3021476,2.1618069666535407
3021477,0.0
3021478,0.0
3021479,0.0
3021480,7.911564682827246
3021481,0.9696664601317009
3021482,5.4180355668962354
3021483,964.4188006050027
3021484,0.9696664601317009
3021485,417.1860379410308
3021486,0.9696664601317009
3021487,1129.9148513605614
3021488,423.29657115676184
3021489,139.2080998462713
3021490,172.97666242180364
3021491,107.49695328241496
3021492,3277.0027915500314
3021493,48.007853569414706
3021494,1.6959377823277517
3021495,0.9696664601317009
3021496,0.9696664601317009
3021497,1.1212572278976247
3021498,0.9696664601317009
3021499,0.9696664601317009
3021500,5.9382112532449565
3021501,21.68186544721221
3021502,15.415244952426015
3021503,0.9696664601317009
3021504,239.0355692802882
3021505,282.2884549208124
3021506,0.9696664601317009
3021507,0.9696664601317009
3021508,145.34549338522382
3021509,132.71810272691044
3021510,0.9696664601317009
3021511,0.9696664601317009
3021512,16.821272494461972
3021513,9.051976807919866
3021514,0.18842128431833993
3021515,5.214655734953443
3021516,1019.4449560859093
3021517,0.18842128431833993
3021518,547.9377045818305
3021519,0.18842128431833993
3021520,1294.5748275106394
3021521,458.9138555362052
3021522,221.30979061814165
3021523,186.83472868871814
3021524,135.94374400382563
3021525,4058.183207070988
3021526,29.534257420082376
3021527,1.7133441083613912
3021528,0.18842128431833993
3021529,0.18842128431833993
3021530,0.1206326290445312
3021531,0.18842128431833993
3021532,0.18842128431833993
3021533,2.5110717721528832
3021534,28.566494693748552
3021535,16.884152326745323
3021536,0.18842128431833993
3021537,246.73215084035357
3021538,398.74839546628414
3021539,0.18842128431833993
3021540,0.18842128431833993
3021541,150.0376512402096
3021542,190.28026605628017
3021543,0.18842128431833993
3021544,0.18842128431833993
3021545,22.390670502024758
3021546,9.583882627730969
3021547,0.0
3021548,0.5584459455406279
3021549,963.6044803957772
3021550,0.0
3021551,816.7261981951336
3021552,0.0
3021553,1284.0197204073786
3021554,233.66944024254732
3021555,156.33362442083654
3021556,132.2758280626948
3021557,49.03025280080986
3021558,3329.4374853050513
3021559,30.886034477599985
3021560,1.4075105846807157
3021561,0.0
3021562,0.0
3021563,0.0
3021564,0.0
3021565,0.0
3021566,0.2579451324117712
3021567,8.928470773158567
3021568,22.17260140333759
3021569,0.0
3021570,168.99245215341685
3021571,293.7668082272948
3021572,0.0
3021573,0.0
3021574,136.27244894831236
3021575,66.67964677061781
3021576,0.0
3021577,0.0
3021578,12.791475973522152
3021579,9.595375742427164
3021580,1.7087135448321202
3021581,6.0235140596955965
3021582,1457.0980074442698
3021583,1.7087135448321202
3021584,421.0690060143538
3021585,1.7087135448321202
3021586,1088.2651024251497
3021587,534.9228065345711
3021588,261.60368969297843
3021589,239.60339160585113
3021590,124.82441057786897
3021591,3573.1278523842875
3021592,47.49412504104321
3021593,2.4059301517743963
3021594,1.7087135448321202
3021595,1.7087135448321202
3021596,1.655882577492838
3021597,1.7087135448321202
3021598,1.7087135448321202
3021599,6.749152188008459
3021600,25.27814551370119
3021601,13.59960258422296
3021602,1.7087135448321202
3021603,458.39605167165206
3021604,291.73514833678183
3021605,1.7087135448321202
3021606,1.7087135448321202
3021607,349.8274739237152
3021608,123.2822526622505
3021609,1.7087135448321202
3021610,1.7087135448321202
3021611,37.48646055455688
3021612,2.3149998696767975
3021613,0.0
3021614,0.0
3021615,660.5245509280102
3021616,0.0
3021617,253.3459934545886
3021618,0.0
3021619,874.3773289647535
3021620,159.82334946971162
3021621,142.92624690393447
3021622,93.49543205215585
3021623,20.990957853151137
3021624,2454.7791586095573
3021625,9.606964997641603
3021626,0.0
3021627,0.0
3021628,0.0
3021629,0.0
3021630,0.0
3021631,0.0
3021632,0.0
3021633,1.6715541654520178
3021634,36.91610051337242
3021635,0.0
3021636,103.0686007384596
3021637,184.4974341694949
3021638,0.0
3021639,0.0
3021640,88.30727665276157
3021641,40.18081244863431
3021642,0.0
3021643,0.0
3021644,0.8019426797727656
3021645,5.003352875233665
3021646,0.0
3021647,0.09667546702479379
3021648,841.95625666614
3021649,0.0
3021650,316.6817492302569
3021651,0.0
3021652,852.8120726910599
3021653,316.62911943405635
3021654,195.46361179802787
3021655,132.0604078354324
3021656,82.33902356397783
3021657,2512.604467145802
3021658,30.786861665299583
3021659,0.0
3021660,0.0
3021661,0.0
3021662,0.0
3021663,0.0
3021664,0.0
3021665,2.4730471654670434
3021666,17.498279255172626
3021667,28.447621692480922
3021668,0.0
3021669,193.8079852327783
3021670,244.8392108686722
3021671,0.0
3021672,0.0
3021673,125.15768807577591
3021674,87.94981757064602
3021675,0.0
3021676,0.0
3021677,5.311229973355866
3021678,0.0
3021679,0.0
3021680,0.0
3021681,107.43195879994757
3021682,0.0
3021683,48.415424762916494
3021684,0.0
3021685,78.66672345221917
3021686,44.62114040163626
3021687,24.690408045206773
3021688,11.467869596421291
3021689,0.0
3021690,255.76293797720302
3021691,0.0
3021692,0.0
3021693,0.0
3021694,0.0
3021695,0.0
3021696,0.0
3021697,0.0
3021698,0.0
3021699,0.0
3021700,0.0
3021701,0.0
3021702,41.40950084012594
3021703,28.075176434124817
3021704,0.0
3021705,0.0
3021706,22.856211744012477
3021707,1.51172343279561
3021708,0.0
3021709,0.0
3021710,0.0
3021711,2.373455542960607
3021712,0.0
3021713,0.0
3021714,1101.612570184861
3021715,0.0
3021716,214.41816861717422
3021717,0.0
3021718,786.0058306855445
3021719,112.34240090356421
3021720,135.5334291110311
3021721,72.46327272206543
3021722,22.30770175952437
3021723,2136.829388346774
3021724,7.030144957095748
3021725,0.0
3021726,0.0
3021727,0.0
3021728,0.0
3021729,0.0
3021730,0.0
3021731,0.0
3021732,5.105138915546342
3021733,61.40934616264314
3021734,0.0
3021735,144.79317990536566
3021736,167.62742957490016
3021737,0.0
3021738,0.0
3021739,115.5489276847617
3021740,39.964440391422684
3021741,0.0
3021742,0.0
3021743,0.0
3021744,73.96408696734558
3021745,50.308731391119274
3021746,60.21704834295595
3021747,5838.56172020692
3021748,50.308731391119274
3021749,1275.9303798920096
3021750,50.308731391119274
3021751,2946.7874242251382
3021752,1823.8758914035434
3021753,777.605291568653
3021754,820.0441408065449
3021755,491.9085194217035
3021756,9589.006582797485
3021757,143.43917038922825
3021758,55.282683371608094
3021759,50.308731391119274
3021760,50.308731391119274
3021761,51.59710644190927
3021762,50.308731391119274
3021763,50.308731391119274
3021764,58.361280377701476
3021765,79.51249291689719
3021766,98.17740024990479
3021767,50.308731391119274
3021768,1111.5442715183865
3021769,663.9396306018624
3021770,50.308731391119274
3021771,50.308731391119274
3021772,827.9615665247342
3021773,602.5944725065447
3021774,50.308731391119274
3021775,50.308731391119274
3021776,191.90969677246744
3021777,64.65345833165783
3021778,46.573519772479266
3021779,57.27885789500596
3021780,4500.20394443808
3021781,46.573519772479266
3021782,1009.4435616799468
3021783,46.573519772479266
3021784,2909.6040824518004
3021785,1271.0083981464152
3021786,776.172836748001
3021787,621.5785912102069
3021788,428.4386838140116
3021789,9715.8928864725
3021790,121.76996523396205
3021791,47.50820788925207
3021792,46.573519772479266
3021793,46.573519772479266
3021794,49.3419656800961
3021795,46.573519772479266
3021796,46.573519772479266
3021797,57.86965836393881
3021798,61.74295882156996
3021799,90.87583420381529
3021800,46.573519772479266
3021801,1336.8871121073028
3021802,690.3242743378493
3021803,46.573519772479266
3021804,46.573519772479266
3021805,923.5244114831365
3021806,374.68052929729515
3021807,46.573519772479266
3021808,46.573519772479266
3021809,160.7635820590359
3021810,64.51627200735456
3021811,44.56145238319059
3021812,58.972630919425285
3021813,3549.0871109930213
3021814,44.56145238319059
3021815,760.5893871029065
3021816,44.56145238319059
3021817,3280.2533298373
3021818,996.1678097715782
3021819,1036.6643323588794
3021820,394.6061184765772
3021821,345.6284044451496
3021822,9715.815709209433
3021823,97.23230312699607
3021824,47.1093148654227
3021825,44.56145238319059
3021826,44.56145238319059
3021827,47.62246777957377
3021828,44.56145238319059
3021829,44.56145238319059
3021830,49.95416831958685
3021831,104.51237374576303
3021832,58.60119707837143
3021833,44.56145238319059
3021834,1456.4745402783008
3021835,928.5007466181993
3021836,44.56145238319059
3021837,44.56145238319059
3021838,1212.2327646327155
3021839,281.46769483785096
3021840,44.56145238319059
3021841,44.56145238319059
3021842,113.9871176263548
3021843,67.2782840159645
3021844,45.28108311672775
3021845,57.461164215115716
3021846,3941.991298457616
3021847,45.28108311672775
3021848,1175.3195684676923
3021849,45.28108311672775
3021850,2844.020063584281
3021851,1328.3757457870445
3021852,762.8904954423163
3021853,532.4438478125597
3021854,392.33387886405995
3021855,9322.124469874228
3021856,103.06217848011072
3021857,47.494035843397256
3021858,45.28108311672775
3021859,45.28108311672775
3021860,46.14067111339463
3021861,45.28108311672775
3021862,45.28108311672775
3021863,57.66360972319488
3021864,58.575657816448114
3021865,75.20018053270644
3021866,45.28108311672775
3021867,981.1817281513987
3021868,798.1664851080018
3021869,45.28108311672775
3021870,45.28108311672775
3021871,951.0974551356447
3021872,414.50381366007963
3021873,45.28108311672775
3021874,45.28108311672775
3021875,149.4057150581523
3021876,56.8288285990965
3021877,40.82013393893258
3021878,50.61377528327122
3021879,2513.6911553661184
3021880,40.82013393893258
3021881,837.7367629027059
3021882,40.82013393893258
3021883,2877.1891885148607
3021884,850.5123463685019
3021885,872.4936598832462
3021886,311.6829134008184
3021887,278.42351709369154
3021888,8691.52852712104
3021889,79.85622510481379
3021890,41.989685048601004
3021891,40.82013393893258
3021892,40.82013393893258
3021893,40.75234528365877
3021894,40.82013393893258
3021895,40.82013393893258
3021896,44.081100371907546
3021897,64.87365485814937
3021898,46.91724674326733
3021899,40.82013393893258
3021900,1266.5336221951436
3021901,814.4646206535652
3021902,40.82013393893258
3021903,40.82013393893258
3021904,1060.9808140293605
3021905,238.96032696065902
3021906,40.82013393893258
3021907,40.82013393893258
3021908,84.58473728655113
3021909,22.136442194049273
3021910,11.478041280980333
3021911,18.71702625938058
3021912,2856.554874756367
3021913,11.478041280980333
3021914,622.5393955779152
3021915,11.478041280980333
3021916,1458.4162282190307
3021917,825.9056952623414
3021918,328.42329351916453
3021919,361.64697711567305
3021920,217.27330980285612
3021921,4535.102101182356
3021922,55.82429566692265
3021923,13.590694400222198
3021924,11.478041280980333
3021925,11.478041280980333
3021926,12.222953670149169
3021927,11.478041280980333
3021928,11.478041280980333
3021929,18.89601629253067
3021930,30.52912858782883
3021931,28.521563103198723
3021932,11.478041280980333
3021933,584.0186058592681
3021934,340.9797241876536
3021935,11.478041280980333
3021936,11.478041280980333
3021937,343.6435097732993
3021938,268.3195374529475
3021939,11.478041280980333
3021940,11.478041280980333
3021941,77.58282519413054
3021942,8.424896275703254
3021943,0.01090830839102308
3021944,4.93767413426152
3021945,988.7743517835644
3021946,0.01090830839102308
3021947,381.270821477725
3021948,0.01090830839102308
3021949,1251.7311521303313
3021950,334.3684718245277
3021951,293.95783498641146
3021952,180.79940137691543
3021953,94.62245020403935
3021954,3613.8015460445877
3021955,23.6652432800298
3021956,1.5925931839094254
3021957,0.01090830839102308
3021958,0.01090830839102308
3021959,0.2045052497730775
3021960,0.01090830839102308
3021961,0.01090830839102308
3021962,1.490271654192993
3021963,40.682574848219254
3021964,13.014873990331113
3021965,0.01090830839102308
3021966,369.2810535895477
3021967,287.9270119701268
3021968,0.01090830839102308
3021969,0.01090830839102308
3021970,227.88570747819418
3021971,98.29445900191814
3021972,0.01090830839102308
3021973,0.01090830839102308
3021974,13.190845886981815
3021975,27.421477133373113
3021976,13.038801863501298
3021977,21.41115420335644
3021978,2030.6346121248043
3021979,13.038801863501298
3021980,556.1149029882421
3021981,13.038801863501298
3021982,1880.9640553564786
3021983,614.4208689925256
3021984,500.4297392161041
3021985,201.52555860629627
3021986,157.54451809695797
3021987,6542.1070701056515
3021988,53.102925424177826
3021989,14.771670004980454
3021990,13.038801863501298
3021991,13.038801863501298
3021992,14.332162810269466
3021993,13.038801863501298
3021994,13.038801863501298
3021995,14.698613094580079
3021996,29.29454766938383
3021997,33.820772772509876
3021998,13.038801863501298
3021999,755.6474835259896
3022000,491.7210670463272
3022001,13.038801863501298
3022002,13.038801863501298
3022003,430.4132559863235
3022004,213.6190976461361
3022005,13.038801863501298
3022006,13.038801863501298
3022007,42.49079180000771
3022008,17.672092827923834
3022009,8.733632131370817
3022010,12.606351848032862
3022011,2531.7947682059475
3022012,8.733632131370817
3022013,665.4672488038657
3022014,8.733632131370817
3022015,1492.6887606167786
3022016,816.1408890849825
3022017,313.882418288413
3022018,349.28992383999935
3022019,169.07431050002836
3022020,4612.903112800116
3022021,39.55967789948743
3022022,9.52549766363213
3022023,8.733632131370817
3022024,8.733632131370817
3022025,9.548347064234113
3022026,8.733632131370817
3022027,8.733632131370817
3022028,15.338241312348085
3022029,19.501877081311328
3022030,47.95158091163223
3022031,8.733632131370817
3022032,586.5559808405293
3022033,305.7390325299867
3022034,8.733632131370817
3022035,8.733632131370817
3022036,424.5756599466496
3022037,213.78525334972602
3022038,8.733632131370817
3022039,8.733632131370817
3022040,71.58625609335692
3022041,0.0
3022042,0.0
3022043,0.0
3022044,111.60841009978347
3022045,0.0
3022046,53.068101852120165
3022047,0.0
3022048,80.66639046645577
3022049,44.80744809237559
3022050,22.557748494973175
3022051,10.90871718459661
3022052,0.0
3022053,273.78295173330355
3022054,0.0
3022055,0.0
3022056,0.0
3022057,0.0
3022058,0.0
3022059,0.0
3022060,0.0
3022061,0.0
3022062,0.0
3022063,0.0
3022064,0.0
3022065,42.26425283597002
3022066,25.365541170673083
3022067,0.0
3022068,0.0
3022069,22.20270836982543
3022070,1.4727677149792342
3022071,0.0
3022072,0.0
3022073,0.0
3022074,0.0
3022075,0.0
3022076,0.0
3022077,104.02332938997118
3022078,0.0
3022079,51.361938781173045
3022080,0.0
3022081,79.10865381093667
3022082,44.06142082305106
3022083,23.668290282989663
3022084,10.787611324403516
3022085,0.0
3022086,250.57398979423482
3022087,0.0
3022088,0.0
3022089,0.0
3022090,0.0
3022091,0.0
3022092,0.0
3022093,0.0
3022094,0.0
3022095,0.0
3022096,0.0
3022097,0.0
3022098,40.201561954595604
3022099,29.263351783640204
3022100,0.0
3022101,0.0
3022102,22.76669044358705
3022103,1.0636844972110913
3022104,0.0
3022105,0.0
3022106,0.0
3022107,2.5047102921346722
3022108,0.0
3022109,0.0
3022110,555.8289309309301
3022111,0.0
3022112,282.7663848003609
3022113,0.0
3022114,1243.3591783939758
3022115,100.88300686152232
3022116,166.88501502819497
3022117,67.04228676562992
3022118,17.435599773126874
3022119,3048.5194337397206
3022120,8.015010818625452
3022121,0.0
3022122,0.0
3022123,0.0
3022124,0.0
3022125,0.0
3022126,0.0
3022127,0.0
3022128,1.5428300529069183
3022129,18.078498237425272
3022130,0.0
3022131,110.83509505857425
3022132,237.01110915243763
3022133,0.0
3022134,0.0
3022135,67.30553860288607
3022136,54.941263780669395
3022137,0.0
3022138,0.0
3022139,0.0
3022140,17.055148034484525
3022141,9.924387237783925
3022142,15.638381251880428
3022143,1860.105016599703
3022144,9.924387237783925
3022145,533.5949168095451
3022146,9.924387237783925
3022147,1523.361355645608
3022148,616.707757407972
3022149,363.60380695592687
3022150,311.5475939954812
3022151,179.69656947800283
3022152,5052.895072678873
3022153,60.0132917492911
3022154,11.050094119326804
3022155,9.924387237783925
3022156,9.924387237783925
3022157,9.866570374466466
3022158,9.924387237783925
3022159,9.924387237783925
3022160,14.287717464762196
3022161,24.580918779847487
3022162,27.882998638860933
3022163,9.924387237783925
3022164,562.1606986586661
3022165,383.25654138264065
3022166,9.924387237783925
3022167,9.924387237783925
3022168,573.4537344126057
3022169,190.71161226423035
3022170,9.924387237783925
3022171,9.924387237783925
3022172,66.6854787427731
3022173,4.036462921538802
3022174,0.33567803593879897
3022175,1.9322689685385166
3022176,1731.7394215560118
3022177,0.33567803593879897
3022178,419.09584358544106
3022179,0.33567803593879897
3022180,876.4844754827421
3022181,555.5612164479938
3022182,163.11630827295295
3022183,220.815541423184
3022184,118.16022846978042
3022185,2570.242509788897
3022186,36.38262365786599
3022187,0.9964976022403929
3022188,0.33567803593879897
3022189,0.33567803593879897
3022190,0.43900058216362137
3022191,0.33567803593879897
3022192,0.33567803593879897
3022193,7.541776210778469
3022194,13.192253645157319
3022195,17.382501813194374
3022196,0.33567803593879897
3022197,390.8338547968479
3022198,177.81641532619972
3022199,0.33567803593879897
3022200,0.33567803593879897
3022201,228.27347495707536
3022202,121.11571942540449
3022203,0.33567803593879897
3022204,0.33567803593879897
3022205,36.410663088207265
3022206,17.822599558049383
3022207,9.877992147949247
3022208,13.938090541003795
3022209,2432.621917092217
3022210,9.877992147949247
3022211,601.5180678223805
3022212,9.877992147949247
3022213,1398.21574784191
3022214,852.3025327507548
3022215,285.12857887521403
3022216,358.3461436274894
3022217,159.80539437231715
3022218,4187.646381060182
3022219,60.96997978905938
3022220,12.301325942535962
3022221,9.877992147949247
3022222,9.877992147949247
3022223,10.697692976790718
3022224,9.877992147949247
3022225,9.877992147949247
3022226,14.062471163481812
3022227,53.929795424397824
3022228,23.80828750897037
3022229,9.877992147949247
3022230,463.5007986541257
3022231,345.76425776669385
3022232,9.877992147949247
3022233,9.877992147949247
3022234,296.4449176289042
3022235,237.7258073011412
3022236,9.877992147949247
3022237,9.877992147949247
3022238,71.28090142899761
3022239,21.57937070143811
3022240,5.658380325766476
3022241,9.638474873672806
3022242,1502.0042367148035
3022243,5.658380325766476
3022244,698.807550607636
3022245,5.658380325766476
3022246,1853.5057000575955
3022247,430.6209571245834
3022248,524.3158798774672
3022249,198.2330015619023
3022250,65.22890161782183
3022251,6081.385826249601
3022252,27.03479810195364
3022253,7.269369211337562
3022254,5.658380325766476
3022255,5.658380325766476
3022256,5.790027509619698
3022257,5.658380325766476
3022258,5.658380325766476
3022259,6.785579154567083
3022260,23.45175864454706
3022261,14.119081283079957
3022262,5.658380325766476
3022263,406.1707177827838
3022264,468.05442591491345
3022265,5.658380325766476
3022266,5.658380325766476
3022267,523.8748911351768
3022268,94.13400018286582
3022269,5.658380325766476
3022270,5.658380325766476
3022271,28.150651248297706
3022272,3.0944053110269945
3022273,0.0
3022274,0.0
3022275,870.5969423129392
3022276,0.0
3022277,276.5278578269027
3022278,0.0
3022279,727.6271499832704
3022280,364.74671471908994
3022281,125.3218519275878
3022282,140.75732569887947
3022283,75.28514507860494
3022284,1998.7908937041977
3022285,22.04412655955739
3022286,0.18751023494014585
3022287,0.0
3022288,0.0
3022289,0.0
3022290,0.0
3022291,0.0
3022292,0.9204114388432822
3022293,8.412654783811448
3022294,63.33106874288346
3022295,0.0
3022296,275.2164334162485
3022297,121.93333926894873
3022298,0.0
3022299,0.0
3022300,206.38534156737467
3022301,57.96385057191221
3022302,0.0
3022303,0.0
3022304,18.123009846235
3022305,1.8464540477221636
3022306,0.0
3022307,0.0
3022308,394.50417054067753
3022309,0.0
3022310,148.12204371477424
3022311,0.0
3022312,757.3784895322533
3022313,103.89260472477947
3022314,171.75501789047902
3022315,43.94584814129399
3022316,18.47520479982116
3022317,1957.4357312531242
3022318,5.285380392328706
3022319,0.0
3022320,0.0
3022321,0.0
3022322,0.0
3022323,0.0
3022324,0.0
3022325,0.0
3022326,3.5453506175619456
3022327,7.518643119402899
3022328,0.0
3022329,267.00322914816246
3022330,181.32051257115398
3022331,0.0
3022332,0.0
3022333,118.3574866576729
3022334,23.371504136963274
3022335,0.0
3022336,0.0
3022337,3.446659555146316
3022338,10.406081390708268
3022339,5.578887130485471
3022340,9.213212100283563
3022341,1889.3987682797533
3022342,5.578887130485471
3022343,475.26724834785324
3022344,5.578887130485471
3022345,1814.9116043105205
3022346,185.25585741892817
3022347,269.7037089120428
3022348,75.11871423752228
3022349,41.614539066786094
3022350,4936.855263883867
3022351,21.242709175887796
3022352,6.128759384705766
3022353,5.578887130485471
3022354,5.578887130485471
3022355,5.698961806023843
3022356,5.578887130485471
3022357,5.578887130485471
3022358,7.674477826731271
3022359,15.095957601951174
3022360,20.64418448453568
3022361,5.578887130485471
3022362,592.1729509917847
3022363,299.3208388161143
3022364,5.578887130485471
3022365,5.578887130485471
3022366,315.9772852596642
3022367,39.58609234935684
3022368,5.578887130485471
3022369,5.578887130485471
3022370,10.852803820641764
3022371,3.1710340068936125
3022372,0.0
3022373,0.029250753107848748
3022374,556.6234796547277
3022375,0.0
3022376,211.82204739251006
3022377,0.0
3022378,735.1895625323818
3022379,127.0666644191976
3022380,138.57789425040045
3022381,45.65231101354847
3022382,20.049235865790358
3022383,1965.0205983724577
3022384,7.522604867943425
3022385,0.1486389578250482
3022386,0.0
3022387,0.0
3022388,0.0
3022389,0.0
3022390,0.0
3022391,0.0
3022392,5.120946696872741
3022393,18.8663281557671
3022394,0.0
3022395,167.0069132998573
3022396,137.5227178854482
3022397,0.0
3022398,0.0
3022399,64.92261111320337
3022400,21.979186481656804
3022401,0.0
3022402,0.0
3022403,2.16349720592285
3022404,3.126710522968061
3022405,0.0
3022406,0.0
3022407,593.0163737146356
3022408,0.0
3022409,259.42825287595855
3022410,0.0
3022411,687.6174518547205
3022412,131.393929816202
3022413,114.81112252340046
3022414,38.60162809479455
3022415,16.35372769378383
3022416,2010.3904882527947
3022417,6.322408242105931
3022418,0.0
3022419,0.0
3022420,0.0
3022421,0.0
3022422,0.0
3022423,0.0
3022424,0.0
3022425,2.903294898422187
3022426,14.666808609197197
3022427,0.0
3022428,178.30063615530892
3022429,135.14778521668546
3022430,0.0
3022431,0.0
3022432,66.1698822953013
3022433,24.763872325063456
3022434,0.0
3022435,0.0
3022436,0.9060161966503877
3022437,2.4108866802971196
3022438,0.0
3022439,0.8717603327914447
3022440,415.20736610629024
3022441,0.0
3022442,249.60431666372614
3022443,0.0
3022444,1113.7949629819627
3022445,135.46688415645673
3022446,137.1161244003347
3022447,51.34417065136365
3022448,26.254745975353302
3022449,2357.3419953260154
3022450,11.89895725601583
3022451,0.0
3022452,0.0
3022453,0.0
3022454,0.0
3022455,0.0
3022456,0.0
3022457,0.0
3022458,8.096893466195636
3022459,16.219310045363148
3022460,0.0
3022461,384.8196049518916
3022462,249.88368648858693
3022463,0.0
3022464,0.0
3022465,72.60235348306814
3022466,46.57604110702538
3022467,0.0
3022468,0.0
3022469,4.656712296580976
3022470,1.3870962541435334
3022471,0.0
3022472,0.293847504197275
3022473,603.4641264010587
3022474,0.0
3022475,208.56514024063853
3022476,0.0
3022477,842.842215023279
3022478,132.09461999130352
3022479,198.15338390309734
3022480,55.1446081665607
3022481,21.78950637286504
3022482,2282.570259508175
3022483,7.981491301239547
3022484,0.878134895336661
3022485,0.0
3022486,0.0
3022487,0.0
3022488,0.0
3022489,0.0
3022490,0.0
3022491,1.9169446498020593
3022492,18.996501589930638
3022493,0.0
3022494,147.2344890444986
3022495,162.2818819439486
3022496,0.0
3022497,0.0
3022498,63.232285365740964
3022499,27.22336374268295
3022500,0.0
3022501,0.0
3022502,4.031904346369855
3022503,3.3426675403518624
3022504,0.0
3022505,0.0
3022506,349.14038077285574
3022507,0.0
3022508,221.54450418793766
3022509,0.0
3022510,884.823860801139
3022511,116.43219940262296
3022512,173.52241815168225
3022513,99.83026757285789
3022514,19.599552726697915
3022515,2193.066490769618
3022516,8.347260191552792
3022517,0.0
3022518,0.0
3022519,0.0
3022520,0.0
3022521,0.0
3022522,0.0
3022523,0.0
3022524,6.875519105135485
3022525,16.13760070722557
3022526,0.0
3022527,113.72706858930201
3022528,200.06092985151554
3022529,0.0
3022530,0.0
3022531,77.7899215002639
3022532,45.00769262581835
3022533,0.0
3022534,0.0
3022535,3.193417118481351
3022536,3.0049561860967584
3022537,0.0
3022538,0.0
3022539,780.7056725714525
3022540,0.0
3022541,234.6609513089552
3022542,0.0
3022543,845.3044047826538
3022544,169.86396122995416
3022545,227.89763669947223
3022546,83.19751644267863
3022547,38.7224608680224
3022548,2532.777328104029
3022549,8.775201154237184
3022550,0.0
3022551,0.0
3022552,0.0
3022553,0.0
3022554,0.0
3022555,0.0
3022556,0.0
3022557,1.4717813016268178
3022558,13.123258581810424
3022559,0.0
3022560,230.15106590163802
3022561,159.58862558393753
3022562,0.0
3022563,0.0
3022564,180.00537230444584
3022565,41.34811026933231
3022566,0.0
3022567,0.0
3022568,7.352396313086194
3022569,2.6447467791317196
3022570,0.0
3022571,0.6839432943638681
3022572,636.1596975803537
3022573,0.0
3022574,580.0467795163263
3022575,0.0
3022576,547.6875494353428
3022577,214.85512781215905
3022578,146.58049340205926
3022579,114.69724817103031
3022580,43.53517374452444
3022581,1796.170773920297
3022582,15.783700657545388
3022583,0.0
3022584,0.0
3022585,0.0
3022586,0.0
3022587,0.0
3022588,0.0
3022589,0.0
3022590,4.64007860723585
3022591,23.698887860938946
3022592,0.0
3022593,122.03462907712736
3022594,98.34123870116339
3022595,0.0
3022596,0.0
3022597,105.6376656627121
3022598,40.833119033431764
3022599,0.0
3022600,0.0
3022601,8.295366839046856
3022602,2.3073699828454703
3022603,0.0
3022604,0.0
3022605,778.8254184077053
3022606,0.0
3022607,209.50371568979347
3022608,0.0
3022609,700.1395982087835
3022610,98.0353353917973
3022611,136.83275230824498
3022612,50.20771048755144
3022613,23.705942779852805
3022614,1927.5179439653004
3022615,11.915476004238762
3022616,0.0
3022617,0.0
3022618,0.0
3022619,0.0
3022620,0.0
3022621,0.0
3022622,0.0
3022623,2.34082297062285
3022624,32.09261029155874
3022625,0.0
3022626,147.3789379546411
3022627,118.42939543355682
3022628,0.0
3022629,0.0
3022630,67.8721445332446
3022631,32.380727057784334
3022632,0.0
3022633,0.0
3022634,3.411939837966104
3022635,7.234005494298799
3022636,2.9460418197061564
3022637,6.618247727757483
3022638,1009.8719898399785
3022639,2.9460418197061564
3022640,310.00836764350095
3022641,2.9460418197061564
3022642,866.0942635315923
3022643,355.31556153689263
3022644,170.69071499671165
3022645,150.6457239020666
3022646,81.28970494749314
3022647,2477.035725734443
3022648,24.98669028114505
3022649,3.659502903794518
3022650,2.9460418197061564
3022651,2.9460418197061564
3022652,2.9015819279647292
3022653,2.9460418197061564
3022654,2.9460418197061564
3022655,5.551873677823291
3022656,21.845974963053578
3022657,33.64241927917544
3022658,2.9460418197061564
3022659,440.57991755455464
3022660,174.19648649768905
3022661,2.9460418197061564
3022662,2.9460418197061564
3022663,224.49795072606636
3022664,77.17101890349318
3022665,2.9460418197061564
3022666,2.9460418197061564
3022667,23.687726211621076
3022668,0.0
3022669,0.0
3022670,0.0
3022671,25.399239209453746
3022672,0.0
3022673,35.718380733070916
3022674,0.0
3022675,37.86437491757613
3022676,34.724379163515614
3022677,14.850253031277141
3022678,6.505769519455601
3022679,0.0
3022680,23.150659050142636
3022681,0.0
3022682,0.0
3022683,0.0
3022684,0.0
3022685,0.0
3022686,0.0
3022687,0.0
3022688,0.0
3022689,0.0
3022690,0.0
3022691,0.0
3022692,37.345241343731566
3022693,17.692781346651955
3022694,0.0
3022695,0.0
3022696,13.861848304638025
3022697,0.04702461924073109
3022698,0.0
3022699,0.0
3022700,0.0
3022701,0.0
3022702,0.0
3022703,0.0
3022704,27.3905533842822
3022705,0.0
3022706,38.47348686384049
3022707,0.0
3022708,39.40996436519148
3022709,33.236245421278056
3022710,14.404800414090435
3022711,5.613964309097492
3022712,0.0
3022713,33.02866954975805
3022714,0.0
3022715,0.0
3022716,0.0
3022717,0.0
3022718,0.0
3022719,0.0
3022720,0.0
3022721,0.0
3022722,0.0
3022723,0.0
3022724,0.0
3022725,35.498362015771605
3022726,17.87216593925914
3022727,0.0
3022728,0.0
3022729,12.38090941603772
3022730,0.0
3022731,0.0
3022732,0.0
3022733,0.0
3022734,0.0
3022735,0.0
3022736,0.0
3022737,26.944989167536136
3022738,0.0
3022739,36.37687308488777
3022740,0.0
3022741,39.377025168304996
3022742,33.4044651303574
3022743,15.228930675529053
3022744,5.85272244258708
3022745,0.0
3022746,23.80403158644098
3022747,0.0
3022748,0.0
3022749,0.0
3022750,0.0
3022751,0.0
3022752,0.0
3022753,0.0
3022754,0.0
3022755,0.0
3022756,0.0
3022757,0.0
3022758,34.25099163854999
3022759,18.26884550326149
3022760,0.0
3022761,0.0
3022762,13.054916826457362
3022763,0.0
3022764,0.0
3022765,0.0
3022766,0.0
3022767,1.6672402951522072
3022768,0.0
3022769,0.0
3022770,607.2116979503786
3022771,0.0
3022772,269.065861458501
3022773,0.0
3022774,656.2187000613926
3022775,253.8192100606145
3022776,137.21896279038086
3022777,69.08358851888987
3022778,45.20477187112554
3022779,1833.4665296908977
3022780,14.166306693023788
3022781,0.0
3022782,0.0
3022783,0.0
3022784,0.0
3022785,0.0
3022786,0.0
3022787,0.0
3022788,4.581662690928533
3022789,20.928192017227627
3022790,0.0
3022791,1237.9866671607256
3022792,129.9109523056426
3022793,0.0
3022794,0.0
3022795,165.76456373454687
3022796,44.075977057258555
3022797,0.0
3022798,0.0
3022799,16.981355592772683
3022800,11.624538557593368
3022801,8.3784167198073
3022802,9.697796162269684
3022803,1439.7493991071824
3022804,8.3784167198073
3022805,477.87538102994847
3022806,8.3784167198073
3022807,1043.5552916972254
3022808,515.2181722003886
3022809,213.22485552236714
3022810,195.05002172865986
3022811,84.2771461861457
3022812,2971.3804661073364
3022813,31.718366089634102
3022814,8.638290653875158
3022815,8.3784167198073
3022816,8.3784167198073
3022817,8.333956828065872
3022818,8.3784167198073
3022819,8.3784167198073
3022820,12.206432937349696
3022821,14.722881159059877
3022822,50.53080694063764
3022823,8.3784167198073
3022824,339.7868304078054
3022825,214.47792950893182
3022826,8.3784167198073
3022827,8.3784167198073
3022828,277.0566133510052
3022829,104.44675026137094
3022830,8.3784167198073
3022831,8.3784167198073
3022832,39.990824956892716
3022833,2.1163763087143717
3022834,0.0
3022835,0.2913785065232839
3022836,1247.2183948064403
3022837,0.0
3022838,243.63595360750176
3022839,0.0
3022840,560.3812392622132
3022841,284.948497849634
3022842,134.7910643703499
3022843,114.38717116510688
3022844,51.00429520577501
3022845,1623.4725496853005
3022846,12.483273336845244
3022847,0.0
3022848,0.0
3022849,0.0
3022850,0.0
3022851,0.0
3022852,0.0
3022853,1.4320053757381328
3022854,17.239180498385508
3022855,81.32220305546441
3022856,0.0
3022857,220.1392279709628
3022858,107.12996481494606
3022859,0.0
3022860,0.0
3022861,101.53011956927529
3022862,62.740746890750216
3022863,0.0
3022864,0.0
3022865,4.045808837404099
3022866,3.4133798617586155
3022867,0.0
3022868,0.0
3022869,443.3658931490389
3022870,0.0
3022871,240.5983931378238
3022872,0.0
3022873,536.3965526632521
3022874,163.02763631156387
3022875,101.31288368596273
3022876,62.65286618413623
3022877,28.537529076933687
3022878,1580.4667092940385
3022879,8.57695930016521
3022880,0.0
3022881,0.0
3022882,0.0
3022883,0.0
3022884,0.0
3022885,0.0
3022886,0.0
3022887,7.745765352836171
3022888,15.918976723524029
3022889,0.0
3022890,246.42199641849234
3022891,163.06733672569885
3022892,0.0
3022893,0.0
3022894,142.99258971091206
3022895,32.98554932587878
3022896,0.0
3022897,0.0
3022898,3.6161079750553586
3022899,3.4121513175377434
3022900,0.0
3022901,0.7355387399124398
3022902,738.274282159459
3022903,0.0
3022904,372.9581375358289
3022905,0.0
3022906,593.4675038563615
3022907,296.42891904541364
3022908,166.6838929251654
3022909,160.52532297488435
3022910,48.51243757145208
3022911,1873.5797820157215
3022912,22.341766742683134
3022913,0.0
3022914,0.0
3022915,0.0
3022916,0.0
3022917,0.0
3022918,0.0
3022919,0.2907693998764074
3022920,6.666504978397551
3022921,33.80688389804052
3022922,0.0
3022923,175.19891107794277
3022924,133.38020855044348
3022925,0.0
3022926,0.0
3022927,204.2849793693853
3022928,68.58034800977543
3022929,0.0
3022930,0.0
3022931,18.735962321493957
3022932,3.963985771923303
3022933,0.0
3022934,0.0
3022935,517.1812015221751
3022936,0.0
3022937,334.612502296279
3022938,0.0
3022939,555.7153522620163
3022940,182.86823187944543
3022941,135.24117018800675
3022942,83.83388828345585
3022943,31.807465881144452
3022944,1747.541840552745
3022945,9.697361063075705
3022946,0.0
3022947,0.0
3022948,0.0
3022949,0.0
3022950,0.0
3022951,0.0
3022952,0.0
3022953,3.729506206778238
3022954,46.03257978228263
3022955,0.0
3022956,110.66994290326402
3022957,147.9102162149396
3022958,0.0
3022959,0.0
3022960,105.69281011585387
3022961,42.9930992739989
3022962,0.0
3022963,0.0
3022964,3.643571203087345
3022965,0.0
3022966,0.0
3022967,0.0
3022968,28.631481482702476
3022969,0.0
3022970,38.48905596175998
3022971,0.0
3022972,40.47167451325077
3022973,32.92893112801264
3022974,15.450880337265573
3022975,6.299035231041853
3022976,0.0
3022977,21.7943995448345
3022978,0.0
3022979,0.0
3022980,0.0
3022981,0.0
3022982,0.0
3022983,0.0
3022984,0.0
3022985,0.0
3022986,0.0
3022987,0.0
3022988,0.0
3022989,36.418469839739124
3022990,17.980453701754787
3022991,0.0
3022992,0.0
3022993,13.705153488865275
3022994,0.08423307560806137
3022995,0.0
3022996,0.0
3022997,0.0
3022998,21.561380611849003
3022999,15.349709879114904
3023000,19.397995517556996
3023001,2926.267726224736
3023002,15.349709879114904
3023003,688.8766318288923
3023004,15.349709879114904
3023005,1765.608576801232
3023006,929.7774021535781
3023007,285.09621165799643
3023008,408.24250153440994
3023009,219.18248880667406
3023010,4957.9765745943
3023011,72.73406118582196
3023012,18.57267924964722
3023013,15.349709879114904
3023014,15.349709879114904
3023015,16.58662525376464
3023016,15.349709879114904
3023017,15.349709879114904
3023018,21.840842727358634
3023019,54.03782724158835
3023020,97.23167919578394
3023021,15.349709879114904
3023022,556.7579786233023
3023023,332.5447078535225
3023024,15.349709879114904
3023025,15.349709879114904
3023026,392.5557836957497
3023027,253.0943654811264
3023028,15.349709879114904
3023029,15.349709879114904
3023030,88.93496391442811
3023031,0.0
3023032,0.0
3023033,0.0
3023034,348.0781464785476
3023035,0.0
3023036,146.82122437689804
3023037,0.0
3023038,383.1676324339179
3023039,113.76274381875447
3023040,74.2906367071916
3023041,49.74842509126514
3023042,14.060160872023046
3023043,1032.5922325824076
3023044,2.1899919083329857
3023045,0.0
3023046,0.0
3023047,0.0
3023048,0.0
3023049,0.0
3023050,0.0
3023051,0.0
3023052,0.0
3023053,12.884600720640506
3023054,0.0
3023055,90.79820567391204
3023056,74.07193683643088
3023057,0.0
3023058,0.0
3023059,77.55381150234982
3023060,20.81147864679189
3023061,0.0
3023062,0.0
3023063,0.0
3023064,3.891927703857762
3023065,0.0
3023066,0.0
3023067,613.0185824176345
3023068,0.0
3023069,322.36799847743436
3023070,0.0
3023071,847.152446294105
3023072,209.32377186037442
3023073,155.60798128725813
3023074,80.72647016419099
3023075,21.09895191294614
3023076,2506.203083368814
3023077,10.449766401194974
3023078,0.0
3023079,0.0
3023080,0.0
3023081,0.0
3023082,0.0
3023083,0.0
3023084,0.0
3023085,4.212247778093753
3023086,20.38356387466777
3023087,0.0
3023088,227.87437589730044
3023089,215.91922628542204
3023090,0.0
3023091,0.0
3023092,98.38857631147569
3023093,58.781213819126556
3023094,0.0
3023095,0.0
3023096,3.7533969583403293
3023097,0.0
3023098,0.0
3023099,0.0
3023100,197.79716266574601
3023101,0.0
3023102,114.59377788408153
3023103,0.0
3023104,460.8844076965994
3023105,92.02962751845628
3023106,82.901942304355
3023107,37.54731919517127
3023108,11.785260199563286
3023109,1149.3956826891892
3023110,2.018372371336614
3023111,0.0
3023112,0.0
3023113,0.0
3023114,0.0
3023115,0.0
3023116,0.0
3023117,0.0
3023118,0.0
3023119,17.350161241036655
3023120,0.0
3023121,101.47048508980471
3023122,123.01730648857888
3023123,0.0
3023124,0.0
3023125,65.35040140756561
3023126,20.69785972256036
3023127,0.0
3023128,0.0
3023129,0.0
3023130,3.440153677906098
3023131,0.0
3023132,0.0
3023133,626.1091221750512
3023134,0.0
3023135,238.7870666429202
3023136,0.0
3023137,911.5967372328378
3023138,149.92440560463675
3023139,153.4118713029345
3023140,91.26604747145949
3023141,26.140150453012062
3023142,2344.944542337189
3023143,9.745934596420991
3023144,0.0
3023145,0.0
3023146,0.0
3023147,0.0
3023148,0.0
3023149,0.0
3023150,0.0
3023151,8.231089252154266
3023152,20.878166860913264
3023153,0.0
3023154,156.41180140330206
3023155,187.4494067113028
3023156,0.0
3023157,0.0
3023158,97.94183474041746
3023159,37.344793912814346
3023160,0.0
3023161,0.0
3023162,1.2555477415256968
3023163,2.180882709324708
3023164,0.0
3023165,0.0
3023166,884.23026154008
3023167,0.0
3023168,548.7405423261536
3023169,0.0
3023170,779.65313788184
3023171,202.9178743908231
3023172,221.97319227790624
3023173,64.49203078823331
3023174,29.361108835920277
3023175,2612.0825417741817
3023176,11.666771918111927
3023177,0.45014870440609944
3023178,0.0
3023179,0.0
3023180,0.0
3023181,0.0
3023182,0.0
3023183,0.0
3023184,10.41556476451796
3023185,30.133709628632804
3023186,0.0
3023187,200.3951360881109
3023188,261.56517749465013
3023189,0.0
3023190,0.0
3023191,110.0293010927364
3023192,45.550788641200675
3023193,0.0
3023194,0.0
3023195,1.8523774558578783
3023196,0.1569346658359485
3023197,0.0
3023198,0.0
3023199,507.61795264601045
3023200,0.0
3023201,119.92154628389088
3023202,0.0
3023203,465.15249119178367
3023204,92.77113669355387
3023205,68.41987291006245
3023206,43.4764112097185
3023207,14.613532686485811
3023208,1301.3825277975498
3023209,2.6425695705961916
3023210,0.0
3023211,0.0
3023212,0.0
3023213,0.0
3023214,0.0
3023215,0.0
3023216,0.0
3023217,0.0
3023218,16.248792292389506
3023219,0.0
3023220,105.22378582437545
3023221,95.07634335633294
3023222,0.0
3023223,0.0
3023224,32.46897108974751
3023225,17.957046661210292
3023226,0.0
3023227,0.0
3023228,0.0
3023229,0.0
3023230,0.0
3023231,0.0
3023232,25.46918270547293
3023233,0.0
3023234,37.367757419946344
3023235,0.0
3023236,35.82020870775326
3023237,32.146370807063235
3023238,14.377078835184086
3023239,4.698847725378084
3023240,0.0
3023241,20.96315367718147
3023242,0.0
3023243,0.0
3023244,0.0
3023245,0.0
3023246,0.0
3023247,0.0
3023248,0.0
3023249,0.0
3023250,0.0
3023251,0.0
3023252,0.0
3023253,35.32709467959643
3023254,17.56884468675026
3023255,0.0
3023256,0.0
3023257,12.13546207087329
3023258,0.0
3023259,0.0
3023260,0.0
3023261,0.0
3023262,7.096943836953743
3023263,3.1281190540975006
3023264,6.16292564606266
3023265,834.2898077078218
3023266,3.1281190540975006
3023267,412.6224045024575
3023268,3.1281190540975006
3023269,1123.036887085862
3023270,461.9631578626831
3023271,123.53343867428354
3023272,158.51572450501445
3023273,133.77772623409143
3023274,3090.0142704047494
3023275,48.64257946204398
3023276,3.7936324385290723
3023277,3.1281190540975006
3023278,3.1281190540975006
3023279,3.325783768001008
3023280,3.1281190540975006
3023281,3.1281190540975006
3023282,5.1856507443765585
3023283,18.151684270945896
3023284,64.39272692103437
3023285,3.1281190540975006
3023286,228.9307496851984
3023287,245.91290809509954
3023288,3.1281190540975006
3023289,3.1281190540975006
3023290,116.6957526215912
3023291,133.04246444557364
3023292,3.1281190540975006
3023293,3.1281190540975006
3023294,17.076330678065787
3023295,5.6402961810792505
3023296,1.015487748437236
3023297,3.1097466132526943
3023298,550.9301577792927
3023299,1.015487748437236
3023300,382.823890469296
3023301,1.015487748437236
3023302,871.9503500225924
3023303,336.5456707066692
3023304,149.8907151265899
3023305,115.70116276788828
3023306,95.13598351753784
3023307,2551.5442431551064
3023308,18.58745373382057
3023309,1.8738603377770051
3023310,1.015487748437236
3023311,1.015487748437236
3023312,0.9710278566958084
3023313,1.015487748437236
3023314,1.015487748437236
3023315,2.2118483626572405
3023316,25.410922923653562
3023317,40.83421818244771
3023318,1.015487748437236
3023319,190.42277345359645
3023320,231.4867546644798
3023321,1.015487748437236
3023322,1.015487748437236
3023323,84.93031891766928
3023324,109.27140302259052
3023325,1.015487748437236
3023326,1.015487748437236
3023327,16.235595549044696
3023328,5.759458847754155
3023329,0.0
3023330,0.4928632483609605
3023331,611.2808357680352
3023332,0.0
3023333,687.8466069087001
3023334,0.0
3023335,890.2276030434092
3023336,176.89520402000375
3023337,106.81428501400237
3023338,97.9336610168129
3023339,34.60748637306665
3023340,2524.487027547474
3023341,22.561366906574847
3023342,0.36557313686129644
3023343,0.0
3023344,0.0
3023345,0.0
3023346,0.0
3023347,0.0
3023348,0.3996945442335209
3023349,7.008235851392772
3023350,24.720685030358815
3023351,0.0
3023352,135.0882903676092
3023353,220.95788802243717
3023354,0.0
3023355,0.0
3023356,89.14089734481945
3023357,56.51053509988953
3023358,0.0
3023359,0.0
3023360,7.113272380521558
3023361,6.867850978044782
3023362,2.535779930816636
3023363,4.830145356479997
3023364,827.8344074187179
3023365,2.535779930816636
3023366,280.38039845117606
3023367,2.535779930816636
3023368,800.0580068772754
3023369,323.98894282164775
3023370,162.6385874737367
3023371,140.5792503120618
3023372,64.25652476350574
3023373,2343.1946391549054
3023374,28.96343120812576
3023375,3.9249407176362148
3023376,2.535779930816636
3023377,2.535779930816636
3023378,2.680784086245887
3023379,2.535779930816636
3023380,2.535779930816636
3023381,4.331540211060568
3023382,17.303628039889116
3023383,29.08981382541296
3023384,2.535779930816636
3023385,297.03185641652317
3023386,169.10745989997196
3023387,2.535779930816636
3023388,2.535779930816636
3023389,225.83318555192665
3023390,82.69434352222348
3023391,2.535779930816636
3023392,2.535779930816636
3023393,23.83205672295057
3023394,1.4864184676770344
3023395,0.0
3023396,0.05905533128849916
3023397,550.3712076472284
3023398,0.0
3023399,250.55343852934885
3023400,0.0
3023401,795.9322049669468
3023402,161.16968244914094
3023403,133.15805663264283
3023404,96.94249597820303
3023405,17.69037771031391
3023406,2247.352306103654
3023407,10.430563405719472
3023408,0.2368893166387589
3023409,0.0
3023410,0.0
3023411,0.0
3023412,0.0
3023413,0.0
3023414,0.0
3023415,3.017017305891584
3023416,14.791658087917028
3023417,0.0
3023418,89.31789921799596
3023419,184.00221758789658
3023420,0.0
3023421,0.0
3023422,93.26535071948405
3023423,38.30198899264674
3023424,0.0
3023425,0.0
3023426,2.466052057941363
3023427,1.6458580493029524
3023428,0.0
3023429,0.3066230339665377
3023430,491.9149643725415
3023431,0.0
3023432,212.03051495467784
3023433,0.0
3023434,549.1290714873458
3023435,212.25431045151765
3023436,124.89220916426035
3023437,89.14779199279519
3023438,61.51693827310581
3023439,1522.7963321455572
3023440,14.826213079652092
3023441,0.0
3023442,0.0
3023443,0.0
3023444,0.0
3023445,0.0
3023446,0.0
3023447,1.6026792747105651
3023448,14.32840448631273
3023449,22.983342604886367
3023450,0.0
3023451,132.04578753996515
3023452,141.85518296686527
3023453,0.0
3023454,0.0
3023455,82.55358774739955
3023456,58.84301723906146
3023457,0.0
3023458,0.0
3023459,4.981564912873327
3023460,0.0
3023461,0.0
3023462,0.0
3023463,26.289203751043352
3023464,0.0
3023465,35.746089281513385
3023466,0.0
3023467,36.63429442974095
3023468,33.056645778223825
3023469,14.937602633930808
3023470,6.764491502533954
3023471,0.0
3023472,29.714080969699666
3023473,0.0
3023474,0.0
3023475,0.0
3023476,0.0
3023477,0.0
3023478,0.0
3023479,0.0
3023480,0.0
3023481,0.0
3023482,0.0
3023483,0.0
3023484,35.449625981470305
3023485,18.662719682207197
3023486,0.0
3023487,0.0
3023488,13.829485947434016
3023489,0.17509029167099688
3023490,0.0
3023491,0.0
3023492,0.0
3023493,2.9289094012486787
3023494,0.0
3023495,0.0
3023496,1016.0941142325444
3023497,0.0
3023498,204.68361456303256
3023499,0.0
3023500,703.9430592777825
3023501,102.70482878543419
3023502,127.19601517328672
3023503,69.1751865507175
3023504,19.906834248901035
3023505,1964.1709989924468
3023506,8.00905024769987
3023507,0.0
3023508,0.0
3023509,0.0
3023510,0.0
3023511,0.0
3023512,0.0
3023513,0.0
3023514,5.857553471743705
3023515,97.50097809902297
3023516,0.0
3023517,140.22949723893518
3023518,148.21382030609874
3023519,0.0
3023520,0.0
3023521,80.2466805425586
3023522,39.900237733752476
3023523,0.0
3023524,0.0
3023525,0.591372976918636
3023526,32.048831275800396
3023527,22.26141840168946
3023528,25.82969805654808
3023529,3618.626751617662
3023530,22.26141840168946
3023531,821.7793609897917
3023532,22.26141840168946
3023533,2248.865797201526
3023534,1285.318427998463
3023535,447.3475093486952
3023536,507.05492390878993
3023537,297.66012274858775
3023538,6336.472284987134
3023539,85.84609936386597
3023540,27.002841313176937
3023541,22.26141840168946
3023542,22.26141840168946
3023543,23.22909539351771
3023544,22.26141840168946
3023545,22.26141840168946
3023546,24.50106587816184
3023547,36.568878373081915
3023548,152.70144848569993
3023549,22.26141840168946
3023550,751.965196852071
3023551,351.31406053015434
3023552,22.26141840168946
3023553,22.26141840168946
3023554,439.8173864538287
3023555,355.881811368738
3023556,22.26141840168946
3023557,22.26141840168946
3023558,106.80390072641363
3023559,25.644232363164363
3023560,16.33093443030712
3023561,23.73570522415024
3023562,2463.7703207042914
3023563,16.33093443030712
3023564,670.0775585721757
3023565,16.33093443030712
3023566,1949.5081860109744
3023567,832.6784304034406
3023568,441.18863072446754
3023569,337.2639046868371
3023570,244.87242701387953
3023571,6165.767231242897
3023572,74.69732123427038
3023573,17.559265375359846
3023574,16.33093443030712
3023575,16.33093443030712
3023576,17.221294652489174
3023577,16.33093443030712
3023578,16.33093443030712
3023579,20.745377229217716
3023580,24.469875792590468
3023581,86.41696917566068
3023582,16.33093443030712
3023583,959.8099461070087
3023584,375.98825771969763
3023585,16.33093443030712
3023586,16.33093443030712
3023587,562.5639456430093
3023588,210.76352181543726
3023589,16.33093443030712
3023590,16.33093443030712
3023591,90.82731866660448
3023592,23.52651956400792
3023593,12.096111510917273
3023594,18.74752678450896
3023595,1781.229334962963
3023596,12.096111510917273
3023597,476.57631531154016
3023598,12.096111510917273
3023599,1874.909847190703
3023600,598.1487558515806
3023601,614.8479695408148
3023602,178.3085309672681
3023603,175.85009455013446
3023604,5702.732083831108
3023605,48.61998450571576
3023606,13.450622299218681
3023607,12.096111510917273
3023608,12.096111510917273
3023609,12.973852436243952
3023610,12.096111510917273
3023611,12.096111510917273
3023612,15.781431397442606
3023613,36.52026307273171
3023614,58.81251823612391
3023615,12.096111510917273
3023616,1085.7000896224322
3023617,477.31147663466015
3023618,12.096111510917273
3023619,12.096111510917273
3023620,648.8576103816514
3023621,139.70709409596628
3023622,12.096111510917273
3023623,12.096111510917273
3023624,45.52561696866053
3023625,25.92093343161406
3023626,15.533491718891476
3023627,21.426308854994176
3023628,2238.319384095368
3023629,15.533491718891476
3023630,698.0294762109061
3023631,15.533491718891476
3023632,1835.4752692023294
3023633,822.6919856534687
3023634,463.3789579801851
3023635,285.2760694639535
3023636,189.18937872259295
3023637,5894.1385503566935
3023638,49.5844196644193
3023639,16.398254960615972
3023640,15.533491718891476
3023641,15.533491718891476
3023642,16.162127784203776
3023643,15.533491718891476
3023644,15.533491718891476
3023645,20.528553058569525
3023646,19.76418288123005
3023647,74.88974014659837
3023648,15.533491718891476
3023649,783.9437412586229
3023650,431.7589673263027
3023651,15.533491718891476
3023652,15.533491718891476
3023653,596.329353499152
3023654,211.46071939265963
3023655,15.533491718891476
3023656,15.533491718891476
3023657,76.61820092328384
3023658,16.04659634054121
3023659,8.304516708486972
3023660,13.458044182835211
3023661,1142.5507447143602
3023662,8.304516708486972
3023663,447.287307472751
3023664,8.304516708486972
3023665,1623.3604283377847
3023666,411.0488130598921
3023667,442.8719977451528
3023668,127.80530649095908
3023669,123.96394421088404
3023670,4916.04498280633
3023671,28.733128052204293
3023672,9.265129843331595
3023673,8.304516708486972
3023674,8.304516708486972
3023675,8.260056816745543
3023676,8.304516708486972
3023677,8.304516708486972
3023678,9.422040810347298
3023679,16.580514572718428
3023680,48.14352644352133
3023681,8.304516708486972
3023682,824.8324693025529
3023683,391.3524608937493
3023684,8.304516708486972
3023685,8.304516708486972
3023686,585.8705160505435
3023687,105.364389599143
3023688,8.304516708486972
3023689,8.304516708486972
3023690,29.256980381082425
3023691,12.989884507073386
3023692,6.3476104295384115
3023693,10.542136426027248
3023694,1646.7548285987116
3023695,6.3476104295384115
3023696,390.13430737951063
3023697,6.3476104295384115
3023698,1019.5940835112563
3023699,586.1711748149354
3023700,191.94684072230464
3023701,221.530824316143
3023702,146.923222557366
3023703,3018.9127010849834
3023704,44.875748316068595
3023705,7.015593019597269
3023706,6.3476104295384115
3023707,6.3476104295384115
3023708,6.921401639090776
3023709,6.3476104295384115
3023710,6.3476104295384115
3023711,9.342882312684223
3023712,13.07679342244535
3023713,51.355366842427586
3023714,6.3476104295384115
3023715,371.04434063099524
3023716,190.22972075986652
3023717,6.3476104295384115
3023718,6.3476104295384115
3023719,197.9904609384354
3023720,172.39047024293419
3023721,6.3476104295384115
3023722,6.3476104295384115
3023723,44.906945152487786
3023724,7.085904607363489
3023725,0.7159791620459126
3023726,4.760079489755097
3023727,638.0534710697739
3023728,0.7159791620459126
3023729,345.92995177236
3023730,0.7159791620459126
3023731,1060.1713878317312
3023732,296.6609602167847
3023733,232.27024874943905
3023734,146.8562376978075
3023735,111.6780080232631
3023736,2784.146401806219
3023737,18.262673381822406
3023738,1.4768181291078442
3023739,0.7159791620459126
3023740,0.7159791620459126
3023741,0.6765051662826611
3023742,0.7159791620459126
3023743,0.7159791620459126
3023744,1.6200000754122126
3023745,27.9217264765419
3023746,41.1464253015503
3023747,0.7159791620459126
3023748,304.26423349072815
3023749,228.1505475720591
3023750,0.7159791620459126
3023751,0.7159791620459126
3023752,172.94887983285486
3023753,86.45334144507463
3023754,0.7159791620459126
3023755,0.7159791620459126
3023756,16.344277072994274
3023757,16.1808340617008
3023758,5.997883332638675
3023759,10.663374688989812
3023760,1202.4987631655526
3023761,5.997883332638675
3023762,424.78407449544557
3023763,5.997883332638675
3023764,1404.7061379425486
3023765,418.1617338777024
3023766,332.0319837644805
3023767,130.3142065277235
3023768,103.41048307441261
3023769,4691.033132338361
3023770,35.84005028645575
3023771,6.912133570476714
3023772,5.997883332638675
3023773,5.997883332638675
3023774,6.506857894474754
3023775,5.997883332638675
3023776,5.997883332638675
3023777,6.165321213495813
3023778,17.52216274869938
3023779,62.36198082110596
3023780,5.997883332638675
3023781,787.1939484731341
3023782,328.8998051127166
3023783,5.997883332638675
3023784,5.997883332638675
3023785,265.98733276293376
3023786,140.8399791223987
3023787,5.997883332638675
3023788,5.997883332638675
3023789,25.59984542839858
3023790,16.558202812904582
3023791,9.853438839109806
3023792,12.248139485743502
3023793,1962.5969818004553
3023794,9.853438839109806
3023795,546.5068504693247
3023796,9.853438839109806
3023797,1264.1043650367824
3023798,703.6698009812636
3023799,234.99240021896034
3023800,293.8724255853356
3023801,145.00301692641318
3023802,3591.9250870713004
3023803,32.81784126378461
3023804,11.034125861076836
3023805,9.853438839109806
3023806,9.853438839109806
3023807,10.382356984858589
3023808,9.853438839109806
3023809,9.853438839109806
3023810,12.2339675549179
3023811,18.057093726934117
3023812,75.1509950794247
3023813,9.853438839109806
3023814,612.1332545051043
3023815,216.41505928833493
3023816,9.853438839109806
3023817,9.853438839109806
3023818,345.0161522541298
3023819,165.0638524047411
3023820,9.853438839109806
3023821,9.853438839109806
3023822,66.52773765315523
3023823,0.0
3023824,0.0
3023825,0.0
3023826,26.907797265910492
3023827,0.0
3023828,38.148589241785096
3023829,0.0
3023830,35.99764421305545
3023831,33.69464532520264
3023832,14.127521397269081
3023833,6.232863947461205
3023834,0.0
3023835,22.776878155136156
3023836,0.0
3023837,0.0
3023838,0.0
3023839,0.0
3023840,0.0
3023841,0.0
3023842,0.0
3023843,0.0
3023844,0.0
3023845,0.0
3023846,0.0
3023847,36.37161813785812
3023848,17.114173113775983
3023849,0.0
3023850,0.0
3023851,13.53291931714844
3023852,0.0
3023853,0.0
3023854,0.0
3023855,0.0
3023856,0.0
3023857,0.0
3023858,0.0
3023859,27.08499711195291
3023860,0.0
3023861,39.05326912687936
3023862,0.0
3023863,36.88883868958959
3023864,31.846953715974635
3023865,14.19525727353611
3023866,5.165647942055581
3023867,0.0
3023868,19.361625442911265
3023869,0.0
3023870,0.0
3023871,0.0
3023872,0.0
3023873,0.0
3023874,0.0
3023875,0.0
3023876,0.0
3023877,0.0
3023878,0.0
3023879,0.0
3023880,34.047442286332796
3023881,17.644082307754235
3023882,0.0
3023883,0.0
3023884,12.844360860662965
3023885,0.0
3023886,0.0
3023887,0.0
3023888,0.0
3023889,1.4603151103971066
3023890,0.0
3023891,0.0
3023892,391.1721173406432
3023893,0.0
3023894,178.34737643188052
3023895,0.0
3023896,718.89271502863
3023897,71.4404379841871
3023898,109.51029088527888
3023899,46.5479394575119
3023900,12.98103260551797
3023901,1919.7237920257012
3023902,7.657177944150661
3023903,0.0
3023904,0.0
3023905,0.0
3023906,0.0
3023907,0.0
3023908,0.0
3023909,0.0
3023910,2.2678403199671697
3023911,23.779518011334535
3023912,0.0
3023913,78.12622462440201
3023914,143.44786643772568
3023915,0.0
3023916,0.0
3023917,43.96597068515931
3023918,37.562878663946705
3023919,0.0
3023920,0.0
3023921,0.05754784611392183
3023922,13.245530052901092
3023923,6.82028490458757
3023924,8.973668185877562
3023925,1062.8608786799007
3023926,6.82028490458757
3023927,380.06522047982384
3023928,6.82028490458757
3023929,999.6202190260227
3023930,409.93638051356453
3023931,226.2774517531093
3023932,193.11045402259657
3023933,100.35068499257741
3023934,3271.3641677935784
3023935,40.17219023397515
3023936,8.095660422476637
3023937,6.82028490458757
3023938,6.82028490458757
3023939,6.93038778816959
3023940,6.82028490458757
3023941,6.82028490458757
3023942,8.732786377806217
3023943,19.717828462799126
3023944,39.98826314279635
3023945,6.82028490458757
3023946,398.0892114046845
3023947,232.919151250147
3023948,6.82028490458757
3023949,6.82028490458757
3023950,342.44830552114337
3023951,115.02537367168567
3023952,6.82028490458757
3023953,6.82028490458757
3023954,34.77411394451442
3023955,8.678296673240542
3023956,4.735517261279818
3023957,7.348267758692401
3023958,1524.04989481139
3023959,4.735517261279818
3023960,439.8023055653291
3023961,4.735517261279818
3023962,1031.496381378605
3023963,600.8716831730403
3023964,156.46073728680514
3023965,234.74715116606137
3023966,133.61920134946686
3023967,2674.717290803821
3023968,37.503823466421935
3023969,5.773987536059835
3023970,4.735517261279818
3023971,4.735517261279818
3023972,5.010415878121446
3023973,4.735517261279818
3023974,4.735517261279818
3023975,6.518302340799593
3023976,16.017701749647834
3023977,63.93668410892438
3023978,4.735517261279818
3023979,453.9780460573465
3023980,162.6948345367071
3023981,4.735517261279818
3023982,4.735517261279818
3023983,253.77290204365073
3023984,132.72627504886526
3023985,4.735517261279818
3023986,4.735517261279818
3023987,53.8927617141482
3023988,14.878334888172393
3023989,9.171078546017677
3023990,11.869942589681896
3023991,1547.2623949137164
3023992,9.171078546017677
3023993,428.1462098262132
3023994,9.171078546017677
3023995,1074.4892702315606
3023996,682.3146771210834
3023997,202.7214068615774
3023998,232.23172375211436
3023999,124.02744467179632
3024000,3069.2706892782917
3024001,42.877041845760246
3024002,10.586541912652281
3024003,9.171078546017677
3024004,9.171078546017677
3024005,9.625208252093824
3024006,9.171078546017677
3024007,9.171078546017677
3024008,12.201568265834728
3024009,37.2275522759105
3024010,79.81142375327391
3024011,9.171078546017677
3024012,411.36300630696786
3024013,234.66286373807716
3024014,9.171078546017677
3024015,9.171078546017677
3024016,217.93448231822376
3024017,178.65319867918356
3024018,9.171078546017677
3024019,9.171078546017677
3024020,50.87907496635949
3024021,12.280171472894319
3024022,5.134630552267005
3024023,9.080443437711175
3024024,888.8480750961825
3024025,5.134630552267005
3024026,560.2802986461866
3024027,5.134630552267005
3024028,1415.4419678442878
3024029,282.31150042472046
3024030,353.3561479177799
3024031,118.56978982945151
3024032,45.345473945878176
3024033,4421.814599719955
3024034,23.644081500127733
3024035,6.408518215483219
3024036,5.134630552267005
3024037,5.134630552267005
3024038,5.105128348460104
3024039,5.134630552267005
3024040,5.134630552267005
3024041,5.354918930492804
3024042,15.240064448579545
3024043,22.068378572274412
3024044,5.134630552267005
3024045,338.18898364716813
3024046,336.40422908001614
3024047,5.134630552267005
3024048,5.134630552267005
3024049,348.507806747073
3024050,59.94164136070435
3024051,5.134630552267005
3024052,5.134630552267005
3024053,20.215705572785684
3024054,2.1252960559011056
3024055,0.0
3024056,0.7100821975536395
3024057,850.985756668169
3024058,0.0
3024059,271.70779966697796
3024060,0.0
3024061,737.2210043560164
3024062,345.2055893006344
3024063,118.58642063247946
3024064,132.03022122491035
3024065,68.71884868267009
3024066,1856.573915290995
3024067,24.206316022838756
3024068,0.3912113152883343
3024069,0.0
3024070,0.0
3024071,0.0
3024072,0.0
3024073,0.0
3024074,1.5604134912254177
3024075,10.861262466976324
3024076,59.34955628344405
3024077,0.0
3024078,271.0192905677923
3024079,117.66017128582672
3024080,0.0
3024081,0.0
3024082,166.8232248648113
3024083,59.45586838112271
3024084,0.0
3024085,0.0
3024086,20.143407337538502
3024087,1.1700737464676823
3024088,0.0
3024089,0.0
3024090,406.84395522835257
3024091,0.0
3024092,138.76605058638728
3024093,0.0
3024094,750.9312723862577
3024095,106.17569227000303
3024096,171.41548692315885
3024097,39.925447864270296
3024098,16.935543749184816
3024099,1953.2224873148728
3024100,6.299313911800395
3024101,0.0
3024102,0.0
3024103,0.0
3024104,0.0
3024105,0.0
3024106,0.0
3024107,0.0
3024108,4.236079251161452
3024109,8.39492111676398
3024110,0.0
3024111,236.12625778451837
3024112,169.6930500972081
3024113,0.0
3024114,0.0
3024115,113.53307781496137
3024116,20.902730516589074
3024117,0.0
3024118,0.0
3024119,2.697182457497509
3024120,11.427137904263105
3024121,5.54912972005666
3024122,9.486624291072125
3024123,1788.2276811731322
3024124,5.54912972005666
3024125,474.68161856687374
3024126,5.54912972005666
3024127,1766.8523207559874
3024128,191.66231159109262
3024129,263.3846268181115
3024130,73.7509346815114
3024131,42.89480853625868
3024132,4896.7162919553675
3024133,21.64516017148302
3024134,6.92048544404356
3024135,5.54912972005666
3024136,5.54912972005666
3024137,5.650210776586066
3024138,5.54912972005666
3024139,5.54912972005666
3024140,6.292349282524141
3024141,14.680078894595763
3024142,25.807932907076943
3024143,5.54912972005666
3024144,579.7462893873071
3024145,312.85228673085317
3024146,5.54912972005666
3024147,5.54912972005666
3024148,342.6606583870747
3024149,39.82784332172572
3024150,5.54912972005666
3024151,5.54912972005666
3024152,11.065094586222445
3024153,2.178536029441889
3024154,0.0
3024155,0.0
3024156,577.2532508956773
3024157,0.0
3024158,199.34145878842037
3024159,0.0
3024160,728.1760128947603
3024161,131.39595773827398
3024162,130.713636621174
3024163,45.616327756332566
3024164,21.329900889082218
3024165,2078.7013993644123
3024166,6.56041413000786
3024167,0.34588853541659215
3024168,0.0
3024169,0.0
3024170,0.0
3024171,0.0
3024172,0.0
3024173,0.0
3024174,6.223272914651555
3024175,16.239984654686648
3024176,0.0
3024177,160.33467698925313
3024178,128.38299903286213
3024179,0.0
3024180,0.0
3024181,66.7215725263324
3024182,28.881196398239798
3024183,0.0
3024184,0.0
3024185,3.1664616395651617
3024186,3.2965673587111066
3024187,0.0
3024188,0.15541294117733595
3024189,599.6776799236331
3024190,0.0
3024191,205.8204983731581
3024192,0.0
3024193,694.9898940780895
3024194,118.61745407603783
3024195,104.78980009748261
3024196,37.052218079253244
3024197,16.943051921015208
3024198,1926.2330156538567
3024199,6.1528265814502525
3024200,0.0
3024201,0.0
3024202,0.0
3024203,0.0
3024204,0.0
3024205,0.0
3024206,0.0
3024207,4.170731442265668
3024208,12.598523282475789
3024209,0.0
3024210,173.78351575408465
3024211,139.43912043483277
3024212,0.0
3024213,0.0
3024214,66.89886857912131
3024215,25.462086201354076
3024216,0.0
3024217,0.0
3024218,1.463383990525791
3024219,2.371264651360182
3024220,0.0
3024221,1.1869556934513854
3024222,408.8079660769616
3024223,0.0
3024224,226.61324256987876
3024225,0.0
3024226,1000.8529667809639
3024227,134.58294838311437
3024228,124.96601029442873
3024229,45.455176475609385
3024230,26.138610695903665
3024231,2174.355167601617
3024232,7.686170085975437
3024233,0.0
3024234,0.0
3024235,0.0
3024236,0.0
3024237,0.0
3024238,0.0
3024239,0.0
3024240,7.569173984826945
3024241,16.34809549914676
3024242,0.0
3024243,382.88859158936725
3024244,244.2074400625421
3024245,0.0
3024246,0.0
3024247,77.34880845278933
3024248,42.64510651024004
3024249,0.0
3024250,0.0
3024251,6.053123278805859
3024252,1.2220037572097735
3024253,0.0
3024254,0.5260751815441909
3024255,517.7920074698652
3024256,0.0
3024257,184.07575810774387
3024258,0.0
3024259,770.9832063133276
3024260,128.54111086384643
3024261,167.24717269340897
3024262,48.22038406305791
3024263,21.67196971856923
3024264,2088.4630239341022
3024265,7.027307674821316
3024266,0.0
3024267,0.0
3024268,0.0
3024269,0.0
3024270,0.0
3024271,0.0
3024272,0.0
3024273,4.007184606523245
3024274,19.46272931786894
3024275,0.0
3024276,137.51837952072074
3024277,150.84546368152456
3024278,0.0
3024279,0.0
3024280,60.94484510981443
3024281,25.92530796757831
3024282,0.0
3024283,0.0
3024284,3.989793326504132
3024285,4.1843738526428895
3024286,0.0
3024287,0.04786840133263537
3024288,374.4426844297528
3024289,0.0
3024290,212.8728611384231
3024291,0.0
3024292,864.5140919439814
3024293,115.1464657049346
3024294,171.2005767489723
3024295,90.31215482907099
3024296,22.463874250579714
3024297,2141.2912418711494
3024298,8.522625363399822
3024299,0.0
3024300,0.0
3024301,0.0
3024302,0.0
3024303,0.0
3024304,0.0
3024305,0.0
3024306,2.5782743039016793
3024307,15.351664187908337
3024308,0.0
3024309,115.14331258154114
3024310,188.99539680617815
3024311,0.0
3024312,0.0
3024313,80.94884445004836
3024314,41.70263042846487
3024315,0.0
3024316,0.0
3024317,4.002074063145614
3024318,4.673822641167142
3024319,0.0
3024320,0.0
3024321,759.6579891309945
3024322,0.0
3024323,193.84394348341198
3024324,0.0
3024325,840.5221445003037
3024326,169.1984927772524
3024327,202.90991550390603
3024328,71.65213048004486
3024329,35.08124013277977
3024330,2353.1221512563925
3024331,7.283210764431335
3024332,0.0
3024333,0.0
3024334,0.0
3024335,0.0
3024336,0.0
3024337,0.0
3024338,0.0
3024339,2.7525313683389205
3024340,13.81372895989733
3024341,0.0
3024342,207.77193030181058
3024343,153.98483886757873
3024344,0.0
3024345,0.0
3024346,149.05304322361383
3024347,41.75302786501227
3024348,0.0
3024349,0.0
3024350,5.856504866612528
3024351,2.4076900246593573
3024352,0.0
3024353,0.0
3024354,628.3142029148624
3024355,0.0
3024356,597.9900575212645
3024357,0.0
3024358,558.377765731286
3024359,216.2173389965948
3024360,135.5471923418471
3024361,110.64350610681083
3024362,41.315591869836034
3024363,1793.9247991872292
3024364,15.477992978603297
3024365,0.0
3024366,0.0
3024367,0.0
3024368,0.0
3024369,0.0
3024370,0.0
3024371,0.0
3024372,4.146693379171202
3024373,32.206573230694424
3024374,0.0
3024375,118.79888133255216
3024376,100.88755269569226
3024377,0.0
3024378,0.0
3024379,105.31223009690389
3024380,39.051394556025286
3024381,0.0
3024382,0.0
3024383,9.100007726118834
3024384,2.8783658858833556
3024385,0.0
3024386,0.10559201846092026
3024387,889.4314875822967
3024388,0.0
3024389,169.28469929165453
3024390,0.0
3024391,701.0194994669632
3024392,93.76688439461253
3024393,119.24475805157807
3024394,44.93829338802426
3024395,22.765850801977727
3024396,1829.77113747422
3024397,5.6459830008390774
3024398,0.044473316764518156
3024399,0.0
3024400,0.0
3024401,0.0
3024402,0.0
3024403,0.0
3024404,0.0
3024405,1.4565426782593405
3024406,20.46949647061133
3024407,0.0
3024408,146.13781487221675
3024409,121.78757273466495
3024410,0.0
3024411,0.0
3024412,55.445269993677506
3024413,34.816521725408904
3024414,0.0
3024415,0.0
3024416,4.06324427979532
3024417,5.8990839123531424
3024418,2.9162846176356956
3024419,6.385852851099367
3024420,889.9302010789312
3024421,2.9162846176356956
3024422,275.5710218784676
3024423,2.9162846176356956
3024424,841.17250511102
3024425,338.8132838445904
3024426,153.40320527395616
3024427,132.3428959894941
3024428,69.39105883573039
3024429,2343.040591685075
3024430,25.61804555228079
3024431,3.581768054102814
3024432,2.9162846176356956
3024433,2.9162846176356956
3024434,2.8578170028634773
3024435,2.9162846176356956
3024436,2.9162846176356956
3024437,7.8885411487918375
3024438,21.294052730937725
3024439,33.97430019154472
3024440,2.9162846176356956
3024441,439.5176703446781
3024442,158.5206174005433
3024443,2.9162846176356956
3024444,2.9162846176356956
3024445,209.20822816596572
3024446,76.31876337635097
3024447,2.9162846176356956
3024448,2.9162846176356956
3024449,20.617655604903565
3024450,0.0
3024451,0.0
3024452,0.0
3024453,25.194627363573773
3024454,0.0
3024455,35.51376888719094
3024456,0.0
3024457,37.659763071696155
3024458,34.51976773435234
3024459,14.645641602113866
3024460,6.301157881933975
3024461,0.0
3024462,20.687495843327675
3024463,0.0
3024464,0.0
3024465,0.0
3024466,0.0
3024467,0.0
3024468,0.0
3024469,0.0
3024470,0.0
3024471,0.0
3024472,0.0
3024473,0.0
3024474,37.14062991456829
3024475,17.488169917488676
3024476,0.0
3024477,0.0
3024478,13.657236875474748
3024479,0.0
3024480,0.0
3024481,0.0
3024482,0.0
3024483,0.0
3024484,0.0
3024485,0.0
3024486,27.168631960195917
3024487,0.0
3024488,38.25156543975421
3024489,0.0
3024490,39.18804294110519
3024491,33.01432399719177
3024492,14.182878990004149
3024493,5.392042885011205
3024494,0.0
3024495,30.565506342943095
3024496,0.0
3024497,0.0
3024498,0.0
3024499,0.0
3024500,0.0
3024501,0.0
3024502,0.0
3024503,0.0
3024504,0.0
3024505,0.0
3024506,0.0
3024507,35.27644059168532
3024508,17.650244515172854
3024509,0.0
3024510,0.0
3024511,12.158987991951435
3024512,0.0
3024513,0.0
3024514,0.0
3024515,0.0
3024516,0.0
3024517,0.0
3024518,0.0
3024519,26.740376488222765
3024520,0.0
3024521,36.17226165572449
3024522,0.0
3024523,39.17241332242502
3024524,33.19985370119412
3024525,15.024319246365778
3024526,5.648111013423804
3024527,0.0
3024528,21.340868379626027
3024529,0.0
3024530,0.0
3024531,0.0
3024532,0.0
3024533,0.0
3024534,0.0
3024535,0.0
3024536,0.0
3024537,0.0
3024538,0.0
3024539,0.0
3024540,34.04638020938671
3024541,18.06423407409821
3024542,0.0
3024543,0.0
3024544,12.850305397294086
3024545,0.0
3024546,0.0
3024547,0.0
3024548,0.0
3024549,1.4830154116672736
3024550,0.0
3024551,0.0
3024552,547.9912707589723
3024553,0.0
3024554,262.6096470237209
3024555,0.0
3024556,634.5687124726505
3024557,230.2163190777398
3024558,122.57949557980758
3024559,61.73016780552288
3024560,45.10905236986804
3024561,1771.9469644044914
3024562,15.460111216343442
3024563,0.0
3024564,0.0
3024565,0.0
3024566,0.0
3024567,0.0
3024568,0.0
3024569,0.0
3024570,6.320082394894469
3024571,27.82163932412477
3024572,0.0
3024573,1491.2901209889562
3024574,136.13231598576087
3024575,0.0
3024576,0.0
3024577,129.50479213838017
3024578,44.55051414302349
3024579,0.0
3024580,0.0
3024581,15.88357821754839
3024582,12.127198432228722
3024583,8.356579322341075
3024584,10.19010494041112
3024585,1427.3595595288914
3024586,8.356579322341075
3024587,442.7886093684533
3024588,8.356579322341075
3024589,1075.76812752583
3024590,520.9300987941575
3024591,198.9572064271015
3024592,189.33141930472664
3024593,85.62133131155208
3024594,3010.4907145940297
3024595,30.26756011397098
3024596,8.652392986572748
3024597,8.356579322341075
3024598,8.356579322341075
3024599,8.298111707568857
3024600,8.356579322341075
3024601,8.356579322341075
3024602,10.733218757395663
3024603,15.04534837880778
3024604,53.97020461609072
3024605,8.356579322341075
3024606,365.6236711335029
3024607,223.7688797921631
3024608,8.356579322341075
3024609,8.356579322341075
3024610,260.1456167336618
3024611,103.80962967388507
3024612,8.356579322341075
3024613,8.356579322341075
3024614,39.01224573195064
3024615,2.5124627497873515
3024616,0.0
3024617,0.0
3024618,1165.2165678453757
3024619,0.0
3024620,221.77665039922536
3024621,0.0
3024622,534.0447209866525
3024623,273.7436048845869
3024624,129.3370510541416
3024625,101.52268711018128
3024626,47.39870336862112
3024627,1617.9780629012366
3024628,13.854863915990396
3024629,0.0
3024630,0.0
3024631,0.0
3024632,0.0
3024633,0.0
3024634,0.0
3024635,1.3680766182768376
3024636,11.935295687760782
3024637,64.8394881100917
3024638,0.0
3024639,206.83198957263622
3024640,104.12882354325612
3024641,0.0
3024642,0.0
3024643,101.30355478758547
3024644,70.13508654263026
3024645,0.0
3024646,0.0
3024647,3.905203938441523
3024648,3.307461231530744
3024649,0.0
3024650,0.0
3024651,409.7862135877504
3024652,0.0
3024653,241.2177321893565
3024654,0.0
3024655,556.0525784196643
3024656,161.91372775309495
3024657,108.72438325833774
3024658,63.22479464636655
3024659,26.91027953011086
3024660,1623.3332333281137
3024661,6.557527113806431
3024662,0.26229633542874486
3024663,0.0
3024664,0.0
3024665,0.0
3024666,0.0
3024667,0.0
3024668,0.0
3024669,5.751298145233582
3024670,15.203867626518992
3024671,0.0
3024672,216.3617568661704
3024673,174.74832772900493
3024674,0.0
3024675,0.0
3024676,136.5205826167372
3024677,34.22455484808796
3024678,0.0
3024679,0.0
3024680,3.0239536892669507
3024681,3.1191631920650362
3024682,0.0
3024683,1.2182162248151505
3024684,698.7916062835941
3024685,0.0
3024686,312.3591868318822
3024687,0.0
3024688,574.7008261067265
3024689,272.6876435581932
3024690,141.90386451689778
3024691,145.6798079077793
3024692,47.230353774893054
3024693,1775.210517898189
3024694,19.82154498897781
3024695,0.21785646059952413
3024696,0.0
3024697,0.0
3024698,0.0
3024699,0.0
3024700,0.0
3024701,0.33060663466567
3024702,7.566796085854005
3024703,36.34883463817994
3024704,0.0
3024705,167.43499870120965
3024706,133.63257215017902
3024707,0.0
3024708,0.0
3024709,164.79274359366826
3024710,61.489863052764065
3024711,0.0
3024712,0.0
3024713,16.8070266197661
3024714,3.2185570802554864
3024715,0.0
3024716,0.008795833237176032
3024717,494.32375453376596
3024718,0.0
3024719,358.1264178216394
3024720,0.0
3024721,570.7590047490713
3024722,187.7275100716083
3024723,133.652368569462
3024724,85.40948506234444
3024725,33.00093290948757
3024726,1769.9082913288355
3024727,8.668305857566132
3024728,0.0
3024729,0.0
3024730,0.0
3024731,0.0
3024732,0.0
3024733,0.0
3024734,0.0
3024735,4.455712197792592
3024736,44.431640452309004
3024737,0.0
3024738,134.42029576987701
3024739,148.0948785989071
3024740,0.0
3024741,0.0
3024742,120.76530214142241
3024743,42.091985347743325
3024744,0.0
3024745,0.0
3024746,4.257454499984447
3024747,0.0
3024748,0.0
3024749,0.0
3024750,28.426869636822502
3024751,0.0
3024752,38.28444453259671
3024753,0.0
3024754,40.267062667370794
3024755,32.724319698849364
3024756,15.2462684913856
3024757,6.094423801878577
3024758,0.0
3024759,19.33123633801954
3024760,0.0
3024761,0.0
3024762,0.0
3024763,0.0
3024764,0.0
3024765,0.0
3024766,0.0
3024767,0.0
3024768,0.0
3024769,0.0
3024770,0.0
3024771,36.21385799385915
3024772,17.77584227259151
3024773,0.0
3024774,0.0
3024775,13.500542059701996
3024776,0.0
3024777,0.0
3024778,0.0
3024779,0.0
3024780,20.988849592973317
3024781,15.319952260327746
3024782,20.00786572519181
3024783,2708.7662849480857
3024784,15.319952260327746
3024785,645.4292349185972
3024786,15.319952260327746
3024787,1621.1238420859795
3024788,923.8617862108946
3024789,279.12193554486976
3024790,384.5650146926612
3024791,209.97414509458616
3024792,4695.458898698428
3024793,64.89108649915072
3024794,17.91288217691995
3024795,15.319952260327746
3024796,15.319952260327746
3024797,16.542859911946692
3024798,15.319952260327746
3024799,15.319952260327746
3024800,22.625453783918427
3024801,50.77177869672178
3024802,99.18571365889045
3024803,15.319952260327746
3024804,545.186510726158
3024805,303.64815327688206
3024806,15.319952260327746
3024807,15.319952260327746
3024808,389.103375208664
3024809,246.7256470726773
3024810,15.319952260327746
3024811,15.319952260327746
3024812,89.25297851908148
3024813,0.0
3024814,0.0
3024815,0.0
3024816,331.7628354750992
3024817,0.0
3024818,139.26923864103028
3024819,0.0
3024820,394.22732394273896
3024821,116.81224157193286
3024822,68.69100490414795
3024823,51.0280896164166
3024824,13.41978408198273
3024825,1142.5935038720936
3024826,2.2871754482776137
3024827,0.0
3024828,0.0
3024829,0.0
3024830,0.0
3024831,0.0
3024832,0.0
3024833,0.0
3024834,0.0
3024835,16.618462003805885
3024836,0.0
3024837,98.7580626929327
3024838,78.18824971568958
3024839,0.0
3024840,0.0
3024841,73.50772559451401
3024842,17.986292501004947
3024843,0.0
3024844,0.0
3024845,0.0
3024846,6.57268801658331
3024847,0.0
3024848,0.22493442389109464
3024849,567.8928933449392
3024850,0.0
3024851,329.3204928415858
3024852,0.0
3024853,836.2154020791876
3024854,201.89957314679654
3024855,142.7099539799186
3024856,75.62225435545176
3024857,19.821493705347798
3024858,2416.540072225471
3024859,9.598472237018418
3024860,0.0
3024861,0.0
3024862,0.0
3024863,0.0
3024864,0.0
3024865,0.0
3024866,0.0
3024867,2.179929656506528
3024868,19.86366176220984
3024869,0.0
3024870,184.50709686631808
3024871,203.223123189295
3024872,0.0
3024873,0.0
3024874,85.91615156017663
3024875,56.474139282816346
3024876,0.0
3024877,0.0
3024878,2.5205632997932845
3024879,0.0
3024880,0.0
3024881,0.0
3024882,176.2168645328165
3024883,0.0
3024884,107.75166955083047
3024885,0.0
3024886,438.6295873980413
3024887,94.79880514144266
3024888,79.35862500241761
3024889,30.040623937966892
3024890,13.747380647593857
3024891,1118.5678456602348
3024892,2.2497932203282307
3024893,0.0
3024894,0.0
3024895,0.0
3024896,0.0
3024897,0.0
3024898,0.0
3024899,0.0
3024900,0.7913991836259049
3024901,14.331884766938431
3024902,0.0
3024903,101.01349629516976
3024904,119.62100824321944
3024905,0.0
3024906,0.0
3024907,68.4148199043501
3024908,20.122497802490567
3024909,0.0
3024910,0.0
3024911,0.0
3024912,3.0487529453470623
3024913,0.0
3024914,0.03775415520547898
3024915,548.4505726836
3024916,0.0
3024917,212.19945205918782
3024918,0.0
3024919,854.6070572794417
3024920,152.58084574623877
3024921,144.878684738574
3024922,95.57589777475117
3024923,37.59203066144246
3024924,2242.0239903013644
3024925,6.740381232458201
3024926,0.0
3024927,0.0
3024928,0.0
3024929,0.0
3024930,0.0
3024931,0.0
3024932,0.0
3024933,5.588841393790492
3024934,32.58188196015491
3024935,0.0
3024936,194.4001600862959
3024937,174.64975728092426
3024938,0.0
3024939,0.0
3024940,93.33804420807309
3024941,39.01884111362649
3024942,0.0
3024943,0.0
3024944,1.3338540236535161
3024945,1.4524713554776416
3024946,0.0
3024947,0.012062136943095991
3024948,807.4283027862382
3024949,0.0
3024950,537.8200007195545
3024951,0.0
3024952,781.8664892788083
3024953,196.43710612282362
3024954,201.44042155718924
3024955,63.0803992188833
3024956,30.385377626831563
3024957,2604.324155629821
3024958,15.676708525885363
3024959,0.33625587347860164
3024960,0.0
3024961,0.0
3024962,0.0
3024963,0.0
3024964,0.0
3024965,0.0
3024966,9.526773756706238
3024967,45.713605936890154
3024968,0.0
3024969,203.24775505935426
3024970,237.92979504849856
3024971,0.0
3024972,0.0
3024973,116.78740421168531
3024974,46.81301613062882
3024975,0.0
3024976,0.0
3024977,2.199204247656662
3024978,0.0
3024979,0.0
3024980,0.0
3024981,433.6280817314015
3024982,0.0
3024983,118.39240672645373
3024984,0.0
3024985,427.6970054782329
3024986,92.74614614985175
3024987,69.0332614715875
3024988,42.27083571102205
3024989,12.036387139294593
3024990,1222.9121849997753
3024991,2.289791878841247
3024992,0.0
3024993,0.0
3024994,0.0
3024995,0.0
3024996,0.0
3024997,0.0
3024998,0.0
3024999,0.0
3025000,11.008301876639182
3025001,0.0
3025002,138.6237515066138
3025003,91.51357218964426
3025004,0.0
3025005,0.0
3025006,41.49385636961635
3025007,18.675097384964687
3025008,0.0
3025009,0.0
3025010,0.0
3025011,0.0
3025012,0.0
3025013,0.0
3025014,25.264570859592958
3025015,0.0
3025016,37.16314557406637
3025017,0.0
3025018,35.61559769530668
3025019,31.94175896118326
3025020,14.172466989304112
3025021,4.494236087856457
3025022,0.0
3025023,18.499990470366516
3025024,0.0
3025025,0.0
3025026,0.0
3025027,0.0
3025028,0.0
3025029,0.0
3025030,0.0
3025031,0.0
3025032,0.0
3025033,0.0
3025034,0.0
3025035,35.12248325043315
3025036,17.364233257586985
3025037,0.0
3025038,0.0
3025039,11.930850641710013
3025040,0.0
3025041,0.0
3025042,0.0
3025043,0.0
3025044,8.010839408878853
3025045,3.0983618520270397
3025046,6.1654495682429244
3025047,743.5824104943775
3025048,3.0983618520270397
3025049,384.7129911120488
3025050,3.0983618520270397
3025051,1110.2936043526395
3025052,439.1178207050887
3025053,113.17928574879184
3025054,140.5029526527858
3025055,129.66971076093583
3025056,3050.7460840201
3025057,46.99369852052585
3025058,4.27227609527818
3025059,3.0983618520270397
3025060,3.0983618520270397
3025061,3.4912187283173797
3025062,3.0983618520270397
3025063,3.0983618520270397
3025064,9.272759452654505
3025065,17.118638905177278
3025066,65.61429942157596
3025067,3.0983618520270397
3025068,226.66776620196885
3025069,225.17971549733278
3025070,3.0983618520270397
3025071,3.0983618520270397
3025072,108.69688198661022
3025073,131.2136677573416
3025074,3.0983618520270397
3025075,3.0983618520270397
3025076,18.063022100078218
3025077,5.192181386167928
3025078,0.9857304421876005
3025079,2.5494280668126947
3025080,507.834600772604
3025081,0.9857304421876005
3025082,311.7835830368688
3025083,0.9857304421876005
3025084,791.1069841208762
3025085,312.51621043191017
3025086,131.7052051868761
3025087,101.4324312053784
3025088,87.21908761213786
3025089,2370.533440122749
3025090,23.2393899113846
3025091,1.8333652783907395
3025092,0.9857304421876005
3025093,0.9857304421876005
3025094,0.9272628274153827
3025095,0.9857304421876005
3025096,0.9857304421876005
3025097,2.247768094726968
3025098,20.03990657201457
3025099,40.208035648607066
3025100,0.9857304421876005
3025101,173.19007625977366
3025102,215.8628866697707
3025103,0.9857304421876005
3025104,0.9857304421876005
3025105,77.22549348562983
3025106,110.56425865467368
3025107,0.9857304421876005
3025108,0.9857304421876005
3025109,16.485837716894068
3025110,5.051442366821918
3025111,0.0
3025112,0.5670652696611729
3025113,612.6075047922825
3025114,0.0
3025115,667.3495225180552
3025116,0.0
3025117,1002.9416415974888
3025118,180.48354752047038
3025119,108.5513046396712
3025120,96.68842172564656
3025121,39.536368040035725
3025122,2572.0046286464885
3025123,24.340578224297666
3025124,0.9733632794692779
3025125,0.0
3025126,0.0
3025127,0.0
3025128,0.0
3025129,0.0
3025130,0.9395221761866068
3025131,8.006683818124333
3025132,26.417787568177264
3025133,0.0
3025134,151.76843222482765
3025135,225.87730548813457
3025136,0.0
3025137,0.0
3025138,86.60204290416438
3025139,52.08217933427501
3025140,0.0
3025141,0.0
3025142,10.281734429880803
3025143,6.706490441283929
3025144,2.5060225724774137
3025145,5.416410700807776
3025146,801.9118847058785
3025147,2.5060225724774137
3025148,266.24086250743346
3025149,2.5060225724774137
3025150,792.3418394641717
3025151,323.72087270561224
3025152,154.9997953938077
3025153,132.93594310516778
3025154,58.596593813152765
3025155,2307.279171036057
3025156,30.728547411947503
3025157,3.5068114705371514
3025158,2.5060225724774137
3025159,2.5060225724774137
3025160,2.6370190048758735
3025161,2.5060225724774137
3025162,2.5060225724774137
3025163,6.297460653589535
3025164,20.28832038063355
3025165,27.929111586229478
3025166,2.5060225724774137
3025167,303.3650682753578
3025168,171.62594883533103
3025169,2.5060225724774137
3025170,2.5060225724774137
3025171,219.38520203867205
3025172,88.040846203438
3025173,2.5060225724774137
3025174,2.5060225724774137
3025175,25.548150375459727
3025176,1.0185792013002035
3025177,0.0
3025178,0.1300288443444313
3025179,590.4649314789614
3025180,0.0
3025181,230.49196217731418
3025182,0.0
3025183,771.767452137152
3025184,150.91149654566013
3025185,126.55425292795115
3025186,83.79177813652625
3025187,19.08018447244411
3025188,2082.210924058726
3025189,8.056467831802191
3025190,0.21467637292426756
3025191,0.0
3025192,0.0
3025193,0.0
3025194,0.0
3025195,0.0
3025196,0.0
3025197,2.7618146318030483
3025198,16.25685360274614
3025199,0.0
3025200,91.78184226904044
3025201,159.88718605420647
3025202,0.0
3025203,0.0
3025204,81.74317783623246
3025205,30.641573813962836
3025206,0.0
3025207,0.0
3025208,2.0188567751503603
3025209,1.959558481904632
3025210,0.0
3025211,0.5128028959047555
3025212,461.7789559379929
3025213,0.0
3025214,195.2703003960282
3025215,0.0
3025216,519.2738046099112
3025217,204.7889720316224
3025218,116.86526444807532
3025219,80.36714693115178
3025220,64.59045677010299
3025221,1421.1677640847292
3025222,14.05670558739448
3025223,0.0
3025224,0.0
3025225,0.0
3025226,0.0
3025227,0.0
3025228,0.0
3025229,0.08892515938892065
3025230,14.43863089975109
3025231,21.277571033420703
3025232,0.0
3025233,127.49298082772853
3025234,140.3823434598857
3025235,0.0
3025236,0.0
3025237,80.5754394319897
3025238,56.21760201162763
3025239,0.0
3025240,0.0
3025241,5.128558352090431
3025242,0.0
3025243,0.0
3025244,0.0
3025245,26.067282326957066
3025246,0.0
3025247,35.5241678574271
3025248,0.0
3025249,36.412373005654665
3025250,32.834724354137535
3025251,14.715681209844522
3025252,6.5425700784476675
3025253,0.0
3025254,27.25091776288471
3025255,0.0
3025256,0.0
3025257,0.0
3025258,0.0
3025259,0.0
3025260,0.0
3025261,0.0
3025262,0.0
3025263,0.0
3025264,0.0
3025265,0.0
3025266,35.227704557384016
3025267,18.44079825812091
3025268,0.0
3025269,0.0
3025270,13.60756452334773
3025271,0.0
3025272,0.0
3025273,0.0
3025274,0.0
3025275,4.475395852416647
3025276,0.0
3025277,0.0
3025278,825.523535920557
3025279,0.0
3025280,187.81821365294297
3025281,0.0
3025282,688.4424344078441
3025283,96.23207756275522
3025284,113.94734115587335
3025285,67.52443778270307
3025286,19.514966881686263
3025287,1879.001768021264
3025288,5.750965789131929
3025289,0.0
3025290,0.0
3025291,0.0
3025292,0.0
3025293,0.0
3025294,0.0
3025295,0.0
3025296,4.865364144995392
3025297,67.64853320703895
3025298,0.0
3025299,141.3629609242428
3025300,139.51619610142515
3025301,0.0
3025302,0.0
3025303,85.73465690557514
3025304,40.450125161752666
3025305,0.0
3025306,0.0
3025307,0.38437323287624947
3025308,34.24822141388911
3025309,22.231661199619
3025310,25.117250431048387
3025311,3301.9732485127133
3025312,22.231661199619
3025313,717.3379381494251
3025314,22.231661199619
3025315,2118.171040581483
3025316,1220.964545466563
3025317,405.9192339071931
3025318,448.22179320087366
3025319,289.9044858183579
3025320,8046.571312039538
3025321,78.09295431978488
3025322,25.215799947194043
3025323,22.231661199619
3025324,22.231661199619
3025325,23.185330468416456
3025326,22.231661199619
3025327,22.231661199619
3025328,25.516269104838507
3025329,39.30388432221661
3025330,165.366453769224
3025331,22.231661199619
3025332,711.2929581589118
3025333,655.280730526055
3025334,22.231661199619
3025335,22.231661199619
3025336,379.5356025264961
3025337,327.88962240319967
3025338,22.231661199619
3025339,22.231661199619
3025340,100.55299912068425
3025341,29.85151653501659
3025342,16.359419738000852
3025343,21.89945694820783
3025344,2121.321715534491
3025345,16.359419738000852
3025346,597.5403336407303
3025347,16.359419738000852
3025348,1815.0719243128892
3025349,765.0926471166266
3025350,402.360502157977
3025351,294.58775556233667
3025352,229.12419821463342
3025353,5538.039088706147
3025354,72.07512862405397
3025355,17.295244515655064
3025356,16.359419738000852
3025357,16.359419738000852
3025358,16.962705398490243
3025359,16.359419738000852
3025360,16.359419738000852
3025361,21.01142636054827
3025362,24.521320697186013
3025363,85.03542548067647
3025364,16.359419738000852
3025365,893.4131006941936
3025366,347.58741442235424
3025367,16.359419738000852
3025368,16.359419738000852
3025369,454.5632728274181
3025370,206.2310941972617
3025371,16.359419738000852
3025372,16.359419738000852
3025373,82.10366458134125
3025374,24.152954282071043
3025375,12.066354100488464
3025376,19.455418260662388
3025377,1534.3974065106684
3025378,12.066354100488464
3025379,409.9229928436499
3025380,12.066354100488464
3025381,1765.8759455245674
3025382,538.6174986626763
3025383,501.0391640623103
3025384,160.36721852190297
3025385,162.9050855843603
3025386,5368.346435411831
3025387,45.808550696140706
3025388,12.893463664914778
3025389,12.066354100488464
3025390,12.066354100488464
3025391,12.792334119615894
3025392,12.066354100488464
3025393,12.066354100488464
3025394,15.08851987395197
3025395,36.88440404880009
3025396,62.93801328129376
3025397,12.066354100488464
3025398,1086.4476714534421
3025399,453.1691601667077
3025400,12.066354100488464
3025401,12.066354100488464
3025402,570.5408323639908
3025403,136.85908421466905
3025404,12.066354100488464
3025405,12.066354100488464
3025406,42.950804305631785
3025407,25.686553417403495
3025408,15.503734516821016
3025409,20.259414617855118
3025410,2065.0640266861437
3025411,15.503734516821016
3025412,612.5364055515392
3025413,15.503734516821016
3025414,1780.4183902475208
3025415,775.3144462112755
3025416,403.8640954466015
3025417,244.44642661193222
3025418,172.45821305496636
3025419,5533.539122642295
3025420,47.80225306081158
3025421,16.812564731005413
3025422,15.503734516821016
3025423,15.503734516821016
3025424,16.118362859102522
3025425,15.503734516821016
3025426,15.503734516821016
3025427,23.32784044922738
3025428,20.89832447240062
3025429,74.72641495606504
3025430,15.503734516821016
3025431,808.1831005370947
3025432,416.3398712665354
3025433,15.503734516821016
3025434,15.503734516821016
3025435,547.7723879530536
3025436,198.7431989658703
3025437,15.503734516821016
3025438,15.503734516821016
3025439,71.27294178476933
3025440,13.951812340340672
3025441,8.274759506416512
3025442,12.865821941904514
3025443,1094.1676340416786
3025444,8.274759506416512
3025445,421.3441700980529
3025446,8.274759506416512
3025447,1596.837049760731
3025448,380.34355942567345
3025449,402.15005228565263
3025450,113.74460550254815
3025451,111.71692602184672
3025452,4687.933093660192
3025453,27.21219865549117
3025454,9.001545721053391
3025455,8.274759506416512
3025456,8.274759506416512
3025457,8.216291891644293
3025458,8.274759506416512
3025459,8.274759506416512
3025460,8.88605463553764
3025461,16.5967351873157
3025462,48.933100735506244
3025463,8.274759506416512
3025464,833.5734548048754
3025465,368.1454111443126
3025466,8.274759506416512
3025467,8.274759506416512
3025468,559.31694387029
3025469,97.38978599228447
3025470,8.274759506416512
3025471,8.274759506416512
3025472,24.744503302267926
3025473,10.814067826046593
3025474,6.3178532274679515
3025475,9.615229981971053
3025476,1439.8734311334665
3025477,6.3178532274679515
3025478,355.3861178428724
3025479,6.3178532274679515
3025480,924.0057612367483
3025481,525.2308782191014
3025482,169.61551679883164
3025483,193.10311723867088
3025484,139.03720092520396
3025485,2758.6928737530516
3025486,36.49900420369808
3025487,6.7326054521373315
3025488,6.3178532274679515
3025489,6.3178532274679515
3025490,6.877636713989524
3025491,6.3178532274679515
3025492,6.3178532274679515
3025493,12.160829221187385
3025494,15.443234818164754
3025495,50.70867069963268
3025496,6.3178532274679515
3025497,334.3526531027838
3025498,168.20968819543407
3025499,6.3178532274679515
3025500,6.3178532274679515
3025501,178.18856490402283
3025502,165.23665474968482
3025503,6.3178532274679515
3025504,6.3178532274679515
3025505,42.3386550171733
3025506,5.172963252016384
3025507,0.6862218557962771
3025508,2.919924973380687
3025509,680.5922682264944
3025510,0.6862218557962771
3025511,310.0670169634659
3025512,0.6862218557962771
3025513,1024.1496479067553
3025514,274.3020204324531
3025515,224.0634230114681
3025516,127.539066840548
3025517,89.27141048617946
3025518,2684.626523479914
3025519,17.71572876761599
3025520,1.4982550204790615
3025521,0.6862218557962771
3025522,0.6862218557962771
3025523,0.632740137002235
3025524,0.6862218557962771
3025525,0.6862218557962771
3025526,1.5289852271740663
3025527,29.204241896547327
3025528,43.85936853137935
3025529,0.6862218557962771
3025530,294.9250945145742
3025531,209.99990976044347
3025532,0.6862218557962771
3025533,0.6862218557962771
3025534,167.9074207359816
3025535,83.38973422784505
3025536,0.6862218557962771
3025537,0.6862218557962771
3025538,15.925101525719654
3025539,14.374031060433364
3025540,5.968126130568214
3025541,10.026362482521833
3025542,1080.4871173784763
3025543,5.968126130568214
3025544,370.4782273618475
3025545,5.968126130568214
3025546,1307.751341841365
3025547,394.0842733164057
3025548,320.44796954910754
3025549,114.46462343971749
3025550,108.36118937722102
3025551,4509.068833455273
3025552,36.91634533185978
3025553,6.524062309686272
3025554,5.968126130568214
3025555,5.968126130568214
3025556,6.463092969373504
3025557,5.968126130568214
3025558,5.968126130568214
3025559,6.204956729366545
3025560,15.074897666673465
3025561,58.880007445597826
3025562,5.968126130568214
3025563,761.2379555623914
3025564,312.32326297956797
3025565,5.968126130568214
3025566,5.968126130568214
3025567,249.8935314440754
3025568,121.82986316915017
3025569,5.968126130568214
3025570,5.968126130568214
3025571,23.084766985040712
3025572,16.253331726507334
3025573,9.823681637039344
3025574,12.31460158825342
3025575,1953.1270885842257
3025576,9.823681637039344
3025577,499.8068608009301
3025578,9.823681637039344
3025579,1142.573339586661
3025580,662.3129327427928
3025581,224.07935216441925
3025582,265.2010605413522
3025583,124.94968000943854
3025584,3339.8451589740853
3025585,29.33032016792727
3025586,10.408203619765608
3025587,9.823681637039344
3025588,9.823681637039344
3025589,10.338592059757337
3025590,9.823681637039344
3025591,9.823681637039344
3025592,12.167963410485957
3025593,16.07567950433257
3025594,70.88263292358134
3025595,9.823681637039344
3025596,558.7050868572453
3025597,209.11519128048045
3025598,9.823681637039344
3025599,9.823681637039344
3025600,302.77981098029085
3025601,146.02432611616095
3025602,9.823681637039344
3025603,9.823681637039344
3025604,67.35405286911625
3025605,0.0
3025606,0.0
3025607,0.0
3025608,26.703187086897312
3025609,0.0
3025610,37.943977812621824
3025611,0.0
3025612,35.793032367175485
3025613,33.490033896039364
3025614,13.922909551389107
3025615,6.028252309939579
3025616,0.0
3025617,20.313714948321195
3025618,0.0
3025619,0.0
3025620,0.0
3025621,0.0
3025622,0.0
3025623,0.0
3025624,0.0
3025625,0.0
3025626,0.0
3025627,0.0
3025628,0.0
3025629,36.16700670869485
3025630,16.909561684612704
3025631,0.0
3025632,0.0
3025633,13.328307887985165
3025634,0.0
3025635,0.0
3025636,0.0
3025637,0.0
3025638,0.0
3025639,0.0
3025640,0.0
3025641,26.86307568786662
3025642,0.0
3025643,38.831347702793074
3025644,0.0
3025645,36.6669172655033
3025646,31.625032291888353
3025647,13.973335849449825
3025648,4.943726517969294
3025649,0.0
3025650,19.139704018824975
3025651,0.0
3025652,0.0
3025653,0.0
3025654,0.0
3025655,0.0
3025656,0.0
3025657,0.0
3025658,0.0
3025659,0.0
3025660,0.0
3025661,0.0
3025662,33.82552086224651
3025663,17.42216088366795
3025664,0.0
3025665,0.0
3025666,12.622439436576677
3025667,0.0
3025668,0.0
3025669,0.0
3025670,0.0
3025671,0.6920518819957837
3025672,0.0
3025673,0.0
3025674,344.75497441012453
3025675,0.0
3025676,175.15764266977877
3025677,0.0
3025678,687.6175834987465
3025679,74.30042253860441
3025680,107.58769541958617
3025681,45.66603407282023
3025682,12.596630397233133
3025683,1770.4095473683103
3025684,5.457452223911572
3025685,0.0
3025686,0.0
3025687,0.0
3025688,0.0
3025689,0.0
3025690,0.0
3025691,0.0
3025692,2.306621518309443
3025693,17.282854950423815
3025694,0.0
3025695,78.05929951284315
3025696,134.59907232527266
3025697,0.0
3025698,0.0
3025699,46.5227312322356
3025700,43.07994934032163
3025701,0.0
3025702,0.0
3025703,0.32388771113631587
3025704,11.372191061216961
3025705,6.79052770251711
3025706,9.870709331266156
3025707,984.8302262297397
3025708,6.79052770251711
3025709,320.16580085175553
3025710,6.79052770251711
3025711,954.0244608348548
3025712,380.5058483488423
3025713,216.4744880713739
3025714,159.7303261352744
3025715,97.2084571350899
3025716,3118.2724407492487
3025717,40.41449129346148
3025718,7.826300970690379
3025719,6.79052770251711
3025720,6.79052770251711
3025721,6.8866228630683395
3025722,6.79052770251711
3025723,6.79052770251711
3025724,8.535378153457394
3025725,19.32649956590413
3025726,41.215219432234626
3025727,6.79052770251711
3025728,352.4659619129302
3025729,217.66612540871927
3025730,6.79052770251711
3025731,6.79052770251711
3025732,308.23409438271835
3025733,117.64697351072334
3025734,6.79052770251711
3025735,6.79052770251711
3025736,34.822655817750594
3025737,8.585373442281016
3025738,4.705759850851008
3025739,7.220267838514216
3025740,1432.3322885346188
3025741,4.705759850851008
3025742,401.40025583662907
3025743,4.705759850851008
3025744,981.5817212831937
3025745,581.0597083745206
3025746,155.0131130918518
3025747,218.83938939899252
3025748,121.62073935852165
3025749,2553.091168484857
3025750,39.06614819189254
3025751,5.68657746557594
3025752,4.705759850851008
3025753,4.705759850851008
3025754,5.152767118818606
3025755,4.705759850851008
3025756,4.705759850851008
3025757,11.740847744711061
3025758,14.530733874371268
3025759,62.95090528212202
3025760,4.705759850851008
3025761,484.9273500099686
3025762,156.7917305070292
3025763,4.705759850851008
3025764,4.705759850851008
3025765,213.7589250680975
3025766,117.6671301673366
3025767,4.705759850851008
3025768,4.705759850851008
3025769,51.71415404266323
3025770,16.354101366234907
3025771,9.141321343947215
3025772,12.05610180921073
3025773,1513.7082856306997
3025774,9.141321343947215
3025775,393.6168010867516
3025776,9.141321343947215
3025777,1013.439571313609
3025778,654.2355757066426
3025779,195.5778549923326
3025780,218.09416915527078
3025781,113.72499043047523
3025782,2901.4201700279164
3025783,42.00556101374721
3025784,11.011456604646096
3025785,9.141321343947215
3025786,9.141321343947215
3025787,9.581443326992572
3025788,9.141321343947215
3025789,9.141321343947215
3025790,12.741578013718398
3025791,35.011021401455565
3025792,72.83411174462745
3025793,9.141321343947215
3025794,396.459863066789
3025795,207.2824302611098
3025796,9.141321343947215
3025797,9.141321343947215
3025798,202.50246797300383
3025799,169.0399947651555
3025800,9.141321343947215
3025801,9.141321343947215
3025802,50.10285243957161
3025803,13.448308888568896
3025804,5.104873350196543
3025805,8.037033224298273
3025806,871.9327062115926
3025807,5.104873350196543
3025808,525.6945815280582
3025809,5.104873350196543
3025810,1348.5543780389187
3025811,285.9573004407451
3025812,356.63465198820063
3025813,116.8615151272644
3025814,44.90919933461263
3025815,4312.030086849847
3025816,18.739200760664936
3025817,6.316597304615517
3025818,5.104873350196543
3025819,5.104873350196543
3025820,5.061363423358853
3025821,5.104873350196543
3025822,5.104873350196543
3025823,5.351034697182604
3025824,15.880052306529002
3025825,24.605533355330078
3025826,5.104873350196543
3025827,332.16002839956855
3025828,315.9833118528951
3025829,5.104873350196543
3025830,5.104873350196543
3025831,323.6043527660872
3025832,65.73100884909498
3025833,5.104873350196543
3025834,5.104873350196543
3025835,21.7278498182907
3025836,2.1629626465785976
3025837,0.0
3025838,1.1248227085649085
3025839,874.5533993312389
3025840,0.0
3025841,325.01402035254694
3025842,0.0
3025843,822.468429454496
3025844,435.29368793148586
3025845,131.23375748882884
3025846,169.68399959212633
3025847,89.02802903835926
3025848,2077.347729070484
3025849,26.26232318408745
3025850,0.9523589456314094
3025851,0.0
3025852,0.0
3025853,0.0
3025854,0.0
3025855,0.0
3025856,6.581886112762412
3025857,10.561170218675112
3025858,74.34401841029867
3025859,0.0
3025860,314.27596387970937
3025861,141.56343573102396
3025862,0.0
3025863,0.0
3025864,187.27656518163033
3025865,70.65242085136352
3025866,0.0
3025867,0.0
3025868,25.98312168750488
3025869,2.505271632432116
3025870,0.0
3025871,0.040713487606226506
3025872,381.5690271852038
3025873,0.0
3025874,133.67909511017032
3025875,0.0
3025876,723.5175597357411
3025877,108.63237366640412
3025878,164.71033692578956
3025879,42.71345464798214
3025880,21.301322043201374
3025881,1945.1013933144393
3025882,5.264176991273919
3025883,0.0
3025884,0.0
3025885,0.0
3025886,0.0
3025887,0.0
3025888,0.0
3025889,0.0
3025890,3.812759359877524
3025891,7.468514308921577
3025892,0.0
3025893,211.32841088629277
3025894,162.03391980638602
3025895,0.0
3025896,0.0
3025897,98.50610391940725
3025898,22.334594004613653
3025899,0.0
3025900,0.0
3025901,1.6006025710237783
3025902,14.644435046689914
3025903,5.677253887050268
3025904,9.946900712554442
3025905,1882.8436030761145
3025906,5.677253887050268
3025907,486.21305960585124
3025908,5.677253887050268
3025909,1765.7663360055951
3025910,194.87068662341414
3025911,271.6210543829302
3025912,79.42888952908318
3025913,43.94976207270139
3025914,4961.074875680011
3025915,24.547230391632024
3025916,6.309009735291393
3025917,5.677253887050268
3025918,5.677253887050268
3025919,5.778334943579673
3025920,5.677253887050268
3025921,5.677253887050268
3025922,6.523155448980567
3025923,18.40304283718694
3025924,27.774108471496874
3025925,5.677253887050268
3025926,566.0622867862708
3025927,321.66780851916866
3025928,5.677253887050268
3025929,5.677253887050268
3025930,365.4093158843167
3025931,43.12315146590423
3025932,5.677253887050268
3025933,5.677253887050268
3025934,10.892435546894115
3025935,1.9416156285037571
3025936,0.0
3025937,0.07226068725349766
3025938,512.9664152163804
3025939,0.0
3025940,196.53881995649462
3025941,0.0
3025942,717.7610940337738
3025943,127.60278255275637
3025944,129.66645780759873
3025945,45.84128806117296
3025946,18.888581805008172
3025947,1865.197352371642
3025948,6.98238948737324
3025949,0.18176810407680222
3025950,0.0
3025951,0.0
3025952,0.0
3025953,0.0
3025954,0.0
3025955,0.0
3025956,6.107489820815215
3025957,25.738862554944408
3025958,0.0
3025959,169.87564792839584
3025960,132.1102006248698
3025961,0.0
3025962,0.0
3025963,69.73077258631331
3025964,28.57923686328455
3025965,0.0
3025966,0.0
3025967,2.9749920332344306
3025968,1.7289987633607629
3025969,0.0
3025970,0.0
3025971,593.4498859458812
3025972,0.0
3025973,197.54458097175382
3025974,0.0
3025975,689.9393973159815
3025976,125.50015530272722
3025977,112.38029640110831
3025978,36.054771213437135
3025979,20.457126063907886
3025980,1919.9377798952587
3025981,5.553888682336538
3025982,0.0
3025983,0.0
3025984,0.0
3025985,0.0
3025986,0.0
3025987,0.0
3025988,0.0
3025989,2.3099209363131887
3025990,13.889803730802463
3025991,0.0
3025992,157.56022412048955
3025993,142.5441620614922
3025994,0.0
3025995,0.0
3025996,65.31466174487285
3025997,26.335543589392714
3025998,0.0
3025999,0.0
3026000,2.515984851442952
3026001,1.3962575349988349
3026002,0.0
3026003,1.1479835727861145
3026004,398.0537181214434
3026005,0.0
3026006,214.47221945268055
3026007,0.0
3026008,1024.251943339091
3026009,137.67418001218556
3026010,127.41403680422749
3026011,44.63565110879284
3026012,36.49299092099824
3026013,2220.4043999531305
3026014,8.353035854269175
3026015,0.0
3026016,0.0
3026017,0.0
3026018,0.0
3026019,0.0
3026020,0.0
3026021,0.0
3026022,6.82323515365022
3026023,16.984282132217334
3026024,0.0
3026025,346.9772573097769
3026026,260.02061376659
3026027,0.0
3026028,0.0
3026029,71.00164848195676
3026030,36.188518848152675
3026031,0.0
3026032,0.0
3026033,5.512381766553166
3026034,2.733229498606959
3026035,0.0
3026036,1.510462167459791
3026037,540.7642335787799
3026038,0.0
3026039,169.94668969327822
3026040,0.0
3026041,813.265100513067
3026042,131.483895354288
3026043,157.20771613283458
3026044,51.07678551043074
3026045,21.388207412493735
3026046,2101.5907437952783
3026047,8.475645547535374
3026048,0.0
3026049,0.0
3026050,0.0
3026051,0.0
3026052,0.0
3026053,0.0
3026054,0.0
3026055,3.5212048517641827
3026056,18.67926121235998
3026057,0.0
3026058,125.26570569871808
3026059,172.43680395366653
3026060,0.0
3026061,0.0
3026062,53.926928602927624
3026063,25.265524779793367
3026064,0.0
3026065,0.0
3026066,4.526327845951862
3026067,3.7582753920739522
3026068,0.0
3026069,0.0
3026070,370.4350818318017
3026071,0.0
3026072,183.00575880681404
3026073,0.0
3026074,842.0397033823149
3026075,114.3164029233891
3026076,172.78449849734676
3026077,84.9118294383185
3026078,20.21675642424291
3026079,2137.5572827926026
3026080,7.392548680133448
3026081,0.0
3026082,0.0
3026083,0.0
3026084,0.0
3026085,0.0
3026086,0.0
3026087,0.0
3026088,4.133320531062608
3026089,15.92145530620287
3026090,0.0
3026091,98.33051660304284
3026092,170.4009538066191
3026093,0.0
3026094,0.0
3026095,81.36106204321608
3026096,44.58965464487129
3026097,0.0
3026098,0.0
3026099,2.251930275770845
3026100,1.9359609893348582
3026101,0.0
3026102,0.08842527857956761
3026103,716.8211071223975
3026104,0.0
3026105,181.48327392074495
3026106,0.0
3026107,793.8375330917434
3026108,163.65705507585335
3026109,197.7191497911905
3026110,71.99528817605042
3026111,35.09919314880951
3026112,2335.5227814906157
3026113,5.874515486901991
3026114,0.0
3026115,0.0
3026116,0.0
3026117,0.0
3026118,0.0
3026119,0.0
3026120,0.0
3026121,2.2698241024480756
3026122,25.882838215434838
3026123,0.0
3026124,191.33236818532643
3026125,147.02726537835576
3026126,0.0
3026127,0.0
3026128,142.72383454513928
3026129,41.678835152498245
3026130,0.0
3026131,0.0
3026132,7.238880810516573
3026133,1.6815714007289717
3026134,0.0
3026135,0.2419285452136446
3026136,663.7692918788381
3026137,0.0
3026138,589.3511064673747
3026139,0.0
3026140,554.2870997163678
3026141,211.64696778308996
3026142,135.0647757535984
3026143,108.3243080598688
3026144,47.79846007460842
3026145,1880.7274809415878
3026146,14.280137721165694
3026147,0.0
3026148,0.0
3026149,0.0
3026150,0.0
3026151,0.0
3026152,0.0
3026153,0.0
3026154,6.653400029537714
3026155,33.988721840358174
3026156,0.0
3026157,120.00158252114034
3026158,99.45635397611323
3026159,0.0
3026160,0.0
3026161,99.21828388239847
3026162,43.49045563027283
3026163,0.0
3026164,0.0
3026165,9.397118262866126
3026166,2.347764340649773
3026167,0.0
3026168,0.0
3026169,907.5293652643662
3026170,0.0
3026171,214.67507743669628
3026172,0.0
3026173,739.2517243058287
3026174,98.60159481339498
3026175,124.35840235887437
3026176,45.420535817989276
3026177,23.472321824021943
3026178,1871.9032620097373
3026179,7.847826274435846
3026180,0.03823563433999322
3026181,0.0
3026182,0.0
3026183,0.0
3026184,0.0
3026185,0.0
3026186,0.0
3026187,1.6527245057016247
3026188,47.650328168449434
3026189,0.0
3026190,133.94052656466673
3026191,120.3224028990959
3026192,0.0
3026193,0.0
3026194,58.824269756891574
3026195,30.436791226259295
3026196,0.0
3026197,0.0
3026198,5.459355180001149
3026199,6.524187806476084
3026200,3.044408576270955
3026201,6.64488287000899
3026202,957.3086050300581
3026203,3.044408576270955
3026204,322.2380502883731
3026205,3.044408576270955
3026206,912.6954825046693
3026207,419.96010619880036
3026208,173.57057836572588
3026209,160.4158635774918
3026210,73.65565441916134
3026211,2596.7085434656956
3026212,25.55643766020913
3026213,3.662637213876053
3026214,3.044408576270955
3026215,3.044408576270955
3026216,2.985940961498737
3026217,3.044408576270955
3026218,3.044408576270955
3026219,9.534255351639436
3026220,15.622648640466181
3026221,33.00575947225989
3026222,3.044408576270955
3026223,442.85072079415136
3026224,181.89429630075773
3026225,3.044408576270955
3026226,3.044408576270955
3026227,225.04912240634286
3026228,90.72250105054664
3026229,3.044408576270955
3026230,3.044408576270955
3026231,23.144131669494854
3026232,0.0
3026233,0.0
3026234,0.0
3026235,25.224994464749713
3026236,0.0
3026237,35.691652266104654
3026238,0.0
3026239,38.58676830634162
3026240,34.69765027983266
3026241,14.757059501111598
3026242,6.4790410524893485
3026243,0.0
3026244,47.60483744590371
3026245,0.0
3026246,0.0
3026247,0.0
3026248,0.0
3026249,0.0
3026250,0.0
3026251,0.0
3026252,0.0
3026253,0.0
3026254,0.0
3026255,0.0
3026256,37.31851287676531
3026257,17.660581806156145
3026258,0.0
3026259,0.0
3026260,13.835119420955072
3026261,0.02029625645365485
3026262,0.0
3026263,0.0
3026264,0.0
3026265,0.0
3026266,0.0
3026267,0.0
3026268,27.270938687113713
3026269,0.0
3026270,38.501388027693096
3026271,0.0
3026272,39.43786552904406
3026273,33.264146585130646
3026274,14.432701577943032
3026275,5.641865472950087
3026276,0.0
3026277,56.97252675620416
3026278,0.0
3026279,0.0
3026280,0.0
3026281,0.0
3026282,0.0
3026283,0.0
3026284,0.0
3026285,0.0
3026286,0.0
3026287,0.0
3026288,0.0
3026289,35.52626317962421
3026290,17.900067103111738
3026291,0.0
3026292,0.0
3026293,12.40881057989032
3026294,0.0
3026295,0.0
3026296,0.0
3026297,0.0
3026298,0.0
3026299,0.0
3026300,0.0
3026301,26.903217868826154
3026302,0.0
3026303,36.33510386976128
3026304,0.0
3026305,39.22657832189353
3026306,33.3626959152309
3026307,15.187161460402557
3026308,5.810953227460584
3026309,0.0
3026310,47.18457604458192
3026311,0.0
3026312,0.0
3026313,0.0
3026314,0.0
3026315,0.0
3026316,0.0
3026317,0.0
3026318,0.0
3026319,0.0
3026320,0.0
3026321,0.0
3026322,34.20922242342348
3026323,18.227076288134988
3026324,0.0
3026325,0.0
3026326,13.013147611330863
3026327,0.0
3026328,0.0
3026329,0.0
3026330,0.0
3026331,1.3994469256007473
3026332,0.0
3026333,0.0
3026334,597.024450666867
3026335,0.0
3026336,262.41501708338546
3026337,0.0
3026338,685.691134444836
3026339,249.97066633920338
3026340,127.17057743663713
3026341,69.17389033233992
3026342,62.15556234058955
3026343,1844.7845037691666
3026344,15.549053073506993
3026345,0.0
3026346,0.0
3026347,0.0
3026348,0.0
3026349,0.0
3026350,0.0
3026351,0.0
3026352,3.7115691301531433
3026353,35.566087270290595
3026354,0.0
3026355,1375.678005503059
3026356,138.3723771543003
3026357,0.0
3026358,0.0
3026359,164.85791739380045
3026360,45.84889807300378
3026361,0.0
3026362,0.0
3026363,16.73191741345149
3026364,10.611309716520191
3026365,8.481076600089793
3026366,9.754589910167752
3026367,1778.9545049998396
3026368,8.481076600089793
3026369,515.8208456762703
3026370,8.481076600089793
3026371,1252.2745589177018
3026372,634.5193543523827
3026373,223.33050881997855
3026374,222.40057933993617
3026375,109.01262337675539
3026376,3484.684669614573
3026377,27.74065082104932
3026378,8.907139297872952
3026379,8.481076600089793
3026380,8.481076600089793
3026381,8.422608985317575
3026382,8.481076600089793
3026383,8.481076600089793
3026384,15.136958448125561
3026385,18.826445872360903
3026386,60.71570365901213
3026387,8.481076600089793
3026388,435.31550648956016
3026389,234.72321199365905
3026390,8.481076600089793
3026391,8.481076600089793
3026392,288.584035292514
3026393,125.86010883306155
3026394,8.481076600089793
3026395,8.481076600089793
3026396,48.83523944566405
3026397,1.4878703526034527
3026398,0.0
3026399,0.315886806997846
3026400,1335.7643323447157
3026401,0.0
3026402,267.95001888990384
3026403,0.0
3026404,613.4001288044179
3026405,324.7045144818335
3026406,139.8666774469078
3026407,119.96869890603539
3026408,57.68733927017182
3026409,1767.6725243845608
3026410,14.438971271516808
3026411,0.0
3026412,0.0
3026413,0.0
3026414,0.0
3026415,0.0
3026416,0.0
3026417,5.248932543889077
3026418,23.922445488075862
3026419,96.00115540970266
3026420,0.0
3026421,375.0157475114477
3026422,109.7975920543932
3026423,0.0
3026424,0.0
3026425,133.5124563704198
3026426,83.05952805348522
3026427,0.0
3026428,0.0
3026429,3.8419334392770272
3026430,2.9796874194627687
3026431,0.0
3026432,0.0
3026433,397.94729800309227
3026434,0.0
3026435,249.3582538012392
3026436,0.0
3026437,588.2534524875796
3026438,167.79877299549037
3026439,108.81943300822778
3026440,72.02422708771225
3026441,30.06512922167535
3026442,1706.4875186941438
3026443,8.39353945452453
3026444,0.0
3026445,0.0
3026446,0.0
3026447,0.0
3026448,0.0
3026449,0.0
3026450,0.0
3026451,6.479952592674744
3026452,20.64394594262175
3026453,0.0
3026454,319.67025363722
3026455,182.90112661638952
3026456,0.0
3026457,0.0
3026458,145.6513134876869
3026459,35.55928189862245
3026460,0.0
3026461,0.0
3026462,2.7752656843575636
3026463,2.6571539718725665
3026464,0.0
3026465,1.4504492006633862
3026466,821.8232914354423
3026467,0.0
3026468,340.81437548042663
3026469,0.0
3026470,621.1470471373897
3026471,310.18097541813614
3026472,163.60156981762393
3026473,166.49120789688598
3026474,51.876067663164946
3026475,1915.232728758661
3026476,19.704702639997812
3026477,0.0
3026478,0.0
3026479,0.0
3026480,0.0
3026481,0.0
3026482,0.0
3026483,0.2485715317861783
3026484,9.439860019954743
3026485,55.13616478361019
3026486,0.0
3026487,184.4154629533367
3026488,142.0386628448295
3026489,0.0
3026490,0.0
3026491,179.11199529733852
3026492,70.41330137423269
3026493,0.0
3026494,0.0
3026495,17.54119772661655
3026496,3.405953275192404
3026497,0.0
3026498,0.34083372887482377
3026499,523.1964163137594
3026500,0.0
3026501,343.22337712272383
3026502,0.0
3026503,559.052906749376
3026504,174.96121404141627
3026505,131.02408043544534
3026506,73.65568163443238
3026507,26.639802954022716
3026508,1705.3023649645993
3026509,9.72164971569628
3026510,0.0
3026511,0.0
3026512,0.0
3026513,0.0
3026514,0.0
3026515,0.0
3026516,0.0
3026517,4.110508940830503
3026518,45.64549757465639
3026519,0.0
3026520,95.98359107295698
3026521,144.25298135837141
3026522,0.0
3026523,0.0
3026524,104.08441178023428
3026525,43.44387630470192
3026526,0.0
3026527,0.0
3026528,4.010451494701253
3026529,0.0
3026530,0.0
3026531,0.0
3026532,28.464799467152844
3026533,0.0
3026534,38.46989064066482
3026535,0.0
3026536,41.20163063117065
3026537,32.90976580691749
3026538,15.365249536254439
3026539,6.279869493230004
3026540,0.0
3026541,45.19943914915439
3026542,0.0
3026543,0.0
3026544,0.0
3026545,0.0
3026546,0.0
3026547,0.0
3026548,0.0
3026549,0.0
3026550,0.0
3026551,0.0
3026552,0.0
3026553,36.399303685210576
3026554,17.95581689041338
3026555,0.0
3026556,0.0
3026557,13.68598733433673
3026558,0.06506744197538694
3026559,0.0
3026560,0.0
3026561,0.0
3026562,21.8864886857019
3026563,16.779741090198133
3026564,21.177810350683032
3026565,2912.353791055404
3026566,16.779741090198133
3026567,740.4423217684152
3026568,16.779741090198133
3026569,1835.7138165364609
3026570,1037.7765069420627
3026571,307.65398215860864
3026572,453.1934990176604
3026573,234.06911036892703
3026574,5483.008565107788
3026575,69.6541514029357
3026576,19.347393720835292
3026577,16.779741090198133
3026578,16.779741090198133
3026579,18.00264874181708
3026580,16.779741090198133
3026581,16.779741090198133
3026582,27.923747650540463
3026583,55.557618045712324
3026584,150.62601588575686
3026585,16.779741090198133
3026586,627.0370586408471
3026587,351.9082488735294
3026588,16.779741090198133
3026589,16.779741090198133
3026590,408.8654556861105
3026591,276.453890987995
3026592,16.779741090198133
3026593,16.779741090198133
3026594,101.13316369620868
3026595,0.0
3026596,0.0
3026597,0.0
3026598,354.28575295128724
3026599,0.0
3026600,132.37900860239128
3026601,0.0
3026602,395.1351610945418
3026603,113.04966467896749
3026604,73.630553642571
3026605,50.15177667813177
3026606,14.455846758711198
3026607,1075.3613902659513
3026608,2.1638644892800154
3026609,0.0
3026610,0.0
3026611,0.0
3026612,0.0
3026613,0.0
3026614,0.0
3026615,0.0
3026616,0.4994681597457413
3026617,25.01872809652778
3026618,0.0
3026619,89.1678816907153
3026620,75.45365096377209
3026621,0.0
3026622,0.0
3026623,66.71074941114802
3026624,18.06435325855849
3026625,0.0
3026626,0.0
3026627,0.0
3026628,3.993250272288355
3026629,0.0
3026630,0.5707864170365289
3026631,627.0499783087589
3026632,0.0
3026633,295.5352685357435
3026634,0.0
3026635,791.6647163017899
3026636,190.43510247062682
3026637,141.08098303810058
3026638,66.80609335315727
3026639,19.560801921326906
3026640,2296.0956756531905
3026641,9.858324599932947
3026642,0.0
3026643,0.0
3026644,0.0
3026645,0.0
3026646,0.0
3026647,0.0
3026648,0.0
3026649,3.026969782006846
3026650,20.020944213816975
3026651,0.0
3026652,166.40001203419337
3026653,197.7615338978872
3026654,0.0
3026655,0.0
3026656,77.45315189091068
3026657,43.07021937782336
3026658,0.0
3026659,0.0
3026660,3.9542692712716807
3026661,0.0
3026662,0.0
3026663,0.0
3026664,192.85594218188868
3026665,0.0
3026666,102.80544851565595
3026667,0.0
3026668,421.4878746320744
3026669,77.30981466083456
3026670,65.08395567677732
3026671,31.19681501565895
3026672,15.468296116946114
3026673,1106.5064930017022
3026674,2.4254135005480753
3026675,0.0
3026676,0.0
3026677,0.0
3026678,0.0
3026679,0.0
3026680,0.0
3026681,0.0
3026682,0.03769622610055534
3026683,35.03745077192314
3026684,0.0
3026685,95.57602430299801
3026686,120.00540080645258
3026687,0.0
3026688,0.0
3026689,61.527905024708424
3026690,19.544643078448534
3026691,0.0
3026692,0.0
3026693,0.0
3026694,3.7098220880306316
3026695,0.0
3026696,0.18137662502984386
3026697,562.5490633700297
3026698,0.0
3026699,200.23523368055993
3026700,0.0
3026701,839.7118479060089
3026702,151.9105334460702
3026703,139.0041133642436
3026704,86.771427982671
3026705,33.889753656929884
3026706,2204.2928744485525
3026707,7.146138578183461
3026708,0.10431458429202234
3026709,0.0
3026710,0.0
3026711,0.0
3026712,0.0
3026713,0.0
3026714,0.0
3026715,6.272436102232606
3026716,22.543241561589426
3026717,0.0
3026718,166.28802383293916
3026719,175.12932825752205
3026720,0.0
3026721,0.0
3026722,86.30130931548192
3026723,42.01942652718634
3026724,0.0
3026725,0.0
3026726,1.7169654011442388
3026727,2.7181842889739176
3026728,0.0
3026729,0.28489251783990666
3026730,861.8702714296905
3026731,0.0
3026732,531.342195669789
3026733,0.0
3026734,763.665430784876
3026735,175.49927282717778
3026736,203.56715468037203
3026737,62.54366275259572
3026738,30.519381566043663
3026739,2647.040882663722
3026740,13.759998936544166
3026741,1.0245693286772992
3026742,0.0
3026743,0.0
3026744,0.0
3026745,0.0
3026746,0.0
3026747,0.0
3026748,9.252802441538844
3026749,39.65701371562047
3026750,0.0
3026751,193.7712269368876
3026752,251.96322529418896
3026753,0.0
3026754,0.0
3026755,90.44210348864135
3026756,44.57434170543606
3026757,0.0
3026758,0.0
3026759,1.9512585180832849
3026760,0.0
3026761,0.0
3026762,0.0
3026763,507.1139060346821
3026764,0.0
3026765,109.61747729776056
3026766,0.0
3026767,434.13576861332604
3026768,88.18270975134321
3026769,68.01413317266024
3026770,41.94338404565582
3026771,12.06939590119163
3026772,1239.2855683026148
3026773,3.4183280131514415
3026774,0.0
3026775,0.0
3026776,0.0
3026777,0.0
3026778,0.0
3026779,0.0
3026780,0.0
3026781,0.0
3026782,17.044192298600784
3026783,0.0
3026784,93.7181076665732
3026785,85.55508748931463
3026786,0.0
3026787,0.0
3026788,36.487983655313
3026789,16.0454470271261
3026790,0.0
3026791,0.0
3026792,0.0
3026793,0.0
3026794,0.0
3026795,0.0
3026796,25.29493879420231
3026797,0.0
3026798,37.341028952980096
3026799,0.0
3026800,35.684803442935426
3026801,32.11964192338029
3026802,14.283885305018543
3026803,4.672119050053482
3026804,0.0
3026805,42.704698073467526
3026806,0.0
3026807,0.0
3026808,0.0
3026809,0.0
3026810,0.0
3026811,0.0
3026812,0.0
3026813,0.0
3026814,0.0
3026815,0.0
3026816,0.0
3026817,35.30036621263017
3026818,17.53664472953775
3026819,0.0
3026820,0.0
3026821,12.10873402062374
3026822,0.0
3026823,0.0
3026824,0.0
3026825,0.0
3026826,8.7872376506965
3026827,3.226485914841472
3026828,6.7362465797289595
3026829,845.0223130202484
3026830,3.226485914841472
3026831,427.22966005523267
3026832,3.226485914841472
3026833,1220.8557542155336
3026834,528.6483876100158
3026835,131.71338777792613
3026836,175.2153170992015
3026837,140.5401431656659
3026838,3395.015935869059
3026839,51.42807296769959
3026840,5.122439430710857
3026841,3.226485914841472
3026842,3.226485914841472
3026843,3.6120301436971545
3026844,3.226485914841472
3026845,3.226485914841472
3026846,7.464856391817497
3026847,16.731823658226226
3026848,72.44612985554063
3026849,3.226485914841472
3026850,248.38417636582307
3026851,260.73461751356956
3026852,3.226485914841472
3026853,3.226485914841472
3026854,133.95681766149946
3026855,174.35063329101595
3026856,3.226485914841472
3026857,3.226485914841472
3026858,17.647719214062842
3026859,5.448710964448795
3026860,1.1138545310468269
3026861,3.5921995145823598
3026862,578.0552384684516
3026863,1.1138545310468269
3026864,403.7262696118075
3026865,1.1138545310468269
3026866,878.3013763961532
3026867,446.1715290888905
3026868,145.60736782039064
3026869,115.76535647594011
3026870,139.21634217794187
3026871,2784.552902629359
3026872,24.342679367463322
3026873,2.5961864263933823
3026874,1.1138545310468269
3026875,1.1138545310468269
3026876,1.055386916274609
3026877,1.1138545310468269
3026878,1.1138545310468269
3026879,2.9394074900128055
3026880,21.93440586269397
3026881,49.01059863696169
3026882,1.1138545310468269
3026883,199.7075306187442
3026884,237.83625240255358
3026885,1.1138545310468269
3026886,1.1138545310468269
3026887,93.26594609908096
3026888,122.43965033539142
3026889,1.1138545310468269
3026890,1.1138545310468269
3026891,20.17544267490347
3026892,6.460362913017795
3026893,0.0
3026894,0.5137231392387935
3026895,590.2241388768794
3026896,0.0
3026897,622.3669162918594
3026898,0.0
3026899,1017.2561928637
3026900,180.11766538822587
3026901,97.48859785670348
3026902,95.11159958363667
3026903,36.56104991045831
3026904,2493.2082664518084
3026905,24.17739672067289
3026906,0.27738846600074285
3026907,0.0
3026908,0.0
3026909,0.0
3026910,0.0
3026911,0.0
3026912,0.774958623687406
3026913,7.0336420240005
3026914,34.36701248133695
3026915,0.0
3026916,132.9687045442867
3026917,217.18426196857106
3026918,0.0
3026919,0.0
3026920,89.8037437162702
3026921,54.14666563592678
3026922,0.0
3026923,0.0
3026924,9.353072554877706
3026925,6.636823736827891
3026926,2.634146687381433
3026927,5.861792695230777
3026928,901.4394043627562
3026929,2.634146687381433
3026930,287.6483047765487
3026931,2.634146687381433
3026932,837.6705305321947
3026933,381.88239013914676
3026934,161.80539149484252
3026935,140.2119526058288
3026936,75.16220667564303
3026937,2500.713104949732
3026938,30.03965658471574
3026939,4.034928965933433
3026940,2.634146687381433
3026941,2.634146687381433
3026942,2.765143119779893
3026943,2.634146687381433
3026944,2.634146687381433
3026945,8.745551547226345
3026946,18.60892712193847
3026947,39.38291288979815
3026948,2.634146687381433
3026949,354.2041142987062
3026950,188.80160138300494
3026951,2.634146687381433
3026952,2.634146687381433
3026953,222.6499002302986
3026954,84.4341806947177
3026955,2.634146687381433
3026956,2.634146687381433
3026957,26.71508674197073
3026958,2.4907210581129116
3026959,0.0
3026960,0.4429106114469623
3026961,495.3666535182942
3026962,0.0
3026963,213.6813401640568
3026964,0.0
3026965,703.1736880168321
3026966,142.08241245656606
3026967,121.63951825611184
3026968,78.65529567687604
3026969,22.212654932373418
3026970,1974.7199592135635
3026971,9.386606334820932
3026972,0.0
3026973,0.0
3026974,0.0
3026975,0.0
3026976,0.0
3026977,0.0
3026978,0.0
3026979,2.344146868069936
3026980,15.404500991532348
3026981,0.0
3026982,78.00460133777078
3026983,151.9962449237484
3026984,0.0
3026985,0.0
3026986,68.73632735020938
3026987,34.03423190779194
3026988,0.0
3026989,0.0
3026990,2.154911071332026
3026991,2.479129725644161
3026992,0.0
3026993,0.8365606979650675
3026994,474.931121258558
3026995,0.0
3026996,205.78720550555786
3026997,0.0
3026998,541.3207172690952
3026999,206.00937051160582
3027000,121.43288072140307
3027001,86.41986350528553
3027002,60.30870056125498
3027003,1510.9668285824741
3027004,17.966866557889077
3027005,0.0
3027006,0.0
3027007,0.0
3027008,0.0
3027009,0.0
3027010,0.0
3027011,0.14979479258953377
3027012,10.43140825839736
3027013,30.474150387041117
3027014,0.0
3027015,133.5255376630704
3027016,138.20041513323443
3027017,0.0
3027018,0.0
3027019,81.40280764804541
3027020,56.00815557564393
3027021,0.0
3027022,0.0
3027023,4.396895257744957
3027024,0.0
3027025,0.0
3027026,0.0
3027027,26.169589053874873
3027028,0.0
3027029,35.77399044536599
3027030,0.0
3027031,37.51999424717686
3027032,33.084546942076415
3027033,14.96550379778341
3027034,6.792392666386554
3027035,0.0
3027036,54.79453726465434
3027037,0.0
3027038,0.0
3027039,0.0
3027040,0.0
3027041,0.0
3027042,0.0
3027043,0.0
3027044,0.0
3027045,0.0
3027046,0.0
3027047,0.0
3027048,35.47752714532289
3027049,18.690620846059794
3027050,0.0
3027051,0.0
3027052,13.857387111286615
3027053,0.20299145552359543
3027054,0.0
3027055,0.0
3027056,0.0
3027057,2.8997564457478795
3027058,0.0
3027059,0.0
3027060,1001.5520073339806
3027061,0.0
3027062,197.56046320258818
3027063,0.0
3027064,699.8251286214067
3027065,91.70152235681068
3027066,113.69376293726344
3027067,64.08694488380966
3027068,22.62156478178167
3027069,1966.1572351031346
3027070,6.509837346330585
3027071,0.0
3027072,0.0
3027073,0.0
3027074,0.0
3027075,0.0
3027076,0.0
3027077,0.0
3027078,5.233672159903293
3027079,77.01285522885078
3027080,0.0
3027081,137.30270987002388
3027082,153.11099629502132
3027083,0.0
3027084,0.0
3027085,83.68739105024801
3027086,38.506966413594846
3027087,0.0
3027088,0.0
3027089,0.39639149541989194
3027090,35.93148481269397
3027091,24.392899029395583
3027092,27.59335409739252
3027093,3861.593297300088
3027094,24.392899029395583
3027095,897.1392036028509
3027096,24.392899029395583
3027097,2391.3196169595058
3027098,1420.4576948993492
3027099,468.6356317982222
3027100,566.4221554640563
3027101,355.16002795219725
3027102,7055.287723687198
3027103,96.89320264716956
3027104,27.403280426858327
3027105,24.392899029395583
3027106,24.392899029395583
3027107,25.34656829819304
3027108,24.392899029395583
3027109,24.392899029395583
3027110,28.981655324768052
3027111,48.18324785865921
3027112,211.2494848269413
3027113,24.392899029395583
3027114,785.0090091767588
3027115,410.62284238832416
3027116,24.392899029395583
3027117,24.392899029395583
3027118,485.1400282350655
3027119,421.9280084750162
3027120,24.392899029395583
3027121,24.392899029395583
3027122,122.28412299695681
3027123,29.549901767670026
3027124,17.942083825732837
3027125,23.607609341064155
3027126,2445.0745684466356
3027127,17.942083825732837
3027128,670.9703780625503
3027129,17.942083825732837
3027130,2022.6479939890876
3027131,908.8791591496287
3027132,457.1071314321759
3027133,362.1295236860145
3027134,268.45226527799326
3027135,6349.440621330712
3027136,78.43909924937796
3027137,19.016627724510982
3027138,17.942083825732837
3027139,17.942083825732837
3027140,19.07356670853733
3027141,17.942083825732837
3027142,17.942083825732837
3027143,22.77074771152403
3027144,25.612203363579127
3027145,107.89416554430194
3027146,17.942083825732837
3027147,969.0580363032497
3027148,384.7317115423033
3027149,17.942083825732837
3027150,17.942083825732837
3027151,482.3466806950909
3027152,236.19607341474088
3027153,17.942083825732837
3027154,17.942083825732837
3027155,84.67721250567682
3027156,23.38816442765978
3027157,12.876334887209943
3027158,20.935116244896573
3027159,1727.4813486825926
3027160,12.876334887209943
3027161,419.6090051759488
3027162,12.876334887209943
3027163,1893.5329860941458
3027164,572.2781527500855
3027165,557.0032774132006
3027166,187.05814204173427
3027167,202.26564099303968
3027168,5740.512477568606
3027169,47.397194105804815
3027170,13.943436617021662
3027171,12.876334887209943
3027172,12.876334887209943
3027173,14.27375483365549
3027174,12.876334887209943
3027175,12.876334887209943
3027176,16.480277800385206
3027177,44.4796480057699
3027178,64.20684833667113
3027179,12.876334887209943
3027180,1139.6070092351633
3027181,505.72800217047956
3027182,12.876334887209943
3027183,12.876334887209943
3027184,607.5601081632677
3027185,129.5099478176382
3027186,12.876334887209943
3027187,12.876334887209943
3027188,44.85784244331494
3027189,27.251524204845502
3027190,17.36187314803734
3027191,25.110642573569848
3027192,2270.883675750244
3027193,17.36187314803734
3027194,708.452359585332
3027195,17.36187314803734
3027196,2004.647470150235
3027197,901.9374789153013
3027198,476.35321125979976
3027199,298.74890889806994
3027200,235.7331416343913
3027201,6290.787060501223
3027202,61.06216363384615
3027203,18.59599178100169
3027204,17.36187314803734
3027205,17.36187314803734
3027206,17.97650149031885
3027207,17.36187314803734
3027208,17.36187314803734
3027209,27.56502045266452
3027210,24.287072695694512
3027211,85.41780860817138
3027212,17.36187314803734
3027213,851.9806781482025
3027214,455.7258033715461
3027215,17.36187314803734
3027216,17.36187314803734
3027217,594.4854864859819
3027218,225.15948314862092
3027219,17.36187314803734
3027220,17.36187314803734
3027221,76.55994532221774
3027222,17.29263524260137
3027223,9.290723544336549
3027224,15.095848263405344
3027225,1199.119160286936
3027226,9.290723544336549
3027227,450.89388012514166
3027228,9.290723544336549
3027229,1651.4169522887644
3027230,415.8329899228949
3027231,438.2192277168854
3027232,123.75021703836461
3027233,132.7233681023968
3027234,4825.654110958313
3027235,29.185165153853063
3027236,9.964972284610722
3027237,9.290723544336549
3027238,9.290723544336549
3027239,9.232255929564332
3027240,9.290723544336549
3027241,9.290723544336549
3027242,10.602171272048107
3027243,19.578935650165207
3027244,52.92639204863611
3027245,9.290723544336549
3027246,859.7869845960624
3027247,408.5230806599234
3027248,9.290723544336549
3027249,9.290723544336549
3027250,560.1185096840592
3027251,107.81988745124704
3027252,9.290723544336549
3027253,9.290723544336549
3027254,28.16065128488103
3027255,13.295967076989605
3027256,7.262712663345672
3027257,9.873872418795086
3027258,1695.2893950166572
3027259,7.262712663345672
3027260,443.0437067329541
3027261,7.262712663345672
3027262,1043.9412788564337
3027263,660.872305146032
3027264,205.07980619189144
3027265,247.7047366002651
3027266,173.74907910016356
3027267,3312.742085758442
3027268,45.219328144971875
3027269,8.215744215885271
3027270,7.262712663345672
3027271,7.262712663345672
3027272,7.822496149867247
3027273,7.262712663345672
3027274,7.262712663345672
3027275,12.508204449960946
3027276,14.475938716129397
3027277,74.39069324985606
3027278,7.262712663345672
3027279,393.18136003794376
3027280,215.69273580853886
3027281,7.262712663345672
3027282,7.262712663345672
3027283,197.1054772225895
3027284,201.07128097252007
3027285,7.262712663345672
3027286,7.262712663345672
3027287,51.56901612584388
3027288,5.190274711487562
3027289,0.8143459707002969
3027290,5.289773781522771
3027291,679.2197192364528
3027292,0.8143459707002969
3027293,333.2099941789117
3027294,0.8143459707002969
3027295,1070.9164850817506
3027296,314.80285380564897
3027297,230.20782082934068
3027298,139.4447100417877
3027299,100.3587025931652
3027300,2819.8490781994096
3027301,22.95596255406302
3027302,1.7770327503722365
3027303,0.8143459707002969
3027304,0.8143459707002969
3027305,0.8458361862612995
3027306,0.8143459707002969
3027307,0.8143459707002969
3027308,3.3374495193748634
3027309,31.714554765420424
3027310,43.0181145707691
3027311,0.8143459707002969
3027312,311.35769058844096
3027313,229.0631987830929
3027314,0.8143459707002969
3027315,0.8143459707002969
3027316,183.87981863736266
3027317,94.91988807712815
3027318,0.8143459707002969
3027319,0.8143459707002969
3027320,12.638856863123394
3027321,13.196365760196208
3027322,6.096250297561821
3027323,9.941351497985497
3027324,1212.9248466111276
3027325,6.096250297561821
3027326,450.844617723791
3027327,6.096250297561821
3027328,1422.6899505491094
3027329,473.4096555005574
3027330,334.8071329025745
3027331,116.95508551250745
3027332,126.42067038546787
3027333,4863.215987363201
3027334,41.34338745047653
3027335,6.902993287865563
3027336,6.096250297561821
3027337,6.096250297561821
3027338,6.59121713636711
3027339,6.096250297561821
3027340,6.096250297561821
3027341,6.744213767688693
3027342,16.941535373913965
3027343,84.23529814204034
3027344,6.096250297561821
3027345,833.3254980436751
3027346,328.1479237648888
3027347,6.096250297561821
3027348,6.096250297561821
3027349,251.9770232397802
3027350,141.05705725090846
3027351,6.096250297561821
3027352,6.096250297561821
3027353,24.66177742254627
3027354,17.581331196281695
3027355,10.328750200282938
3027356,14.191559785148868
3027357,2198.5530555287296
3027358,10.328750200282938
3027359,641.2381496312562
3027360,10.328750200282938
3027361,1444.8530055529227
3027362,855.399376340042
3027363,250.33128606819506
3027364,319.7577925250429
3027365,154.0858198798546
3027366,4000.1631084355486
3027367,42.31218513737876
3027368,11.965383704973133
3027369,10.328750200282938
3027370,10.328750200282938
3027371,10.843660623000929
3027372,10.328750200282938
3027373,10.328750200282938
3027374,13.544885375803332
3027375,19.100341783407288
3027376,92.49548608340035
3027377,10.328750200282938
3027378,585.4345638176104
3027379,254.52048726446498
3027380,10.328750200282938
3027381,10.328750200282938
3027382,383.7085264238796
3027383,184.87282491484254
3027384,10.328750200282938
3027385,10.328750200282938
3027386,78.06506239446651
3027387,0.0
3027388,0.0
3027389,0.0
3027390,26.853849505281577
3027391,0.0
3027392,38.0946393975727
3027393,0.0
3027394,35.83501757099147
3027395,33.64069548099023
3027396,14.007106489857383
3027397,6.178914311607146
3027398,0.0
3027399,45.56944743426786
3027400,0.0
3027401,0.0
3027402,0.0
3027403,0.0
3027404,0.0
3027405,0.0
3027406,0.0
3027407,0.0
3027408,0.0
3027409,0.0
3027410,0.0
3027411,36.317668293645724
3027412,17.05475177931732
3027413,0.0
3027414,0.0
3027415,13.478969889652731
3027416,0.0
3027417,0.0
3027418,0.0
3027419,0.0
3027420,0.0
3027421,0.0
3027422,0.0
3027423,27.22618042221099
3027424,0.0
3027425,39.00288342013296
3027426,0.0
3027427,37.69625205314321
3027428,31.796568842661642
3027429,14.078406920307124
3027430,5.1152628603842345
3027431,0.0
3027432,44.82632512825148
3027433,0.0
3027434,0.0
3027435,0.0
3027436,0.0
3027437,0.0
3027438,0.0
3027439,0.0
3027440,0.0
3027441,0.0
3027442,0.0
3027443,0.0
3027444,33.9970569963031
3027445,17.58822552747829
3027446,0.0
3027447,0.0
3027448,12.793975987349967
3027449,0.0
3027450,0.0
3027451,0.0
3027452,0.0
3027453,0.8988465321406447
3027454,0.0
3027455,0.0
3027456,358.57405706876153
3027457,0.0
3027458,171.64841493161438
3027459,0.0
3027460,680.9652660851591
3027461,75.2276447301574
3027462,104.50538904033152
3027463,42.039250820692665
3027464,15.204819148370042
3027465,1743.7782260085146
3027466,6.310717463017507
3027467,0.0
3027468,0.0
3027469,0.0
3027470,0.0
3027471,0.0
3027472,0.0
3027473,0.0
3027474,0.32267876713883625
3027475,20.161270336144593
3027476,0.0
3027477,73.85689213933657
3027478,134.50821754302748
3027479,0.0
3027480,0.0
3027481,42.88880230714557
3027482,43.4336005636601
3027483,0.0
3027484,0.0
3027485,0.04993640742157268
3027486,10.760124217919941
3027487,6.918651869510715
3027488,10.498025139198257
3027489,1065.6801477950255
3027490,6.918651869510715
3027491,368.23227724329263
3027492,6.918651869510715
3027493,1109.4112252855589
3027494,429.7755838910882
3027495,249.22400255910958
3027496,191.52901804884067
3027497,131.00644685749975
3027498,3571.080649953862
3027499,45.32882955979921
3027500,7.324394283118924
3027501,6.918651869510715
3027502,6.918651869510715
3027503,7.014747030061944
3027504,6.918651869510715
3027505,6.918651869510715
3027506,12.854072947696505
3027507,18.20966417513087
3027508,49.945843272691064
3027509,6.918651869510715
3027510,394.44327146700186
3027511,246.65038586228548
3027512,6.918651869510715
3027513,6.918651869510715
3027514,334.12962020750325
3027515,120.5287320806425
3027516,6.918651869510715
3027517,6.918651869510715
3027518,39.626449957018316
3027519,9.17452240005039
3027520,4.894380239418453
3027521,7.103736134931404
3027522,1468.3462209878953
3027523,4.894380239418453
3027524,430.69322251800685
3027525,4.894380239418453
3027526,971.5348334354252
3027527,620.1749700615655
3027528,162.1571434861568
3027529,245.66472812906798
3027530,140.13682407460763
3027531,2761.601727420615
3027532,35.502645709828904
3027533,6.068536278590146
3027534,4.894380239418453
3027535,4.894380239418453
3027536,5.184387182917718
3027537,4.894380239418453
3027538,4.894380239418453
3027539,9.59301024961475
3027540,15.285438320977885
3027541,71.00307347145437
3027542,4.894380239418453
3027543,442.65073949547036
3027544,161.20703020891992
3027545,4.894380239418453
3027546,4.894380239418453
3027547,226.03539569390583
3027548,123.27413779432067
3027549,4.894380239418453
3027550,4.894380239418453
3027551,52.34843216124549
3027552,14.47703731539183
3027553,9.967834783695867
3027554,12.47234187140577
3027555,1581.2691827273895
3027556,9.967834783695867
3027557,466.35137340364247
3027558,9.967834783695867
3027559,1256.5988708886628
3027560,787.8317693348291
3027561,228.0389564925835
3027562,279.3031159983114
3027563,149.34897708599655
3027564,3462.1608580232532
3027565,46.82785982229667
3027566,11.18942806174563
3027567,9.967834783695867
3027568,9.967834783695867
3027569,10.407956766741222
3027570,9.967834783695867
3027571,9.967834783695867
3027572,16.802842079334464
3027573,35.723083668825396
3027574,104.5994427501199
3027575,9.967834783695867
3027576,463.9442366039574
3027577,249.3884191894803
3027578,9.967834783695867
3027579,9.967834783695867
3027580,233.02675519574066
3027581,214.86347224829058
3027582,9.967834783695867
3027583,9.967834783695867
3027584,59.63625114018476
3027585,12.457192436946682
3027586,5.232997413010976
3027587,8.594904498313902
3027588,810.2773924638877
3027589,5.232997413010976
3027590,502.73526807459217
3027591,5.232997413010976
3027592,1399.8447092492352
3027593,274.0073973170031
3027594,363.68121057203405
3027595,110.75577811584037
3027596,44.903475753555696
3027597,4376.772934494938
3027598,19.088147871562672
3027599,6.207183409915121
3027600,5.232997413010976
3027601,5.232997413010976
3027602,5.189487486173285
3027603,5.232997413010976
3027604,5.232997413010976
3027605,5.63617713297122
3027606,16.61165860427922
3027607,30.596181594983484
3027608,5.232997413010976
3027609,321.4422411304915
3027610,311.74837473230167
3027611,5.232997413010976
3027612,5.232997413010976
3027613,329.2521647660967
3027614,66.42902132407092
3027615,5.232997413010976
3027616,5.232997413010976
3027617,19.392021374557558
3027618,1.8738694474162867
3027619,0.0
3027620,0.7059003997108757
3027621,799.6998909995154
3027622,0.0
3027623,277.7580415952244
3027624,0.0
3027625,700.760188410341
3027626,345.115188487424
3027627,122.30271941879448
3027628,125.59611531875572
3027629,67.08829326906154
3027630,1719.1600108520354
3027631,24.566194494194104
3027632,0.6726537152713439
3027633,0.0
3027634,0.0
3027635,0.0
3027636,0.0
3027637,0.0
3027638,0.7976231180365745
3027639,11.417719721617864
3027640,68.32812848951612
3027641,0.0
3027642,262.65471380969944
3027643,114.72940756303618
3027644,0.0
3027645,0.0
3027646,151.01747968583965
3027647,65.64010383843629
3027648,0.0
3027649,0.0
3027650,16.958157213589722
3027651,2.256334815121123
3027652,0.0
3027653,0.0
3027654,361.42973526839705
3027655,0.0
3027656,122.37137753625578
3027657,0.0
3027658,692.5738310475921
3027659,108.0844985998697
3027660,157.3183644869798
3027661,34.39791686356415
3027662,17.096719595948358
3027663,1694.8246194761637
3027664,5.3388895083546375
3027665,0.0
3027666,0.0
3027667,0.0
3027668,0.0
3027669,0.0
3027670,0.0
3027671,0.0
3027672,2.9623506360099725
3027673,10.060903397173421
3027674,0.0
3027675,202.1451188701025
3027676,129.77988738225804
3027677,0.0
3027678,0.0
3027679,92.9254220576801
3027680,22.502267383129627
3027681,0.0
3027682,0.0
3027683,4.797690602058863
3027684,10.992303529396972
3027685,5.6797046926033765
3027686,9.18337776839557
3027687,1751.1525726496097
3027688,5.6797046926033765
3027689,556.3331232828776
3027690,5.6797046926033765
3027691,1608.4620382582345
3027692,180.85728790247109
3027693,270.7141988462913
3027694,69.59731782315315
3027695,39.90421675851066
3027696,4506.9481109740855
3027697,25.797479298901585
3027698,6.717874507221557
3027699,5.6797046926033765
3027700,5.6797046926033765
3027701,5.6120208720937335
3027702,5.6797046926033765
3027703,5.6797046926033765
3027704,6.908103748456687
3027705,15.937232062285368
3027706,30.178292838029414
3027707,5.6797046926033765
3027708,609.2368631387626
3027709,303.906251524783
3027710,5.6797046926033765
3027711,5.6797046926033765
3027712,371.95057516886675
3027713,38.23226476240737
3027714,5.6797046926033765
3027715,5.6797046926033765
3027716,14.213951630292248
3027717,2.4423805712839557
3027718,0.0
3027719,0.024158919163373094
3027720,545.687716803203
3027721,0.0
3027722,219.43413097287262
3027723,0.0
3027724,695.468820196543
3027725,132.6272559888523
3027726,123.62222119727419
3027727,44.58809386212741
3027728,20.511315563447987
3027729,1688.8930101936714
3027730,7.500174399482132
3027731,0.1378305130300408
3027732,0.0
3027733,0.0
3027734,0.0
3027735,0.0
3027736,0.0
3027737,0.0
3027738,5.320533811413844
3027739,20.34535809155172
3027740,0.0
3027741,160.52245351061768
3027742,113.13465979013348
3027743,0.0
3027744,0.0
3027745,82.91363654916499
3027746,25.62206647584304
3027747,0.0
3027748,0.0
3027749,3.2453254835566074
3027750,1.585728412953857
3027751,0.0
3027752,0.0
3027753,614.2145364127217
3027754,0.0
3027755,214.30051415002245
3027756,0.0
3027757,632.3846505439973
3027758,120.38488212192647
3027759,107.53919217163624
3027760,36.261386022366786
3027761,17.782733325325566
3027762,1762.270292522382
3027763,6.506115840358973
3027764,0.0
3027765,0.0
3027766,0.0
3027767,0.0
3027768,0.0
3027769,0.0
3027770,0.0
3027771,4.3445631547889985
3027772,15.269577515147692
3027773,0.0
3027774,161.16576331749138
3027775,127.12997549688137
3027776,0.0
3027777,0.0
3027778,88.74191123106264
3027779,23.25431040891037
3027780,0.0
3027781,0.0
3027782,4.253089770360825
3027783,1.4164375043270931
3027784,0.0
3027785,1.303173799085506
3027786,389.0909689117273
3027787,0.0
3027788,208.95991700580288
3027789,0.0
3027790,914.1138330485121
3027791,137.22324653083024
3027792,123.75103403582413
3027793,43.57878231961203
3027794,30.119737450881956
3027795,2004.8482717046866
3027796,7.446680879814696
3027797,0.0
3027798,0.0
3027799,0.0
3027800,0.0
3027801,0.0
3027802,0.0
3027803,0.0
3027804,6.777907968239822
3027805,31.480899718342563
3027806,0.0
3027807,355.4009978179454
3027808,222.1750473926991
3027809,0.0
3027810,0.0
3027811,75.97354260021051
3027812,30.201295073542205
3027813,0.0
3027814,0.0
3027815,9.65295365696946
3027816,2.029035944982136
3027817,0.0
3027818,0.16550907014465555
3027819,538.3458566752686
3027820,0.0
3027821,177.71590202986152
3027822,0.0
3027823,741.3259237770333
3027824,128.9587643111005
3027825,166.26285791160709
3027826,50.69757139163579
3027827,24.36059599688196
3027828,1939.8290710890267
3027829,11.339059072288096
3027830,0.0
3027831,0.0
3027832,0.0
3027833,0.0
3027834,0.0
3027835,0.0
3027836,0.0
3027837,3.075357872484717
3027838,24.111436811895416
3027839,0.0
3027840,135.7913333041861
3027841,146.4979311178577
3027842,0.0
3027843,0.0
3027844,63.97862149780019
3027845,27.539237079147178
3027846,0.0
3027847,0.0
3027848,7.366734369141774
3027849,3.2434260946125404
3027850,0.0
3027851,0.0
3027852,338.2984500180875
3027853,0.0
3027854,182.2618612242477
3027855,0.0
3027856,790.6606739740598
3027857,116.13102739608817
3027858,147.45139694403582
3027859,79.69940844861914
3027860,20.717233015545133
3027861,1971.0254569927981
3027862,6.883298376642639
3027863,0.0
3027864,0.0
3027865,0.0
3027866,0.0
3027867,0.0
3027868,0.0
3027869,0.0
3027870,3.075340065713366
3027871,21.48437415658507
3027872,0.0
3027873,108.30513154045582
3027874,156.7974923144602
3027875,0.0
3027876,0.0
3027877,81.27745935467239
3027878,38.790853213393376
3027879,0.0
3027880,0.0
3027881,3.7762620707976717
3027882,1.2985865358045667
3027883,0.0
3027884,0.0
3027885,738.3175189437711
3027886,0.0
3027887,166.67606855429085
3027888,0.0
3027889,707.5030755089904
3027890,160.88276377380726
3027891,186.07056626625402
3027892,64.64149609080998
3027893,30.743928004716807
3027894,2059.803527684554
3027895,6.394360048897106
3027896,0.0
3027897,0.0
3027898,0.0
3027899,0.0
3027900,0.0
3027901,0.0
3027902,0.0
3027903,2.1762227599061243
3027904,21.408546988583645
3027905,0.0
3027906,187.73819076415833
3027907,128.55815505642175
3027908,0.0
3027909,0.0
3027910,156.63402459285467
3027911,39.12842211347767
3027912,0.0
3027913,0.0
3027914,7.748175196773719
3027915,2.5067075782396655
3027916,0.0
3027917,0.2818639586520595
3027918,605.4362421262099
3027919,0.0
3027920,582.4982975736209
3027921,0.0
3027922,508.31480187132223
3027923,203.90019284260632
3027924,124.75626898942095
3027925,97.73187172701091
3027926,38.71781745340755
3027927,1500.9107175220395
3027928,15.426748862071303
3027929,0.0
3027930,0.0
3027931,0.0
3027932,0.0
3027933,0.0
3027934,0.0
3027935,0.0
3027936,5.88045959806573
3027937,41.75786119975745
3027938,0.0
3027939,165.45623925362386
3027940,96.59589972827894
3027941,0.0
3027942,0.0
3027943,106.0769474244837
3027944,43.62717528429967
3027945,0.0
3027946,0.0
3027947,11.179159697198704
3027948,1.928661153408798
3027949,0.0
3027950,0.0
3027951,811.8454493442175
3027952,0.0
3027953,168.93569964169106
3027954,0.0
3027955,700.1542091014055
3027956,99.68776207691123
3027957,114.5252399081303
3027958,43.49202179400132
3027959,21.21757528476322
3027960,1664.5777776116283
3027961,7.418676764070609
3027962,0.106267021545978
3027963,0.0
3027964,0.0
3027965,0.0
3027966,0.0
3027967,0.0
3027968,0.0
3027969,1.5825806166188991
3027970,39.42932803142372
3027971,0.0
3027972,125.47627750629425
3027973,122.0903597811453
3027974,0.0
3027975,0.0
3027976,70.67097110052798
3027977,33.732527124342674
3027978,0.0
3027979,0.0
3027980,12.051544284135863
3027981,6.518087692671356
3027982,3.0468593818240635
3027983,5.556035249532717
3027984,927.6287770944713
3027985,3.0468593818240635
3027986,269.8109074768885
3027987,3.0468593818240635
3027988,853.7028196612164
3027989,340.97015936212887
3027990,145.77894684971554
3027991,132.73256802209025
3027992,63.49836079723633
3027993,2311.1753160775424
3027994,23.689158159146963
3027995,3.759400006348108
3027996,3.0468593818240635
3027997,3.0468593818240635
3027998,2.9791755613144204
3027999,3.0468593818240635
3028000,3.0468593818240635
3028001,7.167744869679879
3028002,21.755658502227437
3028003,42.32086676307807
3028004,3.0468593818240635
3028005,405.8669949001489
3028006,154.56159460325264
3028007,3.0468593818240635
3028008,3.0468593818240635
3028009,187.22084427988767
3028010,84.66710538369593
3028011,3.0468593818240635
3028012,3.0468593818240635
3028013,18.697693027216364
3028014,0.0
3028015,0.0
3028016,0.0
3028017,25.201182108877532
3028018,0.0
3028019,35.586620992336414
3028020,0.0
3028021,38.65590961058443
3028022,34.59261942278111
3028023,14.652028227343354
3028024,6.374010195437802
3028025,0.0
3028026,0.1195502358579077
3028027,0.0
3028028,0.0
3028029,0.0
3028030,0.0
3028031,0.0
3028032,0.0
3028033,0.0
3028034,0.0
3028035,0.0
3028036,0.0
3028037,0.0
3028038,37.21348160299707
3028039,17.5555505323879
3028040,0.0
3028041,0.0
3028042,13.730088980620224
3028043,0.0
3028044,0.0
3028045,0.0
3028046,0.0
3028047,0.0
3028048,0.0
3028049,0.0
3028050,27.161968607114883
3028051,0.0
3028052,38.39241711426087
3028053,0.0
3028054,39.32889544904523
3028055,33.15517650513182
3028056,14.323730664510807
3028057,5.532895184592908
3028058,0.0
3028059,6.670346815241736
3028060,0.0
3028061,0.0
3028062,0.0
3028063,0.0
3028064,0.0
3028065,0.0
3028066,0.0
3028067,0.0
3028068,0.0
3028069,0.0
3028070,0.0
3028071,35.417293099625375
3028072,17.791096189679514
3028073,0.0
3028074,0.0
3028075,12.29984049989149
3028076,0.0
3028077,0.0
3028078,0.0
3028079,0.0
3028080,0.0
3028081,0.0
3028082,0.0
3028083,26.891475295398184
3028084,0.0
3028085,36.24214071157045
3028086,0.0
3028087,39.30778940858055
3028088,33.269732757040074
3028089,15.094198302211733
3028090,5.717990069269758
3028091,0.0
3028092,0.6776984230855128
3028093,0.0
3028094,0.0
3028095,0.0
3028096,0.0
3028097,0.0
3028098,0.0
3028099,0.0
3028100,0.0
3028101,0.0
3028102,0.0
3028103,0.0
3028104,34.11625926523266
3028105,18.13411312994416
3028106,0.0
3028107,0.0
3028108,12.920184453140038
3028109,0.0
3028110,0.0
3028111,0.0
3028112,0.0
3028113,1.2896157002377735
3028114,0.0
3028115,0.0
3028116,509.41133712811137
3028117,0.0
3028118,235.59994076874202
3028119,0.0
3028120,600.3645579272999
3028121,227.66752270039137
3028122,122.06063712862552
3028123,57.3991102188415
3028124,57.41934335101
3028125,1684.9131897346447
3028126,14.186371703904205
3028127,0.0
3028128,0.0
3028129,0.0
3028130,0.0
3028131,0.0
3028132,0.0
3028133,0.0
3028134,6.533771197432266
3028135,42.986942879565625
3028136,0.0
3028137,742.1682415936945
3028138,126.37049822654993
3028139,0.0
3028140,0.0
3028141,123.09701290252373
3028142,42.689190659537566
3028143,0.0
3028144,0.0
3028145,14.197395398579014
3028146,11.767169954900636
3028147,8.532732311539606
3028148,10.197443521399343
3028149,1606.526022362295
3028150,8.532732311539606
3028151,456.82922657065336
3028152,8.532732311539606
3028153,1070.6071853652265
3028154,576.3366537905401
3028155,204.11989245391794
3028156,186.14353014111137
3028157,101.76984956625414
3028158,3059.418134908511
3028159,24.796163809843442
3028160,8.849596104471045
3028161,8.532732311539606
3028162,8.532732311539606
3028163,8.465048491029961
3028164,8.532732311539606
3028165,8.532732311539606
3028166,12.36673764275949
3028167,19.905533025461818
3028168,77.05319114369556
3028169,8.532732311539606
3028170,379.2780438460385
3028171,206.32573981553526
3028172,8.532732311539606
3028173,8.532732311539606
3028174,250.32107784611318
3028175,126.8790945335002
3028176,8.532732311539606
3028177,8.532732311539606
3028178,39.657960015920686
3028179,1.0465767431168769
3028180,0.0
3028181,0.16272462496148066
3028182,1429.3489767790043
3028183,0.0
3028184,271.8982062604523
3028185,0.0
3028186,639.4844316682248
3028187,337.21803774024215
3028188,154.88541654836382
3028189,132.69738450630064
3028190,60.711886820745335
3028191,1844.3384528924626
3028192,14.623694676714404
3028193,0.0
3028194,0.0
3028195,0.0
3028196,0.0
3028197,0.0
3028198,0.0
3028199,4.265405502710214
3028200,25.37854250720466
3028201,100.35881371630528
3028202,0.0
3028203,301.1308746921546
3028204,117.52649484706
3028205,0.0
3028206,0.0
3028207,127.72342667998751
3028208,72.46236726150252
3028209,0.0
3028210,0.0
3028211,5.471355813210101
3028212,2.5771476173853394
3028213,0.0
3028214,0.12302705377959144
3028215,373.4566553682384
3028216,0.0
3028217,224.0080289870673
3028218,0.0
3028219,551.9311270623898
3028220,162.6119382415425
3028221,101.73719085925298
3028222,61.1452184693881
3028223,37.7489507831003
3028224,1600.817875513866
3028225,9.80826715165654
3028226,0.20698706038266135
3028227,0.0
3028228,0.0
3028229,0.0
3028230,0.0
3028231,0.0
3028232,0.0
3028233,7.883555587221625
3028234,24.540700156714085
3028235,0.0
3028236,349.39660856490354
3028237,172.28846179127729
3028238,0.0
3028239,0.0
3028240,139.71060271538
3028241,35.207798950620024
3028242,0.0
3028243,0.0
3028244,2.964880710493638
3028245,2.8579210955057226
3028246,0.0
3028247,0.2892278856966395
3028248,735.1221981538702
3028249,0.0
3028250,300.99146418814826
3028251,0.0
3028252,529.9016115768611
3028253,265.81584828252375
3028254,136.72901750460858
3028255,135.9346058947246
3028256,45.70338936042575
3028257,1652.7527688589257
3028258,20.87334189417
3028259,0.2790884548797721
3028260,0.0
3028261,0.0
3028262,0.0
3028263,0.0
3028264,0.0
3028265,0.0
3028266,11.237971696415048
3028267,49.98673652850799
3028268,0.0
3028269,154.23799924406077
3028270,119.46993810318115
3028271,0.0
3028272,0.0
3028273,155.0371171070338
3028274,59.09950292857611
3028275,0.0
3028276,0.0
3028277,13.32850232723794
3028278,1.8889895776679029
3028279,0.0
3028280,0.19306637573833618
3028281,552.3081824473029
3028282,0.0
3028283,334.53520197711725
3028284,0.0
3028285,567.7317224699963
3028286,176.10583072129762
3028287,154.09624350897585
3028288,72.45613298054762
3028289,35.26870467145103
3028290,1654.5949793093414
3028291,11.125002637816518
3028292,0.0
3028293,0.0
3028294,0.0
3028295,0.0
3028296,0.0
3028297,0.0
3028298,0.0
3028299,2.177524565043023
3028300,71.67535138948546
3028301,0.0
3028302,123.7484984559057
3028303,148.30420128287608
3028304,0.0
3028305,0.0
3028306,114.40052595532353
3028307,44.365774848959475
3028308,0.0
3028309,0.0
3028310,5.758751191995852
3028311,0.0
3028312,0.0
3028313,0.0
3028314,28.44098794471406
3028315,0.0
3028316,38.36485978361328
3028317,0.0
3028318,41.270772768846854
3028319,32.804734533149244
3028320,15.260218679202893
3028321,6.174838636178457
3028322,0.0
3028323,0.0
3028324,0.0
3028325,0.0
3028326,0.0
3028327,0.0
3028328,0.0
3028329,0.0
3028330,0.0
3028331,0.0
3028332,0.0
3028333,0.0
3028334,0.0
3028335,36.29427282815903
3028336,17.850785616645137
3028337,0.0
3028338,0.0
3028339,13.580956477285184
3028340,0.0
3028341,0.0
3028342,0.0
3028343,0.0
3028344,21.26514347318767
3028345,16.782191791572068
3028346,20.097991558434238
3028347,2660.3683349624307
3028348,16.782191791572068
3028349,598.0059437712157
3028350,16.782191791572068
3028351,1636.077192126533
3028352,897.6443000050007
3028353,256.413419433992
3028354,374.0890361384437
3028355,200.2747218035374
3028356,4782.483410035753
3028357,65.81675435782272
3028358,18.469889312096342
3028359,16.782191791572068
3028360,16.782191791572068
3028361,17.158252713120064
3028362,16.782191791572068
3028363,16.782191791572068
3028364,24.850155894960256
3028365,55.957468686859436
3028366,135.89944339904517
3028367,16.782191791572068
3028368,502.7307684229086
3028369,295.40452486081176
3028370,16.782191791572068
3028371,16.782191791572068
3028372,390.83119417281335
3028373,265.5371452641381
3028374,16.782191791572068
3028375,16.782191791572068
3028376,79.70745733221823
3028377,0.0
3028378,0.0
3028379,0.0
3028380,341.29533617556524
3028381,0.0
3028382,125.80597023526029
3028383,0.0
3028384,369.90701831417357
3028385,107.41394705631147
3028386,75.03605681740525
3028387,51.61193081277125
3028388,22.510522099693677
3028389,991.4121452277011
3028390,1.738614700907759
3028391,0.0
3028392,0.0
3028393,0.0
3028394,0.0
3028395,0.0
3028396,0.0
3028397,0.0
3028398,0.0
3028399,24.357475898953016
3028400,0.0
3028401,95.63757654275635
3028402,76.30923834506905
3028403,0.0
3028404,0.0
3028405,85.6896135055126
3028406,17.127613190014866
3028407,0.0
3028408,0.0
3028409,0.0
3028410,4.2110855527068
3028411,0.0
3028412,0.5688129935983803
3028413,597.6075126575964
3028414,0.0
3028415,306.7671568961488
3028416,0.0
3028417,778.2733091496638
3028418,199.64722530067135
3028419,150.44520160055143
3028420,64.7247319778905
3028421,25.734406243930604
3028422,2303.6480181336065
3028423,10.618718536245325
3028424,0.0
3028425,0.0
3028426,0.0
3028427,0.0
3028428,0.0
3028429,0.0
3028430,0.0
3028431,2.6790582157239005
3028432,18.871108098670938
3028433,0.0
3028434,215.72902105511977
3028435,186.17069428748556
3028436,0.0
3028437,0.0
3028438,91.68415436614777
3028439,46.179888403408285
3028440,0.0
3028441,0.0
3028442,6.550196887036298
3028443,0.0
3028444,0.0
3028445,0.0
3028446,189.9809953922237
3028447,0.0
3028448,108.07734501306933
3028449,0.0
3028450,428.6224828821097
3028451,81.95458262010656
3028452,99.76831816901323
3028453,33.06368734788689
3028454,13.270784503363323
3028455,1102.674705438291
3028456,1.4319495862877036
3028457,0.0
3028458,0.0
3028459,0.0
3028460,0.0
3028461,0.0
3028462,0.0
3028463,0.0
3028464,0.0
3028465,179.96556261959645
3028466,0.0
3028467,112.39887768228043
3028468,119.06221343740411
3028469,0.0
3028470,0.0
3028471,79.44601797748534
3028472,19.56674026976186
3028473,0.0
3028474,0.0
3028475,0.0
3028476,3.456909497805065
3028477,0.0
3028478,0.002636468190914565
3028479,523.4002061181744
3028480,0.0
3028481,185.08357317940482
3028482,0.0
3028483,794.5898923979275
3028484,150.9558072891865
3028485,138.59171834513754
3028486,72.89637893883545
3028487,28.78214137546123
3028488,1982.7684144933771
3028489,8.40177350156307
3028490,0.0
3028491,0.0
3028492,0.0
3028493,0.0
3028494,0.0
3028495,0.0
3028496,0.0
3028497,6.011132565640596
3028498,33.02023430676881
3028499,0.0
3028500,219.05580769148077
3028501,164.15198566179188
3028502,0.0
3028503,0.0
3028504,101.48061754374567
3028505,33.402045319255926
3028506,0.0
3028507,0.0
3028508,1.3026937845297346
3028509,2.4537884588555654
3028510,0.0
3028511,0.5444016390349748
3028512,870.8682980790951
3028513,0.0
3028514,524.1810507654026
3028515,0.0
3028516,782.9171462227181
3028517,199.0140092323994
3028518,207.50208639788613
3028519,57.07417497622988
3028520,34.64340305894588
3028521,2558.869256383756
3028522,11.267717725029504
3028523,0.3770699847094867
3028524,0.0
3028525,0.0
3028526,0.0
3028527,0.0
3028528,0.0
3028529,0.0
3028530,9.72650519802461
3028531,65.43528159362695
3028532,0.0
3028533,205.93431153635734
3028534,250.78475500119112
3028535,0.0
3028536,0.0
3028537,118.26474068638313
3028538,41.796193689948964
3028539,0.0
3028540,0.0
3028541,2.0312911520795236
3028542,0.0
3028543,0.0
3028544,0.0
3028545,486.07433955179675
3028546,0.0
3028547,117.24634584293815
3028548,0.0
3028549,450.9448405124741
3028550,95.94442914583539
3028551,74.6969623193716
3028552,47.39873485743572
3028553,18.352364025009948
3028554,1207.9560536019815
3028555,4.565774248996767
3028556,0.0
3028557,0.0
3028558,0.0
3028559,0.0
3028560,0.0
3028561,0.0
3028562,0.0
3028563,0.0
3028564,23.65148214157841
3028565,0.0
3028566,137.2797394610296
3028567,91.23633958458393
3028568,0.0
3028569,0.0
3028570,45.527854734576515
3028571,18.8959251943814
3028572,0.0
3028573,0.0
3028574,0.0
3028575,0.0
3028576,0.0
3028577,0.0
3028578,25.271127271763522
3028579,0.0
3028580,37.23599767921185
3028581,0.0
3028582,35.75394558061163
3028583,32.01461106632874
3028584,14.178854447966998
3028585,4.567088401360285
3028586,0.0
3028587,5.899653003020621
3028588,0.0
3028589,0.0
3028590,0.0
3028591,0.0
3028592,0.0
3028593,0.0
3028594,0.0
3028595,0.0
3028596,0.0
3028597,0.0
3028598,0.0
3028599,35.19533577229533
3028600,17.431613872486203
3028601,0.0
3028602,0.0
3028603,12.003703163572194
3028604,0.0
3028605,0.0
3028606,0.0
3028607,0.0
3028608,9.411226288252607
3028609,3.228936824573756
3028610,6.674259089180092
3028611,779.5482207608854
3028612,3.228936824573756
3028613,377.61406882496993
3028614,3.228936824573756
3028615,1045.726532126521
3028616,485.72394368498516
3028617,117.36553612159395
3028618,145.2498110518906
3028619,137.0466841670574
3028620,2854.332417822444
3028621,50.5612828473928
3028622,4.497597487554461
3028623,3.228936824573756
3028624,3.228936824573756
3028625,3.290886299496681
3028626,3.228936824573756
3028627,3.228936824573756
3028628,7.17366783757841
3028629,20.684255975171798
3028630,82.78737567108384
3028631,3.228936824573756
3028632,219.82715560806454
3028633,221.01143094059069
3028634,3.228936824573756
3028635,3.228936824573756
3028636,120.0971316760008
3028637,163.23577113118745
3028638,3.228936824573756
3028639,3.228936824573756
3028640,17.47720745991786
3028641,5.8307728233301805
3028642,1.1163054147343168
3028643,3.150854562604777
3028644,546.706327733773
3028645,1.1163054147343168
3028646,329.30790275657455
3028647,1.1163054147343168
3028648,821.6294038559072
3028649,394.37318390457494
3028650,133.56067634995767
3028651,93.09672735919348
3028652,106.50671856821974
3028653,2499.905727469788
3028654,20.60288339696683
3028655,2.531820499573798
3028656,1.1163054147343168
3028657,1.1163054147343168
3028658,1.0486215942246733
3028659,1.1163054147343168
3028660,1.1163054147343168
3028661,3.1066522596206845
3028662,24.404618694342467
3028663,63.483175979330184
3028664,1.1163054147343168
3028665,169.51787012208132
3028666,202.83980997163397
3028667,1.1163054147343168
3028668,1.1163054147343168
3028669,81.76810447663755
3028670,116.69313965090693
3028671,1.1163054147343168
3028672,1.1163054147343168
3028673,14.8024021552656
3028674,7.589361053883712
3028675,0.0
3028676,0.4123509624106534
3028677,588.6238435975567
3028678,0.0
3028679,618.2985638225978
3028680,0.0
3028681,929.500856608606
3028682,190.733426054351
3028683,111.36473832505577
3028684,86.90585930763449
3028685,38.76066314151061
3028686,2409.3867636549667
3028687,23.475976042257248
3028688,0.14920303159331771
3028689,0.0
3028690,0.0
3028691,0.0
3028692,0.0
3028693,0.0
3028694,0.6114727939415694
3028695,8.258697264053174
3028696,36.74799264626948
3028697,0.0
3028698,160.34947943020532
3028699,196.55217397959484
3028700,0.0
3028701,0.0
3028702,91.55942749191857
3028703,57.002887845681194
3028704,0.0
3028705,0.0
3028706,20.264957408749105
3028707,5.456818313592249
3028708,2.6365976492033036
3028709,4.8639389118232375
3028710,751.5969149272141
3028711,2.6365976492033036
3028712,243.73020726670154
3028713,2.6365976492033036
3028714,779.2687924108013
3028715,294.6558559749291
3028716,141.30285998637214
3028717,109.8163632765931
3028718,62.23201382040241
3028719,2107.2389381024104
3028720,29.20028103025792
3028721,3.2442116037442084
3028722,2.6365976492033036
3028723,2.6365976492033036
3028724,2.608800996519066
3028725,2.6365976492033036
3028726,2.6365976492033036
3028727,4.890555937164363
3028728,12.582332409596107
3028729,37.332646347644584
3028730,2.6365976492033036
3028731,266.52897230833
3028732,161.05473875967948
3028733,2.6365976492033036
3028734,2.6365976492033036
3028735,180.99971828490237
3028736,77.46203504515876
3028737,2.6365976492033036
3028738,2.6365976492033036
3028739,22.553993898195195
3028740,1.59535400726775
3028741,0.0
3028742,0.10779732419727117
3028743,483.46094161538707
3028744,0.0
3028745,196.9220627470124
3028746,0.0
3028747,674.1493545463006
3028748,141.85504344610172
3028749,104.91315415086503
3028750,68.89297948405118
3028751,22.89590980653297
3028752,1870.7781274709143
3028753,8.939731172841224
3028754,0.0
3028755,0.0
3028756,0.0
3028757,0.0
3028758,0.0
3028759,0.0
3028760,0.0
3028761,1.3762735221470552
3028762,21.037387668973853
3028763,0.0
3028764,90.71466647526063
3028765,140.53602225959224
3028766,0.0
3028767,0.0
3028768,82.28558413872325
3028769,32.070700295394595
3028770,0.0
3028771,0.0
3028772,1.3295167177742298
3028773,2.8772196182040712
3028774,0.0
3028775,0.762937406491655
3028776,425.50208149065793
3028777,0.0
3028778,191.07007631625137
3028779,0.0
3028780,510.6000386902217
3028781,183.97739330024928
3028782,116.1124989284899
3028783,72.05546933289499
3028784,56.60066914066599
3028785,1348.013816523306
3028786,18.304882522053777
3028787,0.0
3028788,0.0
3028789,0.0
3028790,0.0
3028791,0.0
3028792,0.0
3028793,1.5704666122206339
3028794,11.391028749908864
3028795,24.911031262860824
3028796,0.0
3028797,132.839941663405
3028798,133.56372644307493
3028799,0.0
3028800,0.0
3028801,87.76788292764799
3028802,44.40715918903692
3028803,0.0
3028804,0.0
3028805,4.036808439737843
3028806,0.0
3028807,0.0
3028808,0.0
3028809,26.060618973876043
3028810,0.0
3028811,35.66501994865046
3028812,0.0
3028813,37.411024167178034
3028814,32.975576445360886
3028815,14.856533301067884
3028816,6.683422169671026
3028817,0.0
3028818,4.462820618607143
3028819,0.0
3028820,0.0
3028821,0.0
3028822,0.0
3028823,0.0
3028824,0.0
3028825,0.0
3028826,0.0
3028827,0.0
3028828,0.0
3028829,0.0
3028830,35.36855706532406
3028831,18.581650349344265
3028832,0.0
3028833,0.0
3028834,13.748417031287785
3028835,0.09402106298724222
3028836,0.0
3028837,0.0
3028838,0.0
3028839,1.6762086203804998
3028840,0.0
3028841,0.0
3028842,939.72304924768
3028843,0.0
3028844,192.70383899958233
3028845,0.0
3028846,727.6724769818416
3028847,101.14039693456229
3028848,121.93432707531655
3028849,63.295284391401026
3028850,20.873433377105858
3028851,1871.877145185554
3028852,6.614139135027152
3028853,0.2379659024552201
3028854,0.0
3028855,0.0
3028856,0.0
3028857,0.0
3028858,0.0
3028859,0.0
3028860,4.154359182475998
3028861,106.83503623482717
3028862,0.0
3028863,131.53298018846814
3028864,147.12558419442462
3028865,0.0
3028866,0.0
3028867,93.18460459880035
3028868,36.34700495814693
3028869,0.0
3028870,0.0
3028871,0.44851087696072645
3028872,33.9359651280659
3028873,21.515949810551135
3028874,24.986929654143573
3028875,3349.1877344775567
3028876,21.515949810551135
3028877,728.3962402927576
3028878,21.515949810551135
3028879,2003.5802658794444
3028880,1134.1080153081398
3028881,387.16478795367624
3028882,440.88054999715126
3028883,261.09709594466506
3028884,6676.4519225378435
3028885,79.26982226200907
3028886,24.20019537559268
3028887,21.515949810551135
3028888,21.515949810551135
3028889,22.48533235350204
3028890,21.515949810551135
3028891,21.515949810551135
3028892,24.15586728022839
3028893,35.701757780809686
3028894,210.56443899359198
3028895,21.515949810551135
3028896,700.6468014755038
3028897,515.9932979850528
3028898,21.515949810551135
3028899,21.515949810551135
3028900,386.87531642213855
3028901,329.78586163176806
3028902,21.515949810551135
3028903,21.515949810551135
3028904,90.68014649677546
3028905,25.134709976075143
3028906,16.952384073934812
3028907,21.276721726084677
3028908,2162.7124560162374
3028909,16.952384073934812
3028910,547.2881035320581
3028911,16.952384073934812
3028912,1672.5977204334333
3028913,743.4647916388006
3028914,375.1820910202706
3028915,280.40856262245916
3028916,201.36081575963834
3028917,5224.859589360843
3028918,70.19092150153286
3028919,17.891559049566265
3028920,16.952384073934812
3028921,16.952384073934812
3028922,17.931558594156648
3028923,16.952384073934812
3028924,16.952384073934812
3028925,22.353874118495277
3028926,24.41138309557145
3028927,120.5403468617142
3028928,16.952384073934812
3028929,768.378911870146
3028930,315.7529255791682
3028931,16.952384073934812
3028932,16.952384073934812
3028933,376.29464373035154
3028934,211.2689803866515
3028935,16.952384073934812
3028936,16.952384073934812
3028937,64.0644370910876
3028938,20.140834139301486
3028939,12.878785588583877
3028940,18.522642641827105
3028941,1423.8826141047566
3028942,12.878785588583877
3028943,357.7635909052308
3028944,12.878785588583877
3028945,1665.2578195410185
3028946,505.6123485202065
3028947,472.49053507283753
3028948,150.30666224796664
3028949,135.5366757148946
3028950,4992.070497740827
3028951,41.76554629563182
3028952,13.878207868743093
3028953,12.878785588583877
3028954,12.878785588583877
3028955,14.329184424559443
3028956,12.878785588583877
3028957,12.878785588583877
3028958,15.336785733861326
3028959,40.117742435322064
3028960,70.83765889434571
3028961,12.878785588583877
3028962,1008.9497998928723
3028963,442.68095595584083
3028964,12.878785588583877
3028965,12.878785588583877
3028966,539.3630391008454
3028967,121.98818992506563
3028968,12.878785588583877
3028969,12.878785588583877
3028970,39.814556787834384
3028971,24.228272348633354
3028972,17.364323849411274
3028973,22.310297919880707
3028974,2040.8887318009786
3028975,17.364323849411274
3028976,594.2967473947335
3028977,17.364323849411274
3028978,1761.7255060728737
3028979,767.0589201604727
3028980,385.2281325434951
3028981,240.93080636630643
3028982,201.0718022645864
3028983,5178.340832128551
3028984,47.908649631464044
3028985,18.325572368855045
3028986,17.364323849411274
3028987,17.364323849411274
3028988,17.879989858348193
3028989,17.364323849411274
3028990,17.364323849411274
3028991,21.64071785000227
3028992,25.327739574496956
3028993,99.74745026765419
3028994,17.364323849411274
3028995,731.2972676154741
3028996,381.3736432868672
3028997,17.364323849411274
3028998,17.364323849411274
3028999,501.6746500016496
3029000,211.7314970325451
3029001,17.364323849411274
3029002,17.364323849411274
3029003,65.70939106687625
3029004,16.276742699275626
3029005,9.293174245710484
3029006,12.966415269484255
3029007,1128.7391251722272
3029008,9.293174245710484
3029009,390.1602972471131
3029010,9.293174245710484
3029011,1560.0644927177266
3029012,389.35041483448794
3029013,402.3608786700317
3029014,102.65390131142674
3029015,123.0509721911905
3029016,4407.614640440793
3029017,30.391064304297753
3029018,9.75416724495032
3029019,9.293174245710484
3029020,9.293174245710484
3029021,9.225490425200839
3029022,9.293174245710484
3029023,9.293174245710484
3029024,10.526147663270756
3029025,20.291748211920197
3029026,65.86907678387446
3029027,9.293174245710484
3029028,763.44175552451
3029029,359.22533246225584
3029030,9.293174245710484
3029031,9.293174245710484
3029032,499.92862143547177
3029033,94.00148326341537
3029034,9.293174245710484
3029035,9.293174245710484
3029036,25.512007603290275
3029037,11.678842057747431
3029038,7.265163573077956
3029039,10.537471290181294
3029040,1481.341716530127
3029041,7.265163573077956
3029042,363.7281642199279
3029043,7.265163573077956
3029044,882.2679134707762
3029045,537.3571813154749
3029046,172.1241600284142
3029047,188.8981496102632
3029048,120.43954529352978
3029049,2659.0510232944916
3029050,41.835400525962484
3029051,7.9006870336485004
3029052,7.265163573077956
3029053,7.265163573077956
3029054,7.71601293429859
3029055,7.265163573077956
3029056,7.265163573077956
3029057,10.731019062680332
3029058,14.320356796605774
3029059,81.2322080953278
3029060,7.265163573077956
3029061,322.7918052685095
3029062,171.13073635530705
3029063,7.265163573077956
3029064,7.265163573077956
3029065,171.8800265296491
3029066,164.8710059328846
3029067,7.265163573077956
3029068,7.265163573077956
3029069,42.11390444920583
3029070,5.260401480864159
3029071,0.8167968283429929
3029072,4.325218376495354
3029073,637.4182331793567
3029074,0.8167968283429929
3029075,296.9035439950458
3029076,0.8167968283429929
3029077,957.4234433265348
3029078,273.31951620281757
3029079,212.43444811517764
3029080,120.31843303187259
3029081,84.32008786795562
3029082,2610.7464482887062
3029083,21.801272502469704
3029084,1.534953240898444
3029085,0.8167968283429929
3029086,0.8167968283429929
3029087,0.8195150461632812
3029088,0.8167968283429929
3029089,0.8167968283429929
3029090,2.548987037778412
3029091,27.65781586305796
3029092,51.19543623394894
3029093,0.8167968283429929
3029094,264.3651320134194
3029095,206.96238299785628
3029096,0.8167968283429929
3029097,0.8167968283429929
3029098,162.91507525520674
3029099,85.7168566057217
3029100,0.8167968283429929
3029101,0.8167968283429929
3029102,12.727932943994412
3029103,11.43338023220413
3029104,6.0987009989357555
3029105,9.169885190694053
3029106,1123.6720104600877
3029107,6.0987009989357555
3029108,375.2836593392768
3029109,6.0987009989357555
3029110,1335.1660670186388
3029111,421.8061471519683
3029112,305.10809403752984
3029113,101.03780166176614
3029114,104.49741724096859
3029115,4193.317992210676
3029116,41.14374363870387
3029117,6.75907641698857
3029118,6.0987009989357555
3029119,6.0987009989357555
3029120,6.92349255851957
3029121,6.0987009989357555
3029122,6.0987009989357555
3029123,6.703092869689591
3029124,24.282889197377102
3029125,90.21757691393981
3029126,6.0987009989357555
3029127,816.9796869736334
3029128,269.7099897566614
3029129,6.0987009989357555
3029130,6.0987009989357555
3029131,209.61977732210656
3029132,122.31420685008834
3029133,6.0987009989357555
3029134,6.0987009989357555
3029135,24.182380094459468
3029136,19.230222193935727
3029137,10.331201110015222
3029138,13.269145145877374
3029139,2070.709390806631
3029140,10.331201110015222
3029141,520.5244082701788
3029142,10.331201110015222
3029143,1154.0868681728653
3029144,709.2456233863097
3029145,207.52041999680304
3029146,256.07719770921597
3029147,144.40115388799035
3029148,3374.655155273069
3029149,39.525552028313605
3029150,11.19682924583627
3029151,10.331201110015222
3029152,10.331201110015222
3029153,10.916669662646601
3029154,10.331201110015222
3029155,10.331201110015222
3029156,14.313381741700397
3029157,16.434468079500284
3029158,100.53185111474042
3029159,10.331201110015222
3029160,522.8007962429165
3029161,200.46294982583504
3029162,10.331201110015222
3029163,10.331201110015222
3029164,305.9696515594898
3029165,156.13503195077269
3029166,10.331201110015222
3029167,10.331201110015222
3029168,64.30209383307124
3029169,0.0
3029170,0.0
3029171,0.0
3029172,26.842105264986813
3029173,0.0
3029174,38.00167623938187
3029175,0.0
3029176,35.916227824245084
3029177,33.547732322799405
3029178,13.914143331666558
3029179,6.08595115341632
3029180,0.0
3029181,0.056078312708105926
3029182,0.0
3029183,0.0
3029184,0.0
3029185,0.0
3029186,0.0
3029187,0.0
3029188,0.0
3029189,0.0
3029190,0.0
3029191,0.0
3029192,0.0
3029193,36.2247051354549
3029194,16.961788621126495
3029195,0.0
3029196,0.0
3029197,13.386006731461906
3029198,0.0
3029199,0.0
3029200,0.0
3029201,0.0
3029202,0.0
3029203,0.0
3029204,0.0
3029205,27.105142226634744
3029206,0.0
3029207,38.88184522455671
3029208,0.0
3029209,37.575213857566965
3029210,31.675530647085395
3029211,13.957368724730875
3029212,4.994224664807987
3029213,0.0
3029214,1.45897301125391
3029215,0.0
3029216,0.0
3029217,0.0
3029218,0.0
3029219,0.0
3029220,0.0
3029221,0.0
3029222,0.0
3029223,0.0
3029224,0.0
3029225,0.0
3029226,33.876018800726854
3029227,17.467187331902043
3029228,0.0
3029229,0.0
3029230,12.67293779177372
3029231,0.0
3029232,0.0
3029233,0.0
3029234,0.0
3029235,0.7950003735040285
3029236,0.0
3029237,0.0
3029238,373.3344601106552
3029239,0.0
3029240,150.90424110827217
3029241,0.0
3029242,686.4322945638967
3029243,69.78332022156837
3029244,105.36004544160095
3029245,39.83995120330586
3029246,13.551525745675539
3029247,1686.6963316920558
3029248,6.591696071547251
3029249,0.0
3029250,0.0
3029251,0.0
3029252,0.0
3029253,0.0
3029254,0.0
3029255,0.0
3029256,1.8435877180284397
3029257,25.31431896334767
3029258,0.0
3029259,74.06476714025986
3029260,121.44886569184878
3029261,0.0
3029262,0.0
3029263,40.299552436530234
3029264,47.64921424756508
3029265,0.0
3029266,0.0
3029267,0.11505366587249899
3029268,10.521449967683843
3029269,6.921102779242998
3029270,10.101945026038763
3029271,956.4452853731221
3029272,6.921102779242998
3029273,314.1157558726872
3029274,6.921102779242998
3029275,908.3617057750794
3029276,361.1778953379576
3029277,194.28452922257807
3029278,147.92303051441147
3029279,100.55707484659948
3029280,2778.83061899321
3029281,35.646819046195866
3029282,7.483756254920962
3029283,6.921102779242998
3029284,6.921102779242998
3029285,6.878348438624233
3029286,6.921102779242998
3029287,6.921102779242998
3029288,10.18172533637864
3029289,17.806079436886453
3029290,62.41888670145419
3029291,6.921102779242998
3029292,323.489326048004
3029293,194.9444106482195
3029294,6.921102779242998
3029295,6.921102779242998
3029296,271.99129893494586
3029297,92.99608830106223
3029298,6.921102779242998
3029299,6.921102779242998
3029300,32.17041043386489
3029301,8.523899286600159
3029302,4.896831149150737
3029303,6.996927022362858
3029304,1362.2785840904187
3029305,4.896831149150737
3029306,369.718770406575
3029307,4.896831149150737
3029308,856.8453780120624
3029309,590.5078421891263
3029310,152.74988869201087
3029311,215.99570482474505
3029312,111.80441935060118
3029313,2388.0947320546356
3029314,47.36892972950439
3029315,5.951442549315996
3029316,4.896831149150737
3029317,4.896831149150737
3029318,5.039445298292006
3029319,4.896831149150737
3029320,4.896831149150737
3029321,10.323991705336343
3029322,14.809833106740783
3029323,89.08211027955784
3029324,4.896831149150737
3029325,424.93123155779074
3029326,141.25996079968178
3029327,4.896831149150737
3029328,4.896831149150737
3029329,195.4317288931184
3029330,111.07283502145864
3029331,4.896831149150737
3029332,4.896831149150737
3029333,45.83262463869721
3029334,13.086733330816555
3029335,9.97028569342815
3029336,12.060647198301929
3029337,1493.1149704931474
3029338,9.97028569342815
3029339,407.44461210414386
3029340,9.97028569342815
3029341,1023.5583562626139
3029342,645.9919778675352
3029343,199.49423414481117
3029344,217.22495451485767
3029345,118.68039634135637
3029346,2925.067737967972
3029347,44.536812902281284
3029348,12.179686000983114
3029349,9.97028569342815
3029350,9.97028569342815
3029351,10.256600487368983
3029352,9.97028569342815
3029353,9.97028569342815
3029354,12.655033308024194
3029355,35.56713572122401
3029356,121.87817148704161
3029357,9.97028569342815
3029358,487.6584071242474
3029359,206.73095213924003
3029360,9.97028569342815
3029361,9.97028569342815
3029362,174.3293592025448
3029363,171.0972320458594
3029364,9.97028569342815
3029365,9.97028569342815
3029366,45.217786266010954
3029367,14.351413259088764
3029368,5.2354483227432596
3029369,7.956016826874947
3029370,856.8420216450612
3029371,5.2354483227432596
3029372,499.3294993200335
3029373,5.2354483227432596
3029374,1249.142529372688
3029375,256.4221982744107
3029376,359.4037978154724
3029377,109.54932764785802
3029378,42.44704363818688
3029379,3905.3097327649975
3029380,23.50194194557347
3029381,6.596401481634267
3029382,5.2354483227432596
3029383,5.2354483227432596
3029384,5.2325811499499
3029385,5.2354483227432596
3029386,5.2354483227432596
3029387,5.903108191705006
3029388,13.08914465835682
3029389,36.440899849096525
3029390,5.2354483227432596
3029391,363.1587211115938
3029392,287.04346576773236
3029393,5.2354483227432596
3029394,5.2354483227432596
3029395,344.13466681177806
3029396,65.22791132568032
3029397,5.2354483227432596
3029398,5.2354483227432596
3029399,27.289878283535224
